{"noiseKey":{"private":{"type":"Buffer","data":"6Gnng9Eqo+O96HQ3NDJMvVKdIgbSpEHYZErmuf1OpHc="},"public":{"type":"Buffer","data":"AOFCn9YIjJNjWXFbbDwZTvotpqDZu4/cJjj7ttE5+1Q="}},"pairingEphemeralKeyPair":{"private":{"type":"Buffer","data":"8GAffXYeljc8KMnYU9U177vm+Bhsnwpx0seUCx2yuVc="},"public":{"type":"Buffer","data":"0WjgtgbzE7G8txhj+I49NnOuSIRYFnbFKfGZnSDHEHc="}},"signedIdentityKey":{"private":{"type":"Buffer","data":"kLF+hOwpFgPKWRPsGusL1u8TUmw2cGZR/N+PSD+S31I="},"public":{"type":"Buffer","data":"ipc6hoKYD78CcdvG4DNLRC+QCMlNxc+4i+dXJmITDEA="}},"signedPreKey":{"keyPair":{"private":{"type":"Buffer","data":"+OmqdFxyMYN8WwEv6Y4+7XdLvNFfHrURm7huGdyuEls="},"public":{"type":"Buffer","data":"kzCLUlTcYWganz9ZONo4Qvpn8AgnoiysIcm79+Uh00c="}},"signature":{"type":"Buffer","data":"s4pBpmIoma9IPkZJQoC8me49JqmsjX+5Q0Nqi08qIvOGAnNGfYL62yFlmkW4zRHk8haCT8prVLGj0kWUFD1hDQ=="},"keyId":1},"registrationId":72,"advSecretKey":"vLn0WGqxDG8VCWGLy2cZbRztf89linrWWCDvCefTYqs=","processedHistoryMessages":[],"nextPreKeyId":1,"firstUnuploadedPreKeyId":1,"accountSyncCounter":0,"accountSettings":{"unarchiveChats":false},"deviceId":"cI5O1Hj_Q-SQsyYh5KGLGQ","phoneId":"a529bd45-a9e8-4d8a-9f39-dd3bcd97c14e","identityId":{"type":"Buffer","data":"gzApHV+wnpZtMGHiFR1Tm2LFfUY="},"registered":false,"backupToken":{"type":"Buffer","data":"JCz6bAge8Veq+kA4SIVOI3suiPY="},"registration":{},"pairingCode":"RYZENOFC","me":{"id":"6285348678273@s.whatsapp.net","name":"~"}}