{"noiseKey":{"private":{"type":"Buffer","data":"2GTSzuPmat+hG976h4MMGGHQy7embHDTc4wggECVIUU="},"public":{"type":"Buffer","data":"sibMgANy54+v2nziMg2CQhODjEoOETQvinwMAzRMTmM="}},"pairingEphemeralKeyPair":{"private":{"type":"Buffer","data":"AD4I38YqfjzYzOaTORC0xd/H06IFWUDfrNC2lN+dwXA="},"public":{"type":"Buffer","data":"YVlldqTs3jN/XMgc80iewYbNivHT2OC/+4o1LkvpFUI="}},"signedIdentityKey":{"private":{"type":"Buffer","data":"GD6Rb7l1nrp49jnLreTnIuZNORSaZGIQ8AWaz8dcImo="},"public":{"type":"Buffer","data":"OxAwSumGOfdyyCIVoz/bSsqbiPXVsrNOKQYuXlWimyg="}},"signedPreKey":{"keyPair":{"private":{"type":"Buffer","data":"YOCKgfMsX8VaTGc/8jUOzmyvvKqbT8hbY8wt1w1+3VI="},"public":{"type":"Buffer","data":"a/ZJRb5k/KUPCOyaVAymrCEMgEruX0TFZAqotLdy+gY="}},"signature":{"type":"Buffer","data":"4bY1yRjYTO5rKxLiBGBINOUSRvtVAmSURulK//4uh/O8a4U5fscGBe3luK+dr9ZrhdzmRkFzy1Uc1R7M+kf5jw=="},"keyId":1},"registrationId":95,"advSecretKey":"fF2DPbEdURSAmrAj6Nt2Gf/rhF61RGMuDgxOHLTvyoU=","processedHistoryMessages":[],"nextPreKeyId":1,"firstUnuploadedPreKeyId":1,"accountSyncCounter":0,"accountSettings":{"unarchiveChats":false},"deviceId":"mAQlnu0FSk2KxJqn5pzR4Q","phoneId":"e1093719-4773-425f-84ef-8553755c9cfd","identityId":{"type":"Buffer","data":"4gckhwVEwzj4ESYp5t04kYozr7o="},"registered":false,"backupToken":{"type":"Buffer","data":"TlZ5LWbpy4UasOlaajBdUTakag0="},"registration":{},"pairingCode":"RYZENOFC","me":{"id":"6285124249397@s.whatsapp.net","name":"~"}}