{"version":56,"hash":{"type":"Buffer","data":"uMnANWwdp2H67EwIuKs76BH4NO3booWysuxj1U+NxuXJeBkESFaE08eRQlaK06vO1B+UVxolceO5QZb0ugXcoYtKWCe1cxkEWCdlDfPACBg9i+T+rbUTKRlIe2AsTuwUtZwUqojFUx8KhReP47Lak34VbgbKPJmSaYbHc6dx4Yo="},"indexValueMap":{"AA/afJRtwwWJG+G9iug4iN/YFdWWhsZi2rgi7RFpt6A=":{"valueMac":{"type":"Buffer","data":"q7WnV9AujsKDG+1pJ2fCqAp4eRt5D88qEXmF/RSVV34="}},"AOxnhhvBz4ZaqU4JgrpGwq6QM5IJ121QE+ynD44T2jk=":{"valueMac":{"type":"Buffer","data":"/uLBpGX1jHGxBz6jXnTZ2BKN7iIsLk1+n8WUBrbDEl8="}},"AwZvdFc9UtrdzxTidy1OsDxYNB0qdBkJvqfPEC1p/Fk=":{"valueMac":{"type":"Buffer","data":"fN305pO/oP5bUWFU8OAowlkkx6tNplD3p5Xq6mufsiY="}},"BSNmvo4k9l/inlq0PCvqGxfNtDgXJgL4RM/Ed2z7Zss=":{"valueMac":{"type":"Buffer","data":"jWeFxuzt08q43LpJYrYwumvYW8wzET7coLcQwfR2diY="}},"CYb2GV06q7wpAd4MgWsNPYeAuk7Xfg6qYBP2hy0ijcQ=":{"valueMac":{"type":"Buffer","data":"5Gf8lb7cOpfWGkA45ToroTLrS9QipKDTYRqJSSH5iy0="}},"Cgx1aQaYSZos1kmlC5CN2GUcmg2/RL6ISUyi8kcQdOs=":{"valueMac":{"type":"Buffer","data":"qrKnJmU2kIwHOqqfGPhqA3GUKrc5REYLEprKBouvzyc="}},"Cp5OtLxYVEaG3HhBUVNnsBHZNqp4nEASbvAmohT9+FU=":{"valueMac":{"type":"Buffer","data":"/yLCE0pmlxmv57Igo7fPaNqZg7Ry2RDSimn9zUeplxU="}},"Ddfpfcpcx/4ZdTEbFct3YsvQi3IcPAb1Qdu/HwJHIsY=":{"valueMac":{"type":"Buffer","data":"c5GnpMF25JW4skZEkMDwgnpfL7tcTORdFd0EQ0CowXg="}},"Dvy8nEcU1i50vOrEdWFgzE63Sp1qDIObYMQIuDHGGVs=":{"valueMac":{"type":"Buffer","data":"WeL0/mjw0BFDBd7xcARagv3nAtQhIqGml64YSo/54so="}},"Dz98GobtdhbkqV2ccnGGTlFt9a54Z4UeEGB2e5pLWmA=":{"valueMac":{"type":"Buffer","data":"MeK/+2AOpUHWTW/k3JasZ8AIKmSuF6R9ByQJFxCvRNg="}},"Ea46g7Svq+cMl2buN/T22pBXhRLfNQtb0TC/17vnUNc=":{"valueMac":{"type":"Buffer","data":"2aExrdxNmN1TppZl3dOF7OYtYz1xRg3u0R+0evwmohU="}},"FFbEn+NUJN/8e+UiXOt5wgIU02IAaCrqPUHCXg+UHE4=":{"valueMac":{"type":"Buffer","data":"4fIbU1BrCG0pyo+sKZDOjnUYNLEO/8M76TgsLaKByBI="}},"FKLg1krJqrebKrQ5kjHkhAMWcWltaZv6Xg5H99YICJI=":{"valueMac":{"type":"Buffer","data":"AZQ19sHHIvsyQztYfkhbiJHHIlBdBYkN9WDzKpaXKuM="}},"FVPPPg0b5y6Ju8K2Rs1l81rtCiCIFOVjKvLgOmHF9hs=":{"valueMac":{"type":"Buffer","data":"ciOsjDzc9YiSox4Mq6bmR/NPT8yA1q+BW8iXL6FOCgA="}},"GOI2gtwNSVHFwgOT3HoHGAEXyxsABZAqTTxB0Qi7NJY=":{"valueMac":{"type":"Buffer","data":"xYzPKfLL58MpaIZc4FT6PMeoIfE7qe86rKra3PBCGm8="}},"HUIciLcd4TDmSOmvDH3TNDXN+mhKVHSrUJxNy0knSu8=":{"valueMac":{"type":"Buffer","data":"vQdv15zeSgRqwQObXqr+INxb4OWuASqpU+Kvbsl2dKk="}},"HYHCERta1BsN6WX4/+wkdatmNtTcDscx3NcQ4gzp+jA=":{"valueMac":{"type":"Buffer","data":"8N92YZoBKYLne4+xd+b3V2iQVWBXT2LyMXIvRC6oLGQ="}},"IO8OVh/Cf7qdwLOfIHwjqgMLzNLLXv37+eWsJm/Ogus=":{"valueMac":{"type":"Buffer","data":"CZA7090ML3ZxDHBILoG+A8Q/W+S0NPHanlYOL79a91Y="}},"IsgXhVAXgPclSBa5/xWQq/7CuMILJB37ixb6cEirqU4=":{"valueMac":{"type":"Buffer","data":"UOblsgyXCvKwo5n+YyXylFSAoQArejzqvIQvigRgk3A="}},"IxlN0KWvs6JC9Zh9mXDA6w/QmR8SyTO7Cwjl9Jn7M1g=":{"valueMac":{"type":"Buffer","data":"a27U3RFLE0yxpdCP2g4HYP5f/wQdpvhgZcU9kWCN5zU="}},"KMZ1sbZs/orfgQFg368f7L4ffbXdx3HblYN8J41ZsV0=":{"valueMac":{"type":"Buffer","data":"vQ8z+fE/Bo6xBb3gquR4y7+Zyg7uMiN0nR2MZ6MIHHo="}},"LagFnzn/kkJRMEpqzUJbEyGEDQz4x+OGqnZXfCHHAi4=":{"valueMac":{"type":"Buffer","data":"JusxZQ0x+DExngH/+JJHVM0PVVHRzvASe3VQCAnX2u8="}},"MEePA+hKbj2PqRc/tU6cZ9G6UCysU5YzO0/WbyrKnf0=":{"valueMac":{"type":"Buffer","data":"JCyijlGqeU6yyytRiEolTHhwcgk2Ugsg6OY7Zu/qea8="}},"NF59n3oSlGufUIot6zUNiKMRCy1IyY9ZlB08vFQzMsU=":{"valueMac":{"type":"Buffer","data":"nXjxXPLJNLl8G15aW9UMCMJVqvDqtcNhJkG2TIkDdaE="}},"NTaq3hIgADZwMF/pW1maPdaiyPmR/Atv4qOYQuWGH1g=":{"valueMac":{"type":"Buffer","data":"lYsO+gNOeE9R3i1o/IBMIN6aL6uO6Pc+EexbsGwuNBo="}},"NV/dOSn+bEv1/I3SQQ75x6VLW9IXgBrT+4JYGhFwGMU=":{"valueMac":{"type":"Buffer","data":"gFqFan9cFsggNdaCxHaDD0T88ZGXOprrdcKqJhKlBSE="}},"NlEJkZ0UWrUznY4bvo8R/+6BEyVSK9yPR0SUdGGn7gM=":{"valueMac":{"type":"Buffer","data":"RyN/dMTw+/k5oifpeNiMbr5efVr7uPxERp/BHmIAZC8="}},"OAAQkcBg+y93wnT3QWsin+D7SYmalc3UCAcQUC/vwhU=":{"valueMac":{"type":"Buffer","data":"RT8tKWl3retANDxyVOTE6IfXYwYkntfMDYX2bxzkGJs="}},"OU1+hRrLeNkOO2SQZXucrF7ZV8Slz33mjA1BgByrV1Q=":{"valueMac":{"type":"Buffer","data":"ygwBW8HzKRKGqQ761MLGObSkKM8hLEgJQAKBGUnFbXg="}},"QMBoyMRttY1JZ2ElR/73+bg1BNJ50FdIHAkjKKY2AMY=":{"valueMac":{"type":"Buffer","data":"oqm7lEHCFLOhG8wXAmW0naGylu2UneEDX3XwPmMMk3g="}},"QOzClYGlQ76567k6XDLovg1wB6NNvpcxLyg+RilCEbQ=":{"valueMac":{"type":"Buffer","data":"lnWNCCrbJCUsQI2v3BrbUaJgwqlsgAeH3AuSwVRaWvw="}},"RQ0SiubDz8WP0PYHkwkmDJ5BYkHzczZpyrGmxNA97Ks=":{"valueMac":{"type":"Buffer","data":"E9sLN0hhxoNewdcUYBaE1Cx7ZrA84TN5HgLELb8Aavw="}},"RdEkMuFZqyGEX5rSadiiDjxfGWBt/j7XPVuMNSnW9vo=":{"valueMac":{"type":"Buffer","data":"TaDFbj4AEJxRfTlMe1LOt1Is3Ce6E18z5ameEmocU1k="}},"RmwgRrF8R2UKoiet+9Gm0YS+3/Ir7+ECymYVEtXEDng=":{"valueMac":{"type":"Buffer","data":"P1vJ7ZYAPltgde8KK+JtKQUB8uNxWvNp0VfUHkjoBXk="}},"SU/0v56BOSmgFcSAZ2Ijtog5sgwzL2nNdk6QTIbCpcA=":{"valueMac":{"type":"Buffer","data":"7v/9xjb2EJn6U1po3YB48CeuQrZ2cRRgx9EivdnbYVc="}},"SXcR2IJ8AqihVrNe5AzbKB9VKXIFdQgiLCZ91lrW8sM=":{"valueMac":{"type":"Buffer","data":"/FvPL1VpZrgttn6J868QCyp0Gy8Y4/v0fNsrVNajreg="}},"Sg0wchBwainbyS5m8qrTTFpm+xBRteJL9aJ4kveoLtU=":{"valueMac":{"type":"Buffer","data":"lzgxRyiOqcwGVsGFaA0YATV4jOaewLGYW1YiLrnMHlg="}},"SmZ1dr3FegPCMkAuCN+PvN7TPr03ETj7VMSBv99feUA=":{"valueMac":{"type":"Buffer","data":"ky5BYgmbc6NvZx/JrBwYnNo3vEGnI9pJVPiUM0LSi6o="}},"TEBLqNNBLAgRKCXrhvi9us8jtH7QC3uSmTcZ00A9YNQ=":{"valueMac":{"type":"Buffer","data":"zi6p0vBGJ2tEcZoL1wpAMg1bsZAb2z8naFTSeu5wVYE="}},"T7h/t9o2VrdCgY5NW8kyGvi/blyUs7JrEdU7M1xGmug=":{"valueMac":{"type":"Buffer","data":"t1fqtTcf6oouObxRwqEFpKlFgsTWug6YtwwSSrFsU5w="}},"UJzUkOlo6WaiEklXYIXyxJjacc8PxStWxo0ORmokJH4=":{"valueMac":{"type":"Buffer","data":"lG5cs0xszHNYe9cQEARYWnAlmTPs+0LXZyEh7q670s4="}},"UpdlctyqZeaRzOkUEx4oHkLgNZkMmFXDVwe6BLzClIk=":{"valueMac":{"type":"Buffer","data":"r9SvhFJdhk3LFfGdiqgE5DoduGzKpZhd8dr+7O465eI="}},"VMoPrUwe6lqkR2JpCcao1iVIV7mbR32YkciIG4808pI=":{"valueMac":{"type":"Buffer","data":"mipVEH62q42vx3gHi/DGTO5881YHaRil1EkptGxgYR4="}},"Vnl6xVAYZSxcFcy1l3MEoCOB94RX532h8sHnIJmqN/Q=":{"valueMac":{"type":"Buffer","data":"QyRUmjQo3NTQNWd7Dw6LkvAdkwe9yu694oochn58LZ0="}},"WQcvv/v6z7keXzwODnwYsANqD5EnGXa+qDR5JQmGd4U=":{"valueMac":{"type":"Buffer","data":"SG3LJjfaWpHYeUILQhx+bU4LL8aoA1GdI3JyqMgmXZI="}},"WqLPk+KdvPtb996xPJACi/0Ygd4CXYb6ZxvJlCfnh8M=":{"valueMac":{"type":"Buffer","data":"1FBVLjVVfh1ftacTQQzHcwEinddNrgeqvynh0zOfqo4="}},"Xr9fvw/w08nG9+HnfdJIPQoAASIZXXHzrxZJYt3jPpg=":{"valueMac":{"type":"Buffer","data":"IaSf+3rMr4mfpwBxHlao4OWYh7M25/FnbJNjRgxvE6w="}},"XxgbvKbvRD5Vlm2CK0aIPQSnctlyxx82LAO6SGoBUT8=":{"valueMac":{"type":"Buffer","data":"iTQ1xSFik2dw57uz4GQLh9roLOd/j4rcocidORUj1W4="}},"aEGelsrBKoI9xcMDJg2a3LJvHcG7mpdFS8txK8zuxIM=":{"valueMac":{"type":"Buffer","data":"QXb1AjJc9iqC8QsPywrUlDboaWsjOXbLrOGgcKnMmZg="}},"aE0dOhAoPGnGiehJGIOxAHLqkh6chP/EnIfow0ZKTkc=":{"valueMac":{"type":"Buffer","data":"FegXacRG/9/Zkn92GHVlZ21zqFzemd9bG5W9sMqMDgo="}},"aPI4XYk1sJBTI/bm7wnpb3e446lz5CEPbYqePMPAveY=":{"valueMac":{"type":"Buffer","data":"9EEbEoUYFXp/fDhzZ+uH6ebeyrdm1UM/Xn/5nfEwLOQ="}},"ahTcYI6we53xXgBSBL4ZdnEOdpjWhWZCH+Tp89iDuCs=":{"valueMac":{"type":"Buffer","data":"bSkxQ+rGnlsf6JUWHaJv/aGDpBy6bD56YMFd5j23Lmg="}},"a5zzs499UBvLo/wGSkzf0hWtwPpBcSFC7wq1PJ74gQU=":{"valueMac":{"type":"Buffer","data":"Hs3KnM5QAIwTgHrikkN2qpxiKTMKUzrnbX6OvRozmIc="}},"bh7h/DfgXVMw76eMl/iCa6CyGcVOeY9VH8pMzhcjzUQ=":{"valueMac":{"type":"Buffer","data":"irf6g6mleC6Hap42EGB7PvtEZbKP2GmjpUdfKFcD4Dg="}},"blyxhL9VLiQVEt7R2T0pHmYXtPR5N9Gysfw0X/ImN9Q=":{"valueMac":{"type":"Buffer","data":"nC/Erc96LcSUUJzBMF3Wh5ardkwCDckd/+4dCWJDqJQ="}},"bmU3UKiyqFTzSjaI2uOlooy7O1+MuvEoE+MSE/H4iac=":{"valueMac":{"type":"Buffer","data":"xx+GpGqgr3KQ2A70oNff7nqiKEi8JskOriNv6g6i0OI="}},"cxcBygMTP7sgaUPdPFlAuNiq8T4JowBpI4rwXiM0oAQ=":{"valueMac":{"type":"Buffer","data":"NMN/zQj04zOJO1LfumpxWFF+KHg7+UN0GMrYEmxB8j8="}},"dQ6MOLNsqF4a2PBLzg5q2zCRDYLgof2H9D4mKVnX4fQ=":{"valueMac":{"type":"Buffer","data":"PB2Ta13DuRGftBrzcng/LclCgisgJfNFtWMQvRP+s4w="}},"eT9bhK5ZAEzBqm0vG58BYtoReum0RE2OTV+VBLQNEGU=":{"valueMac":{"type":"Buffer","data":"GXyE/ZjTnXIMgtV5wK3mgN5/m95XIAj0qwYHb6HSaRA="}},"ehvItzQWgp14+PCA0o12Rnvc75w6YN+/bWrtLD/Iw9E=":{"valueMac":{"type":"Buffer","data":"QdbY2omLeXbogChwnMc6XYYljvb/sK1uQ/YoeUqzN/8="}},"e7W3/OGtdDZZYmMDK2OLJ6HpmHiRmMyjiKbUAKuYONs=":{"valueMac":{"type":"Buffer","data":"eVwTprVV3duZHClVVRWR8VXLxrOGeMCSPDg2IeqMn/c="}},"e7fU50B24vEAzEmXtK3hiJbBfodTHNzYPG0VJEFVrbQ=":{"valueMac":{"type":"Buffer","data":"SG5eZbOz9PQHFE5EVY+DIAn0nMQ1C/xokFEtznPIIU8="}},"fG75gY46qcbBFI1bfCSdCwAmmESJsdk2/RTpSVi/mkw=":{"valueMac":{"type":"Buffer","data":"YOZHO45ELLKRTMKXBvoqGl1f+7uJVhUoBQRDniKRiqo="}},"fJYguflTs18K+/OdUhV82qDqaJ7bNkv+1NBSa3Fcqbk=":{"valueMac":{"type":"Buffer","data":"W+41S4tdZN0xVoTJZkfy30NB4A/RmrEZ8sMEEA4ZM/E="}},"fgiT/l8wk7Mcs4Sq99rrdixy6KL5/+yvXnVlW+Jkh6o=":{"valueMac":{"type":"Buffer","data":"Dh5BJjy9/eqpT2aH3e01T8PIsUD4k8RNHp5XP5MCxJM="}},"f8R9cbfkEtmzHVY/SM+Yu/NnROs6eTiQna5zelnoDSI=":{"valueMac":{"type":"Buffer","data":"F7NhxTeTa6hnCAjjZv91EMXdiIfsiGcBQB6gfW/5qEE="}},"f+yOEzuIFYmrcf3XNka6pDQeWD9RuyvOAGBhvinfbiQ=":{"valueMac":{"type":"Buffer","data":"QdDn5q6sOg6RWqus8BIs1/oJqEyx4hlnyOJhPBzyKEo="}},"gEFeUWzj0zW8V/FoWcFGyC0nuVuztfdkMDaI7/DH3Qs=":{"valueMac":{"type":"Buffer","data":"+z7y1b8PyIyFq9n85r664uOxWugbAg6adDr42vnlR64="}},"gOtKQo5lo7kVRQlMtw9v9QCCOKhEbXWU/gNnzmA9LfQ=":{"valueMac":{"type":"Buffer","data":"l3U2srdHLck+iMEkkbLdZPLEpXOOswXOwk6LcGtSDFk="}},"ggHQbggcFedlezcM4+2wMJ3ss7t/rBiQSdAFWNSPljE=":{"valueMac":{"type":"Buffer","data":"tzMTBilR2j3cQVj8ZePTntawdkWQ7N9X1QS5Lm7ukwg="}},"hRBVHvcN9ZUAPamS/kWBgCi9sGR8B1SS7Pvtq1kBGBY=":{"valueMac":{"type":"Buffer","data":"dGlXu6groE3ZHzGiqyUFCDZJtUPUij1Gk+nt/V++phQ="}},"hXZfWBB7C0isUKhHinTKvFvKfOGlwkiv3XZkdHvrlFs=":{"valueMac":{"type":"Buffer","data":"27snKTb5kx0m2JLfGnF39DuRLtibJw/mzhXxD+W9Jec="}},"hdZVjWuLwKlWT7X+cx3dkQS9IxG0ZGnCQ7VpAqP69TQ=":{"valueMac":{"type":"Buffer","data":"hjf9Sd2ZcTkPWrVqO25rl86OdMNwnCMTsTPkLciwiVo="}},"hgmDn+jegI6oYqIl291Wdqdc6gTZryoZ+vBAu7caQKU=":{"valueMac":{"type":"Buffer","data":"+vUVqci2p8DzhpJvKebYxP7H5VQESk1ESJ09pk3wdqg="}},"iGsCpdWN4ZMBw3qHe8525IseKJ19EBnG1SvoZruVEpw=":{"valueMac":{"type":"Buffer","data":"uRx5MnpsiDDYRAUBX/Qjcics9J/KcR0eKNxnKhk0/BE="}},"ivgE5FUWPLudklJrFWW1NGz3LCNegPwDAz8JnrPMEp0=":{"valueMac":{"type":"Buffer","data":"m5f2r9pQZ11DUDvDpWjmjZiGTzLVDvJ0RMlFwZ90AbI="}},"i0iyCCxDVowIk3LEGWnVIcmHqK5b7kzasQpRSwkmEFE=":{"valueMac":{"type":"Buffer","data":"YfPr6KEKCSzGPfTBeF/ksCnA/5qM8OA9wqwMSKkMAfA="}},"i8BIl/obIuEbz+QjOP1B+9ybUNnC2RZmDCUEh8WTE8s=":{"valueMac":{"type":"Buffer","data":"yXjS5Bl9ek2Jxt1IEGobQGOT6JcVtSP/OZfHWmIe9wI="}},"kGX0DboeCUmn/STBVNA5mQw661v0ByXErQiNvAcdvno=":{"valueMac":{"type":"Buffer","data":"/dNlqZfM//TBRUv90a7J325AqVX+zi+g/xSI75l7q/8="}},"lIinus+7eoad8GgB1VYQQxic93OKTK4F0zbRtEEC7ho=":{"valueMac":{"type":"Buffer","data":"zvOxUz0ahP6QTSOOzF7RWdc77R/T2K/R3JlguwSNQow="}},"lbHbd871lUrQ1Zqgmw7L8BFb8zCaHBDIWkdo/+oPEHU=":{"valueMac":{"type":"Buffer","data":"N/6wzN1/V83WCSvtLxFSYyOtZtBrKd+mmEDPR9hjY7E="}},"l5Q95fpyve5zdj7jNiC8leVO5V/mZtYUd0JS2DTDJ7I=":{"valueMac":{"type":"Buffer","data":"cbj7uYfWdFiuKLRuGvjay4hU9XV8CYB1RiB9b42VFsA="}},"nG0wp7EqpqObJD3WTyREQe7pb95krrFR3flzWSGnKiE=":{"valueMac":{"type":"Buffer","data":"cW2I7UTRRQbwqmCs34dj1Kyq8hIxXFLEahg2Pnrk5SE="}},"nOnoVxl53MTOHNeqwc1cWsQQGyMHwrbywX02aro3lT0=":{"valueMac":{"type":"Buffer","data":"0vuaDOg4nee2TAV6Co88cyusOoouKLsnlUzQIPZaq7A="}},"nSaiQUNjFskaJt6hpkS+iZNzkTiihF3RKkV9F77cYNg=":{"valueMac":{"type":"Buffer","data":"wt2gwwGL2X02OecaW2pNZ52sivBKQLOWycKU1KuelH8="}},"nhPGk6WeBPa0d7uDoUCp7XCxA++IYF3/ldfO2pXSvgE=":{"valueMac":{"type":"Buffer","data":"GmR9eYgpdHbFjL7sRJjPeHGvoGpvQ5kFD/SI1CG7kC8="}},"n4zFSTGsgLiOERNBXLMW6AEJsSXJ9S+xDAorr5YWnc0=":{"valueMac":{"type":"Buffer","data":"X4SM47PpBYPs3R7XEIy7gNssCt/QWZfJh1V73xJQwjA="}},"qgP7w0mRlX3KCmJQroovmG6XYjaInZ0JtfeCCP0s3XU=":{"valueMac":{"type":"Buffer","data":"Zs2WWK8wyq6jSeXv0kvU5hgqLHwDbfTgC5ehAWTBXfU="}},"r9mFM3OZBR3o43EhAsUd/wN0mp8S1eAAk0GQtK9lcZI=":{"valueMac":{"type":"Buffer","data":"5Qkmdk6C7A75hwFszgOr1qviKYWAYBeEoQoJuGvzQhU="}},"sTGCJT8lKkhrtHPLJ2Oegy81OOL7ySxIQqFA9+KodUM=":{"valueMac":{"type":"Buffer","data":"MzQ+cJxhee90N7FeCSj8Eql8817jXIzu9I46jpkSw84="}},"sj4Cszt0HxlcrhcvssSivXzhX7yox6m0fm08hz/3wsg=":{"valueMac":{"type":"Buffer","data":"42KC903bAwkGaVHPmoafpsFarWYROWXrgMjUQg4Z/JY="}},"tkN4M39bW5y2Ln3XdxN9b631aF77DrXWyiXGlOUyebg=":{"valueMac":{"type":"Buffer","data":"sDOPxF46ghOJwlLYIIACj0OMlm2PgU2OV8LVtQsFhMY="}},"ukzzx153neYHy9PkV6Enk+fjmDDfOxd5qUp354gPXfE=":{"valueMac":{"type":"Buffer","data":"RqqYJJhSYaoisfbHsEzjX2ZyHddvQG9sLE8yjtev2vM="}},"uuRQBJLeo39CXnVlXoUaU/HHl3wCR+UJbHcylERzM5E=":{"valueMac":{"type":"Buffer","data":"HLM7MYy9C9AgpkoquJzJcesZf2Zq1LVGxvsNYkQ9HQg="}},"u5kWjYLgRwYVBTgE+sGss/ermrj74B3E3Bff16+Y0fs=":{"valueMac":{"type":"Buffer","data":"/q4ad+GWzyu9aYcccUgb6ugYDnf42a7N7JQ2sXkqoP0="}},"vET6Vk+9sr0zhlq5eKeT89gKpzuAx1Rm5w/+kSKXO30=":{"valueMac":{"type":"Buffer","data":"YSlD2pI74P5FllvI92RkHKPyXhzTxNUqYvQ508mMPwk="}},"viFhP2ygslE7EBF7EVjSC/5R4nv8rUmcGBGqbFd4mlk=":{"valueMac":{"type":"Buffer","data":"2Ecp9LIbniui+XQiVUeUHpRw22V1ac/U2Rn4uuYAKl0="}},"vt+eJ4jStAnJGjQMTirQohXnlNIfgQ/E/1OPQph/a6I=":{"valueMac":{"type":"Buffer","data":"S2ZxfaBKe05aWrI5tFUjXZMLxlTDk7VNJ868EIfMU84="}},"v0/GUmZZfpsECN9VKRaqv9NsvmvRzdBxK/3289sUSjs=":{"valueMac":{"type":"Buffer","data":"VZLmYJzqsXuN7EE8E+1JKNSNmW17d8ykhqdYCGLmrwE="}},"v8AGs51gQu0lu10q2E3OBZIgSuh/Sbm+GkK9H2IgDdk=":{"valueMac":{"type":"Buffer","data":"DUgsD6eZvTVAlyB4PjticCqsxOzX131cCM0Ix4LbHi8="}},"wB1nn0Eut+MoAjSdbws90epNmGhFPBTDljcJiGFgtQE=":{"valueMac":{"type":"Buffer","data":"Rllys9vlRcTQPZIZFg3rJk1ESanTjmjsxZ7VT3fQWgE="}},"wm/QPU8EEstcTNnSzDcNj8NcwOmwT+i+3wPfnj7QGGc=":{"valueMac":{"type":"Buffer","data":"Ltph0DwwUI1CTDAAX3wlhlAU+CdN1ZmJ+iLQ9v2IE6Q="}},"xhJOdgYGYXVdUoT+WQoUtRVMc8Rh61VGZlawVswTsMQ=":{"valueMac":{"type":"Buffer","data":"mKed/BaNW8tzhqrsCQMJ1YvmPlpb9XL+1im1DrkPZLo="}},"ymaAMEgQAYsYXQTx4b6vlgnXZV0GtQngBpnTyvAMVlw=":{"valueMac":{"type":"Buffer","data":"LN5hEHTpAEdJDZMnQz+J+bwQ9BhG2k3aJQzvVCs1Aqw="}},"ypWJ646BoeDw8gXZLvuekMJ7U2RpolTGf4fyJe7lZ3E=":{"valueMac":{"type":"Buffer","data":"4FH7TvcdPhQFbt57QIm2hIVXzaGC6dAXrY8Zsrkfg0A="}},"zjE1nrPRzR3UV1vKE/6OUcbhHkWcqB3fgfyZ/nhN724=":{"valueMac":{"type":"Buffer","data":"DmTN+boRsevmoNI+LzwgLc/Xfvxq9iKctABRaKNuWKU="}},"0aYYc6zm7AdjUIgjjbcJhU4Vo69F0wUgRSIiUhKTV5Y=":{"valueMac":{"type":"Buffer","data":"+5wvDUkUUEQEKAxjy+9ksthd4f4Hp7rl/ClxtZAGITw="}},"1sIt2YV9mutyAHbM+EG8a/GjIrrgV8FBXgbC3sbbH78=":{"valueMac":{"type":"Buffer","data":"BgBsTFUOOrDE4ZkfWlERNaBjL7r0XMIa33VwutE7O9g="}},"16S6oQNT6h6PGwDVAIxRpC3y0OXhJv6tE6YRvBsYvYY=":{"valueMac":{"type":"Buffer","data":"ORpS+QUoDuLO7nqzjmB0AWl2HOhVgZv/zxXPljJE1fg="}},"2Z9aqaFeqiPzYWeYwRtpFfZjwB5xs9fgVu5d7bBzNz8=":{"valueMac":{"type":"Buffer","data":"/XXK5d0cbHlKHL6ezVhjFI6YyXHhIQQyFincgkR6C+s="}},"4PL0Us/87n4R5FwyUHCWv4DcYQ1R3yIolTw0B3G+5DE=":{"valueMac":{"type":"Buffer","data":"9y9mo48k9sk8OVSLVyP+oaV692kfQkRkmSnC/Sjqhuc="}},"4RuFf3cJidzBTXteNVp6gdBBDpDMYNgFKDYLKQP42uI=":{"valueMac":{"type":"Buffer","data":"19DHW4Q9d9ENO0uALeBv5L6zLLdxGd6xncuTpc5bAK0="}},"4e9HWgn6b0ia7vk44l79uO95uLi54zwY0aF11823Dqc=":{"valueMac":{"type":"Buffer","data":"xWeyZhVXdHLluIwhqPZTEO49F6tE6fZtN4gXKY7KOSg="}},"40p+G8cCFodBNTZgs/KI1ieSsCJpE/M8Yd2u7xAQu5Y=":{"valueMac":{"type":"Buffer","data":"X8zlR9zKLkRlg+kqPVOXNZ6A1vBM4FMPpsHadtFERos="}},"5L5wWk0Gd56bB3YZaGru5p54knMe9GjHvadRE5JDkGA=":{"valueMac":{"type":"Buffer","data":"d5FvWDPn1lLGxa7B0st7qUX2x38aGzfD3uXczFNuqtE="}},"6FJ4B9PYWWLFtbV87/+CCE/3McekOPkMunhu9vwI5go=":{"valueMac":{"type":"Buffer","data":"mArLZ6+sGyCWSLrn8T/YezQxp/0bGCad/ER29GDly2w="}},"6hlWSWGI7yfYoNfmOyRt8K9ufQYQzDYlMK5u9dKs3gc=":{"valueMac":{"type":"Buffer","data":"nhnc+8AaGOOkCF6P+QFQTT9kmcd5OkLw6hnKJMxso+s="}},"7VynCCgi9Eu1W2jXz/jdT1v0aLSpJOuFZ/up1Y0N2nA=":{"valueMac":{"type":"Buffer","data":"jX9oKRm+/X7A85hiQB6Cd6EK1UbPozFqo7qRy7EGA2A="}},"7pjjhSViqFzrYSbJmImzlpbOPJGhqbhknqkmkwzTcdg=":{"valueMac":{"type":"Buffer","data":"hjX/kLAoWjG+B1LkMHW+7YGG9xRBVjAKUoQadDQthUw="}},"734bf/g9tZVLm9K8HimbKTNgxEgq1qXXkkPj5hbjEWw=":{"valueMac":{"type":"Buffer","data":"1GwsKPxwWpC0gxzPoIa/v/8f6JIxPX/ivU4B6ZksHDM="}},"782Ke1mcOxxMqAYGWD64ijYKZjC9EyWfbQ3T8PQJZ5k=":{"valueMac":{"type":"Buffer","data":"Ue4NPliYM3cDWZIoeCaDrZh6oQn35zgRB2N92fycjvE="}},"8WJ90UYeUGBHn2wkCuN4MBa8Cp3cc65DCvvrPFmmOUg=":{"valueMac":{"type":"Buffer","data":"zturoTmCR43gsgrix63g6bCrEXll2cwwYOMWz+UG2Gk="}},"9MUh7JKd/Br+uMRNZV8sxdf96h1QxECC8FdUjHQBR0o=":{"valueMac":{"type":"Buffer","data":"tuiJdCSDMG4aMnTDcBYJsAffOqKoGt2Vn20VlGYx020="}},"+T/2c4dGcwhWs6g+5ABrC/aGAizQi1RGoRlhfiEcDxA=":{"valueMac":{"type":"Buffer","data":"zRAMYwlUlgsaplcXDSDDaRS3fH9CEE/92k9e+32Xmpg="}},"/ZkegNMcZX2TQ4Q3mmnHX5TPUyMU1EAoHNXpS121Cn0=":{"valueMac":{"type":"Buffer","data":"olw/XUqBsPg31pZRDO9TfOI0HyWbkrWXLhFF3JYP2ME="}}}}