{"version":1275,"hash":{"type":"Buffer","data":"4qJEl5x6x8Oi/du8QkCGW4w2b5F8wFvwgbwKaXT8V9umc6CUDtrIlctcFULExuAuPaR5PA/DJbQWE7vpMIwYDG5vHgwGgXAOR4Kb2cjTtoAqp4JB1nfhesIrwRLxXVOBtSljePhLVy4QfbXl7DjEG9hQooS32jrs8X2HSBVdgfI="},"indexValueMap":{"AxtqULQJd7QnGx4Iylmw27xnMoYB7xt9X8oEuOwsA3I=":{"valueMac":{"type":"Buffer","data":"7ia0plqRaXExWyEKirIhO/Yhhlx0CGlkx90Q9eFIWQQ="}},"IKL9KnNYLDX6NE/heosbfgcGuQ+9fGWfw3qKH9Ukoqo=":{"valueMac":{"type":"Buffer","data":"OBovW9YpJpObNTuvjUD/PUk4iVupR0/QUTFk1YMN2cw="}},"K1eWMzWBGpwZ7nSgHakE+R3fzjJ7rckNp5iEihYYTxA=":{"valueMac":{"type":"Buffer","data":"NeKW6kfhqXN1xdMn7A6a+RJnx/KZGS0aTeuHK/EJTt4="}},"Nzoo98df9sQXq0o2o3IJaJ6EgqBEGMiE7YnsM96VELs=":{"valueMac":{"type":"Buffer","data":"kMzG7Y1xhbGqbn+6u1Xe0IQM6R6HZMCbQBtCx2lUTMs="}},"PB2l6k9of05Uwl/fjHT7iuawajoFQ5jk3Q0wkSBvlFI=":{"valueMac":{"type":"Buffer","data":"4GxC1SHnIYCkX8aSD5VICiivk7oDDTpT1eDtYOSXLn0="}},"RadTaqYb64KX0Z7eF/Fu+5ClGnIIR/jjPNhapksrL2s=":{"valueMac":{"type":"Buffer","data":"jpa16P6apquHOJyX9ktNUzlYaOu3TZMJiyWNPTSo4yM="}},"XUka+0J8iOlLe/pyad6YOloSCM385VooxKkJtaDazVY=":{"valueMac":{"type":"Buffer","data":"96zhfr26c8Zk72+iekt6B2+ix9IAu0xIejqNOu8IEJ0="}},"bXKJtYkheXpKQVRooqjFS8fmiubfZzuXEh84otbAQcA=":{"valueMac":{"type":"Buffer","data":"OHnOSM+M4elJfE6hPMDD0eFCpUbwcnEsXDC3fYj/XVY="}},"bmIVCn7+td6HoBj6QfeyadOd0GffSgjXbpKn2Ac6sxw=":{"valueMac":{"type":"Buffer","data":"ghj2zQKuXMsoW28MO//feg1/jhbWK2tw3BP2T6lzlMg="}},"erFwfxjdCwqnpj0Rl7VmAktJPN1006jupzj6/3ysBPA=":{"valueMac":{"type":"Buffer","data":"ss7B0H78tEy2g+uIfpmOSRXBOCoFy2Rysawo011gEgQ="}},"geggjy4k8IX+OAswc3eJqQqJbBE4qViINA1dbqQsWd8=":{"valueMac":{"type":"Buffer","data":"WsOAq9rBoY3StXu83/gLeEMXb7KANyqlbOgLhtJ2+jo="}},"i1aJSQpvEZ14/nSAnzVmhw9wwjy6iA9CXCZ8CiFvqZQ=":{"valueMac":{"type":"Buffer","data":"o+ie33sFt9dVyIFiR5HevyNMZ+247EDIw7FoFhnPRCs="}},"nfShfjUSthUWzo/U0FG7mw1C0Hz+SE1AVEQk+pitX0M=":{"valueMac":{"type":"Buffer","data":"4+hCgXPZGQcjl6Uncb2u/+rjzRFhtYVTj79Rog6rMWA="}},"p4sQxjqlns8u0S5HMnuIziOgcCZyMqpb6CZcPgbH7Sc=":{"valueMac":{"type":"Buffer","data":"2aBHV+gOlAubJTFdyiREdH63eXeYdFDVvKAqwlDd5aY="}},"qh1sNzWTmL4tKKWPnQpJoBZlxYZ1AuOwjOFjAQcGYbE=":{"valueMac":{"type":"Buffer","data":"g8aJmmUkOsfMmFaYvuLIJp3s5FdnrNPqhECE7q79LVo="}},"1DhUsjFTsaK4KqukWFaf6WdRsr7TTzVzR+XbzXk36Rk=":{"valueMac":{"type":"Buffer","data":"YaL7UdzcihZ8g0wiaTQBckfSmneAMj5bn5cxMjhZQlM="}},"2mzXR3lTg745Pme1ErCqOWAvEonv056lkYrIGi7eWY8=":{"valueMac":{"type":"Buffer","data":"6IWIPYlf56rb2SMPGcsvOVktkTWkvJbrbKEp5KlFiqU="}},"6V3jBwRU+tbeNv4dpMSD9pv4jTG3KmaHC7q8p1lJB30=":{"valueMac":{"type":"Buffer","data":"sQugQozno1lOil/8JPQHc4Srm+vcDNBoD7JTWrX0noI="}},"7+/yNWcmNoloBzsRl85YGUNc7Uw8LcxCI2Vz8wIxF5g=":{"valueMac":{"type":"Buffer","data":"OQmFVlWdd5TEKYJkGj6MiEgdAVUIrfznOs1qr8LoViE="}},"28NYYHZG11a+QP3y1CPdW4r74BzXo/KbQufoWhCuOOE=":{"valueMac":{"type":"Buffer","data":"f6YJN5wxXpexppPz2Rna8VCOohVS78CjDmv7FDJFHOQ="}},"wiU7mfef1okWiqD0Bi0ZwcQV2d18QgvRm5kVDILLcA8=":{"valueMac":{"type":"Buffer","data":"j44Gdi6irYN3wH1vh6BL3i1PrnpkuGVXaZY5uyVOa8E="}},"Uzj0ZXRYphbOWkqv6sOkABzkxASs72JGsv/MwCdQ1MY=":{"valueMac":{"type":"Buffer","data":"KZDcBPPmPcd2rdGQzV5GJOkn1sqHmW3PwrICsB/mWrA="}},"nKd0JHKzxTtDyEHMNH84FP8AOqfTkTJ6rFLXvKYLxMM=":{"valueMac":{"type":"Buffer","data":"frJdh0p6JSeEzQvDnYHeAXHX6165DAtEVTvqC0sn2y4="}},"G55zYObIr4zKb2pHffZt1ANUzDK8fc6Q+ruGW6ZPxc0=":{"valueMac":{"type":"Buffer","data":"ZDhcbVuuwQu5wjruxSFzuUBMc1IbKtjKtuBqQvLHn5k="}},"BQ45TJZZzXJyPsOwzNyM4txkqkr/pk5GJZdBzKeGBA8=":{"valueMac":{"type":"Buffer","data":"0Cv4S0iZi1wSZSYLG68UVKyw2Lf4N5Y/Va2TNUysfj8="}},"ENpPyXYDFfGkpXuCOD0jk4MP9QlaL9MxOve/z4VYrZ8=":{"valueMac":{"type":"Buffer","data":"fMQbNoOGdZ4GoA0nH53hsuHv9+f4jDcilZUrqV2vC2s="}},"peqvbm+w6Y6tydaNvTIQE0iXKHCuAdhapxbairF7fIk=":{"valueMac":{"type":"Buffer","data":"q6cBHfQPPvzYRunBOGKbmqc9KBJ2jfgQlhau9ojltok="}},"REku8kKri3JKjm4kbmQ9dKZpkjzo9gVGN5I4qFejgj4=":{"valueMac":{"type":"Buffer","data":"HT2HqxPhjhPOAZQDV8zbDcJSMfsIKqjkzGvB/ur8zFw="}},"IceWi5NVOJBQpu9AYLNbm6IOT7IzpxVIkiiI3RPzXuA=":{"valueMac":{"type":"Buffer","data":"sqpK0SJD5BPbo/jac3C1DoKNPzFQIq1TXUvMgBY4cMw="}},"wIDxOrpoO/RANpmrW8pVn4sWb0Xpx1j7JnKIgZUMYEM=":{"valueMac":{"type":"Buffer","data":"+Q+2iXyaswCFDo2h9qY26dyDWB4MArd59w3XTb2BlZY="}},"iM3gGYadznPMmHf5fPEc1/00gEEuJo+zrNUvY/xMTZI=":{"valueMac":{"type":"Buffer","data":"EFliKKIWw6VxjODtwSKzp+BGJu+cpL+j6m8jLGesy0U="}},"KNeH0GsW9QOUHkZy31uNBl7stlszVdqTLya6V/UhoI0=":{"valueMac":{"type":"Buffer","data":"xxrTUYEVjOT1iKu3Vv3LAS/fW3TCDX6KJEuDN3as4Pc="}},"cPtCib5OxFUEXGS7ahe19n/PjbOTGIxcPY0o/kRbxCc=":{"valueMac":{"type":"Buffer","data":"qw9HrbHoHWanPZ/iDc6bG7Yw2t8X00Fxow7jQin0IHg="}},"oajnZv+0WUS5GQGjgxhoG+lQ6sDSrKBxRahQLFQli9k=":{"valueMac":{"type":"Buffer","data":"/SKXG6mgj/B5KdOc7j67qBPtbEGlhtXnoqAe9qvtpNs="}},"B1CK1djKnJU1//Q1VLOdEQwFL2F21eAwaj2xlqN67tc=":{"valueMac":{"type":"Buffer","data":"llLVg0Jlqyzhx1iEjFXwP3K+Ne+7bfFHcULBeagqL4s="}},"clPRIdP/SR3jqkF/nRr39CMF6+0J8qAqGdBtVJ8KGCs=":{"valueMac":{"type":"Buffer","data":"gYClkG//4wf5X3lb8rnAN+iezuPial63FtQee1Z2fyo="}},"1TEbCOQLuhDmLzrenqccY2W106LmPcumxgtENGIHpSY=":{"valueMac":{"type":"Buffer","data":"ufeJY5x15JnkFFfnbqGrDvZf8Qq1Me8MhA4PjOmedXg="}},"YcmWGYuNOzaM4hE5QTu1KD7E2qjOWtT+tTBA64JrUvk=":{"valueMac":{"type":"Buffer","data":"ybZRs2T0BVlSUBaIkgRew1zb4p/VVHPVc32SnXGBsLg="}},"HU2H4y3tYrnCH6lbE9s+gM6/xJfKOuOz5/rNeao0hx4=":{"valueMac":{"type":"Buffer","data":"Fm0ZeyhxdKgzBPtxA4KGFCiMX31W5RCFCb6NgzvwLj0="}},"tNItwwNpRUI9PHd/maRmN4TakaIBwP/BhgyWQoIk1rE=":{"valueMac":{"type":"Buffer","data":"6Z7eTSiko08Ts328qMPb8jDTOc5phxCPaxZK1U6j95M="}},"/0/kaOoft6axlLupDwJaHT3pjwXMBeOMS5Tj4qERlP4=":{"valueMac":{"type":"Buffer","data":"/janu6LQP3+jWn/Fr4CjUL4bPMCm9j9D1phuUkHoa8g="}},"kjx4J0Ql6c43hLxeKxKQqzRWw7G6oloxNLV1LrQ0AFo=":{"valueMac":{"type":"Buffer","data":"QgusO+DFG5kXBxQX5Mz65Ad4zsz2nzvjJC8HNZemdTU="}},"ZSU5GCswIBdejPFiSAdWfsH6Tyf8oszlVgSJD9VxqKk=":{"valueMac":{"type":"Buffer","data":"FXV26tF9YNYK4EPKp2M77vhCdnUmO+2uQIiGLQhZfJw="}},"9rAyABGa0zj2reWUoRhdBrhmb/jZsC6aAAiciokP4co=":{"valueMac":{"type":"Buffer","data":"fIbchx3gtKnsutjmFivZ0QreRHL84y8q6RrTRMj5GeE="}},"+jyd09BsFfQSywJtF1spQmXjIIBCnam0rF+NAVNleew=":{"valueMac":{"type":"Buffer","data":"qpkQURNcUrzszzVoLOEE1PbKryyGJZRFuFkUEBguFqw="}},"OG6lC7+9Y4972b25Rt/8P9e5CIadZ6l40nIqZHzKdMs=":{"valueMac":{"type":"Buffer","data":"EEozzbCkn3oL6Ef9MD329Z12bnrEmSV0TdSoOUr4A7Q="}},"AbOg+AEgLSjJw14wZNWJrC4n5XXyFBvkkKt3qeIsLQ0=":{"valueMac":{"type":"Buffer","data":"17OSl6Af0Jf+b4V0ftlHcXFC4zB4oo2TIR6o3Gv5TDc="}},"PiErIqFSHI6a5lhD7hEHuIlkDTk8XUNj6QRazbZb8YA=":{"valueMac":{"type":"Buffer","data":"UY2GTCeDvpwE1KHw2IusxEXRnfI/6J+ogMJaVGoN46Q="}},"vxVWxV5MNDQvhwSc4xhM9K+lTqmmaHNEUpjI8mQL+yE=":{"valueMac":{"type":"Buffer","data":"sUCkz1CLmisauGoXZbONa3RQhmg84c/NzhLVUy28Vjg="}},"/3qiBlAm8jNVyjU9lh0B0vOunDv/ycbepXhIjtL4PxI=":{"valueMac":{"type":"Buffer","data":"W77vQSrZXe6wSlpKmac5KKRQyUiYdul2VGQTjPxpd8s="}},"S9plRQz174kccrMV8yFSdaReHg9QW0pXkyIiV7WHyjQ=":{"valueMac":{"type":"Buffer","data":"tRJ/Gr2LmL4K1aLt9NATYq3jO3i9H5bTMqMF8hng7Qs="}},"9rnaILCLNkPkv9fO5DNSte1tTdM9y6ci2i0prLR1rac=":{"valueMac":{"type":"Buffer","data":"XvR6NNZ5LsTtR/PKjjNqDMjw2s+10vPya58uISP1paw="}},"Y8zdAfodNeY3pKL+ac6pEE7MGUct9QtaCD0gxQj8MLw=":{"valueMac":{"type":"Buffer","data":"hi4WVNw4HbxNoG9sZq1W/PyFH3em2D9+OOfftcWfSgw="}},"TE18959x1qLjvo+i9cnNGMd7dQnVdUgSNrOW8/k8UR4=":{"valueMac":{"type":"Buffer","data":"Gm7Lfppgt9hSw0v2eX1NlQpvRuBtuqW6IIiLG7DCP/k="}},"NZFIgLVV4WMRzAj/SQsDOzQ/90+5z88mqFl5AxSOd2Q=":{"valueMac":{"type":"Buffer","data":"6ZN6BEVNzNs+3w2wePW+RwmvdKgS7zw2vbw7i2K4gAQ="}},"NZMp/YMu4ARq4DDt8AEa0aCdUr4ssm6tnQSgUvh4v1Y=":{"valueMac":{"type":"Buffer","data":"0C33rMsJHZbpJ6mu7g6b0sHN+qr6ejTqCfh1k+N+keU="}},"SEVm4qkuOHkgBvP7sSlrr+k2YLLLuapW5yMRvwabJsg=":{"valueMac":{"type":"Buffer","data":"H3rDcohwkZec57OLhX920vwMJ4v3JTR20V95H53huBE="}},"mITRpj7kEpdb2WhTkM5VmMqUSfed6hnRmTnwD6F9t/8=":{"valueMac":{"type":"Buffer","data":"HNJ3mCGY7VljWjuqXWeoPR9Oee2kCoqOMcFl+hNUGHA="}},"GTXAbRg+MVfAZgntz6jjmpkjZuIL4bgyxa1dYrs82eI=":{"valueMac":{"type":"Buffer","data":"iSVNf+3q60RwymI2fr2iHI8nN3vTBRiFQBSOas2Daag="}},"h0xonS5bXwpUtORL2Anchbg8YPEywuiWfBmMqwq6LtY=":{"valueMac":{"type":"Buffer","data":"SqYrfPIkKfwTJwFPbX0yI50QLqgGvlR+ljkWst24pRU="}},"L6p+Kh+4UrMDrUCWTwgQofG1rJbx61DIiaK0Nj4yp8A=":{"valueMac":{"type":"Buffer","data":"xT8BXZS/lEQ2delvBYmihIoMLKvD3NjU/cxOOKfPB6Q="}},"C0rObDIUuwJUsz/PQJY6CZHbFbE0HJLo94uprwOqdBQ=":{"valueMac":{"type":"Buffer","data":"HtyNXD7B2vIBmZuCDHOOwty1o+j6ZS0/6sHRC3BJ0NE="}},"dKjESqe0utQcTiH1AdekQklhHZq1HkPAoyOvoNwfhl0=":{"valueMac":{"type":"Buffer","data":"g6TIhCMq40NdG/MJmPD8ssQGrAEJr7iYd5Qq04m5A3c="}},"66WIMIAiM6nhxSTZzC+pP75dmpasBZJVvK2zwdRd1VU=":{"valueMac":{"type":"Buffer","data":"8a2waFmGq/ncv4sTgnLI7XATP+4Cg7IwF7CMXQy7R4I="}},"3U6jS/1NfUNimLzjH2ybunVoz8QArYi9IRITN9bb8SI=":{"valueMac":{"type":"Buffer","data":"zQ482EYGJF/reZJB1B0nGx7n7X4qZ5Rhw+4Asor6PeU="}},"8mbqgmNu1/qn0RzaZbiE8Ms7DcYERn9jomyittHE3WU=":{"valueMac":{"type":"Buffer","data":"WgDmsmS5SGMLLphYIJN+t/xK8FUWtGbghj1tu97LV1c="}},"1gPqmdByIQ3Q7ldKj56PqFoX1SrCENp7C4BvZcMhX6o=":{"valueMac":{"type":"Buffer","data":"juJANYNPht4Ks9vhW70+9fJI7XByeARm2O5AWO++zus="}},"MemjeRfoEWp2HL/E1GO+vktBFbB3KqzsCkL4nCDlVlk=":{"valueMac":{"type":"Buffer","data":"L5B6t7iVduCIcrgFd+PCwV3DuwlFHv7ZTkOScG1qjAI="}},"TokvX5maceaV8G48nSE3zeZkTrOXwgGJAnYmMoujWTs=":{"valueMac":{"type":"Buffer","data":"b5N2Lnr1b/ga/BlbSGMdXqfxO5mHH2c+K7AtyFxzWBU="}},"TigQ40a20E/LK8QJiMbauoLHD510YupzSlzW8MuhwEg=":{"valueMac":{"type":"Buffer","data":"va38JfB+Auw3Mx3wt0M+jeldjuXQQjKcFZFlu2OaXA0="}},"ZRB5Qui0ZhpFzN3j0mgsC57cEcrowwCUZOcbOsJNC50=":{"valueMac":{"type":"Buffer","data":"PUnmx0gHjR9Paeio0oflgLUiyK6ON+eKI6Yau8K8ouE="}}}}