{"noiseKey":{"private":{"type":"Buffer","data":"mA2xywczR6TTf7ioQhw2HHpJkd3pJBl0cFIBthkQ9U4="},"public":{"type":"Buffer","data":"aWTatCmT1uunVKzqeBpxEMtzrcrXFDQsqi/TBtzbHkI="}},"pairingEphemeralKeyPair":{"private":{"type":"Buffer","data":"sMC3e7QH+FnudlY2wNNasXWvVh83A1doCsl4A62wf2M="},"public":{"type":"Buffer","data":"M2Z1BeEP1Xhh7jNwD4d9ukPFYoCB6hBfiDcWOIHZ9AQ="}},"signedIdentityKey":{"private":{"type":"Buffer","data":"sGw/NzeFn2BIWc3+YLKeGgQ++rStVXYmwQkJgpzR218="},"public":{"type":"Buffer","data":"16H0jaWqfud5WcxF4aCL7Wjr5mOfjKSYb7cSNtkQowY="}},"signedPreKey":{"keyPair":{"private":{"type":"Buffer","data":"sEk20bxcuc3A5XuiIbHML9JDiQBro/AIQ14G5hnOw0s="},"public":{"type":"Buffer","data":"k9YT8ccSNWVI/trL4jLRKvWJZKiMdpU17kktcLUdJnw="}},"signature":{"type":"Buffer","data":"8rcPYHJ9RqAnSUv33cGqoMm/hhr0u+OgO167Y6VJIu7fzV93bQH9FzRbsVptAldNxTma4KhwS9sKo7meicqQBQ=="},"keyId":1},"registrationId":4,"advSecretKey":"5jYimfwO+Tw/jhyzoVJxf6UMMVXqdBsd92a9KwfqUh4=","processedHistoryMessages":[{"key":{"remoteJid":"6285168799825@s.whatsapp.net","fromMe":true,"id":"893D3E6CEAFCDD67C225F0E2191AD672"},"messageTimestamp":1749274638},{"key":{"remoteJid":"6285168799825@s.whatsapp.net","fromMe":true,"id":"6B5273E0BABFA4E961B8BECE544D3AEA"},"messageTimestamp":1749274638},{"key":{"remoteJid":"6285168799825@s.whatsapp.net","fromMe":true,"id":"27FBA045719411C9FD3D94312C9C83F6"},"messageTimestamp":1749274650},{"key":{"remoteJid":"6285168799825@s.whatsapp.net","fromMe":true,"id":"EFCC1A25EA32956EB92CC756B8CD913F"},"messageTimestamp":1749274651}],"nextPreKeyId":31,"firstUnuploadedPreKeyId":31,"accountSyncCounter":1,"accountSettings":{"unarchiveChats":false},"deviceId":"VZ0nXbc8Sz-kI745vIgZRQ","phoneId":"8cf94fbd-6d05-4051-bfac-f1726119ac74","identityId":{"type":"Buffer","data":"066Xp8+lft0f0Na1N4Ys9f22eXY="},"registered":true,"backupToken":{"type":"Buffer","data":"yAb3I19JtTteEe0fs7oZRnJaW3c="},"registration":{},"pairingCode":"GX9MAZW3","me":{"id":"6285168799825:34@s.whatsapp.net","lid":"63664870662368:34@lid","name":"DONTOL-BOT"},"account":{"details":"CI7OpvQGEIegj8IGGAMgACgA","accountSignatureKey":"t/AbOE8uGE77OYslVO6aEQIQ0rwBtppEtYxuKBapqCk=","accountSignature":"msnSpajoJ7221WoWi+Dew0L2tkREMb6i8Ov2ZGXxBpTKQ6UoWRr/2Jbl5CpOxJ1m7HO1WWlBNXnYf3yDCHHSDg==","deviceSignature":"I7lyf8ca/Xjugo13cbneXQAeup/Vxd27LK9IGmGvjowLvLoZfk8FCLi+iwgjtaEPrDHDSAljijSFOD3jSo1fBA=="},"signalIdentities":[{"identifier":{"name":"6285168799825:34@s.whatsapp.net","deviceId":0},"identifierKey":{"type":"Buffer","data":"BbfwGzhPLhhO+zmLJVTumhECENK8AbaaRLWMbigWqagp"}}],"platform":"android","routingInfo":{"type":"Buffer","data":"CA0IEg=="},"lastAccountSyncTimestamp":1749274633,"myAppStateKeyId":"AAAAAPUN"}