[{"senderKeyId":280802643,"senderChainKey":{"iteration":2,"seed":"MUjHhCpnHPIrhIiqJcY/DnerVvzjzLpifqSRQXxuCUw="},"senderSigningKey":{"public":"BSgY8hJrUrjN5mDwTlOGHoiR5nse94OVvgYud5lRJxF9"},"senderMessageKeys":[]},{"senderKeyId":280802643,"senderChainKey":{"iteration":1,"seed":"aks+DXsX6CwJjjPLPqaCvd9nuS8rKMvwR/TmDkpi3zk="},"senderSigningKey":{"public":"BSgY8hJrUrjN5mDwTlOGHoiR5nse94OVvgYud5lRJxF9"},"senderMessageKeys":[]},{"senderKeyId":1488698406,"senderChainKey":{"iteration":1,"seed":"6FC0YhWhkBQHkExc5eHveGWNeVAQdESa4EWTEi4gtb4="},"senderSigningKey":{"public":"BY6uOW0P/p0+/Ve9BMqfPXRu/aRF8qNaJwzriVbrV5ox"}}]