[{"senderKeyId":1283591364,"senderChainKey":{"iteration":4,"seed":"//mjsJXs0X4h3yRnlqhRoRFTMJJB7dOXieJrX2bXSr8="},"senderSigningKey":{"public":"BaF51bewFQ9q5vSBB3EtbGap5onwBZF7jFWLukI1HeRg"},"senderMessageKeys":[]},{"senderKeyId":1283591364,"senderChainKey":{"iteration":2,"seed":"V+ULhvEfFmq2DanWZzp+ekjoxe1OC41/RvyiW8c2Q5Q="},"senderSigningKey":{"public":"BaF51bewFQ9q5vSBB3EtbGap5onwBZF7jFWLukI1HeRg"},"senderMessageKeys":[]},{"senderKeyId":1283591364,"senderChainKey":{"iteration":3,"seed":"7arIPkrVB4fj+kPrHJB0nzWANfaNEs9B0SerAxgNJ+g="},"senderSigningKey":{"public":"BaF51bewFQ9q5vSBB3EtbGap5onwBZF7jFWLukI1HeRg"},"senderMessageKeys":[]},{"senderKeyId":131612727,"senderChainKey":{"iteration":1,"seed":"6QE4VhH1UHx4wAk4QwVCovXFhYVLw2VBFniRYREYxrk="},"senderSigningKey":{"public":"BXDxQhVgs09sEqptNCkR9pITfI4mrO/h5BbNRstWR0oK"}}]