[{"senderKeyId":1621224818,"senderChainKey":{"iteration":2,"seed":"fncpq8v5fX0mG3bp2Ug6sYSIQrjXDXqqo5FFCDxXf/g="},"senderSigningKey":{"public":"BdC555tWh9BiKj9e3vda90hFxzj22DNfbTaOSeaA1pB+"},"senderMessageKeys":[]},{"senderKeyId":1830775783,"senderChainKey":{"iteration":8,"seed":"NwxiURmJadQpTKpm+OWj16Glcd/o90A7rHIFAEEX5fk="},"senderSigningKey":{"public":"BVFVdhmpGXLU/VaUs5IrPWr1SMuku10q+qgrqNkatXZO"},"senderMessageKeys":[]},{"senderKeyId":1830775783,"senderChainKey":{"iteration":1,"seed":"ZJK7/ngZXbeF0TE7UJgZOvE4SjJRIJusSHE4HYEPCO4="},"senderSigningKey":{"public":"BVFVdhmpGXLU/VaUs5IrPWr1SMuku10q+qgrqNkatXZO"},"senderMessageKeys":[]},{"senderKeyId":1830775783,"senderChainKey":{"iteration":3,"seed":"FguW00M94y///JCBk1Sx7oIIHbl8lOj98XhX7JZrqGM="},"senderSigningKey":{"public":"BVFVdhmpGXLU/VaUs5IrPWr1SMuku10q+qgrqNkatXZO"},"senderMessageKeys":[]},{"senderKeyId":1830775783,"senderChainKey":{"iteration":6,"seed":"BHv7V6wH/XDhhtky2ZsSuiZbNBjZTikYNIsVb3praAE="},"senderSigningKey":{"public":"BVFVdhmpGXLU/VaUs5IrPWr1SMuku10q+qgrqNkatXZO"},"senderMessageKeys":[]}]