[{"senderKeyId":1067846363,"senderChainKey":{"iteration":15,"seed":"Pas4qm0+Gq+UCJiUHbyPzqcP8E8JwPHu2opggr5akZQ="},"senderSigningKey":{"public":"BexMpwRCc+kpmKeNdJkot75mAOU33xOkuALCVFyRVNM0"},"senderMessageKeys":[]},{"senderKeyId":1067846363,"senderChainKey":{"iteration":11,"seed":"KCgLhXI5uLmT/evfZpHHDl0iD1kgrLJezUO6hojBrRc="},"senderSigningKey":{"public":"BexMpwRCc+kpmKeNdJkot75mAOU33xOkuALCVFyRVNM0"},"senderMessageKeys":[]},{"senderKeyId":1067846363,"senderChainKey":{"iteration":13,"seed":"AQHKkCbzxhdpDtfpI1mDbvLuo7nzWWjwiQRN6tKNA98="},"senderSigningKey":{"public":"BexMpwRCc+kpmKeNdJkot75mAOU33xOkuALCVFyRVNM0"},"senderMessageKeys":[]},{"senderKeyId":509543631,"senderChainKey":{"iteration":3,"seed":"mHEA3Rq7MJQ05mWGxbbbQ6MiTlaIDbp9FHI5zBkPP1E="},"senderSigningKey":{"public":"Bck2mG2qRaya48ERIYMrUdgTY4nz9srB1d7fjtiN1jEf"},"senderMessageKeys":[]},{"senderKeyId":167117461,"senderChainKey":{"iteration":2,"seed":"/HI+vcBhzYFjUN6CASPaj6bGUSTwwoNI4V6np89LU8E="},"senderSigningKey":{"public":"Bc16Ldnyl/FKmCFIPJnBDWSmaSYEU2hNrT0fqguSsh8X"}}]