[{"senderKeyId":1446882905,"senderChainKey":{"iteration":7,"seed":"rHkkd6WhO5LIhuqSdrgOLuUqp7hPs2I9jE8MlrNcEQA="},"senderSigningKey":{"public":"BepPR4id+bkPyexDYOMZyC+TlPsrkhp1TFVf/XYiL2x9"},"senderMessageKeys":[]},{"senderKeyId":1446882905,"senderChainKey":{"iteration":4,"seed":"5AHUt7wnDE6au9Z0thwwj8hlMBrz+j9fVRs0AEkQga8="},"senderSigningKey":{"public":"BepPR4id+bkPyexDYOMZyC+TlPsrkhp1TFVf/XYiL2x9"},"senderMessageKeys":[]},{"senderKeyId":1771126400,"senderChainKey":{"iteration":2,"seed":"znt3buAj7ZA34CMAQJe9u77UU5P6xdOUAi+fPI8u7EI="},"senderSigningKey":{"public":"Ba70tmdHmJCkr/sgXf5uire5Eb+oiKp06h2IVrN3iohb"},"senderMessageKeys":[]},{"senderKeyId":1771126400,"senderChainKey":{"iteration":1,"seed":"XSZbxnov6yx/qdqZHxfk1XhdCJYDB/OuMaDvVj3VyWU="},"senderSigningKey":{"public":"Ba70tmdHmJCkr/sgXf5uire5Eb+oiKp06h2IVrN3iohb"}}]