[{"senderKeyId":764998923,"senderChainKey":{"iteration":3,"seed":"+J8qsEwPtDUHt1BcOenCv0wM1f5AYLf29NugpQTCVPM="},"senderSigningKey":{"public":"BVx7qDiuc+YVQB/ux/xfpEdsG9FKzSdvfzyWx2dzfn9j"},"senderMessageKeys":[{}]},{"senderKeyId":1655542042,"senderChainKey":{"iteration":1,"seed":"nfw4M0lomCH3p9Lr/WmG/MXlXxD8vU6fEoUH8rt/T2k="},"senderSigningKey":{"public":"BRjcEhu12oUjsWejuw6XFAx2W0XwyBRREKr/RPAVxOs9"},"senderMessageKeys":[]},{"senderKeyId":764998923,"senderChainKey":{"iteration":1,"seed":"g8rgfbf5vbBdaF9zTS6XseTqnbO2hZ+S/QGRsAc90ok="},"senderSigningKey":{"public":"BVx7qDiuc+YVQB/ux/xfpEdsG9FKzSdvfzyWx2dzfn9j"}}]