{"_sessions":{"Bavl4HL0Z2xQlgoVuSO4adsdhpFKVZYADCk8U5vDfu1L":{"registrationId":1542414828,"currentRatchet":{"ephemeralKeyPair":{"pubKey":"BfR7Q1iHr36hroUk5S8r7zU7z0VDVt5jvYt6SEI3O/Uy","privKey":"YF/mGu/xHdexNpjyDjyA9astLE54LZPX4E4gMsa5CXc="},"lastRemoteEphemeralKey":"Bd1w/UhdJc67yeNwVc5JHL+/B7q/SS8EskapwaQpDjQi","previousCounter":56,"rootKey":"GZPlf6SUG5A0+zALZjzjdlCmCnoOzXn1VP8t+bLqQrE="},"indexInfo":{"baseKey":"Bavl4HL0Z2xQlgoVuSO4adsdhpFKVZYADCk8U5vDfu1L","baseKeyType":1,"closed":-1,"used":1749380802285,"created":1749274780899,"remoteIdentityKey":"BSStocfQWEYPNDRo5c9cXAW5jJeg99Jho1cVwAugLfpS"},"_chains":{"BU88OAMvea2KnJZd5VMayIgPvKzdR/3awaxqLbQWvkIf":{"chainKey":{"counter":0},"chainType":2,"messageKeys":{}},"Bd1w/UhdJc67yeNwVc5JHL+/B7q/SS8EskapwaQpDjQi":{"chainKey":{"counter":2,"key":"1tbHGuJZwUEtTAZuAz1x5P1ireGVc0c5jyaB6Q29aXQ="},"chainType":2,"messageKeys":{}},"BfR7Q1iHr36hroUk5S8r7zU7z0VDVt5jvYt6SEI3O/Uy":{"chainKey":{"counter":16,"key":"K8sCFvasEQj8a9PhQwVs+aO5qTHTQgeGbQu4f6SKurM="},"chainType":1,"messageKeys":{}}}}},"version":"v1"}