{"_sessions":{"BSeH7YIBVrHtMjXs0SAySJjsvu2ApS2E3pgOf5paZSw7":{"registrationId":769153722,"currentRatchet":{"ephemeralKeyPair":{"pubKey":"BeGd+94QpqESPKzin8SG8EJ08uDjoBrdYIqSB7O6owoQ","privKey":"+I6ElLDop99lrzx5n1gAFYrtP3QyDlD5iPox0nCQKEE="},"lastRemoteEphemeralKey":"BYnJnEGY5OOyBUzhrGDBMYFXoV8N6GPtUGj/O0jPvzpI","previousCounter":0,"rootKey":"LRVaxaIiNf26gCA5lM6w0tAE1+g45Q4kVJCxOIvkoWo="},"indexInfo":{"baseKey":"BSeH7YIBVrHtMjXs0SAySJjsvu2ApS2E3pgOf5paZSw7","baseKeyType":1,"closed":-1,"used":1749274781291,"created":1749274781291,"remoteIdentityKey":"BQf59gfn2eaJmApmqERRVW9oPb8jvgS104ETJHsACt8b"},"_chains":{"BeGd+94QpqESPKzin8SG8EJ08uDjoBrdYIqSB7O6owoQ":{"chainKey":{"counter":93,"key":"tQ3dRdaOemn7sK02nsdX7MT53RwC9XF9kIULJZFOYKs="},"chainType":1,"messageKeys":{}}},"pendingPreKey":{"signedKeyId":0,"baseKey":"BSeH7YIBVrHtMjXs0SAySJjsvu2ApS2E3pgOf5paZSw7"}}},"version":"v1"}