{"_sessions":{"BVcdZ/5RzdyY09bvFkXSAS5ev9MdLxLNBWd3SmESCfp+":{"registrationId":782170369,"currentRatchet":{"ephemeralKeyPair":{"pubKey":"Ba/F1f2vnNc3I3D+EHRvLVYJyy/ld/t8IuEm7Acs85ks","privKey":"mAKxMpkjcuePRKVO8W5gf7Bnu8WoOqBP+nIyIpPjq38="},"lastRemoteEphemeralKey":"BTgo+YKUAGs84YYgLTwNISkiVf309KvewcZpqlqMjiwg","previousCounter":0,"rootKey":"obyEFUX22tjaYFd78PwxMpfpcLGT59kHCU7RVvD8pKQ="},"indexInfo":{"baseKey":"BVcdZ/5RzdyY09bvFkXSAS5ev9MdLxLNBWd3SmESCfp+","baseKeyType":1,"closed":-1,"used":1749274781162,"created":1749274781162,"remoteIdentityKey":"BZUx7RT+7jineXrlhX8dnKSi3tNOF7znknGepN48lSA2"},"_chains":{"Ba/F1f2vnNc3I3D+EHRvLVYJyy/ld/t8IuEm7Acs85ks":{"chainKey":{"counter":93,"key":"gD3WrhBk2QRMfyRA2OqP/9DzpwE3CHDdwcPYbrcsTgc="},"chainType":1,"messageKeys":{}}},"pendingPreKey":{"signedKeyId":0,"baseKey":"BVcdZ/5RzdyY09bvFkXSAS5ev9MdLxLNBWd3SmESCfp+"}}},"version":"v1"}