{"_sessions":{"Bf4aFPlOI6H4IziIRD5CVU0O65KUIxfDMtafwiqcROk8":{"registrationId":131,"currentRatchet":{"ephemeralKeyPair":{"pubKey":"BRnll5et/PkTaFy5IrOSD53aEddH/w8ZljKFyu3f1SFx","privKey":"MBCQ/UVLE4DuYa4B3iwpRlbXftrS+1AyKJRS77yLoHU="},"lastRemoteEphemeralKey":"BeKUJrVF2B3NQrzkORL/JO3Mj74lS6Pf50xLbImUFqhV","previousCounter":0,"rootKey":"FhAkj9gJQnL4s9dI4Rn+dRlVybwGQetGR5AZ8PX1AbQ="},"indexInfo":{"baseKey":"Bf4aFPlOI6H4IziIRD5CVU0O65KUIxfDMtafwiqcROk8","baseKeyType":1,"closed":-1,"used":1749274780767,"created":1749274780767,"remoteIdentityKey":"BbUlrFog1CxPxZvnLt/90p5YKrSUYkO636GhVk6Kio8o"},"_chains":{"BRnll5et/PkTaFy5IrOSD53aEddH/w8ZljKFyu3f1SFx":{"chainKey":{"counter":9,"key":"XU2/CXPAmmzF/Foc3qccFcf5bDKNhRhjMvFWie1sUs4="},"chainType":1,"messageKeys":{}}},"pendingPreKey":{"signedKeyId":1,"baseKey":"Bf4aFPlOI6H4IziIRD5CVU0O65KUIxfDMtafwiqcROk8"}}},"version":"v1"}