{"_sessions":{"BVbT2EZLIWC9zjtigxWcsbKV9xBQqU9aMY214GdFUMEy":{"registrationId":464406676,"currentRatchet":{"ephemeralKeyPair":{"pubKey":"BenodwjVLEjdH4XlAD4c/JbrwTNp7a4Gf73Al3cVxOEn","privKey":"ABykfcVGQ6uzQFNqNDQUdZvj2pNNjFcgqlogmLPsWmA="},"lastRemoteEphemeralKey":"BQV+kF3cpmeFbX12aMfhKproJ8tHpKUdtnU13rxXHMRM","previousCounter":0,"rootKey":"FYht7PwSCWRJgdfc7NcWupcA50iB6F6how2wD4UDFVY="},"indexInfo":{"baseKey":"BVbT2EZLIWC9zjtigxWcsbKV9xBQqU9aMY214GdFUMEy","baseKeyType":1,"closed":-1,"used":1749274780861,"created":1749274780861,"remoteIdentityKey":"BVUT7GrXqCWQ+U9aQ1ePkYzz0xuHlO0qyg6Ypzegfsw5"},"_chains":{"BenodwjVLEjdH4XlAD4c/JbrwTNp7a4Gf73Al3cVxOEn":{"chainKey":{"counter":93,"key":"nauPsiFE7sHofDg+jRihnvYizRYuNZDOcfoDAnjlP2I="},"chainType":1,"messageKeys":{}}},"pendingPreKey":{"signedKeyId":0,"baseKey":"BVbT2EZLIWC9zjtigxWcsbKV9xBQqU9aMY214GdFUMEy","preKeyId":4079482}}},"version":"v1"}