{"_sessions":{"BeNBd+uwhW/0U0wgbRRAefWlcuO+4N7RowNFMkVOgeYn":{"registrationId":112618636,"currentRatchet":{"ephemeralKeyPair":{"pubKey":"BSCCpnI6HFvVQ9iXrCFr8/coqMAb6hbTY7mfvUHzLSQj","privKey":"WOriLtdUYScpNdzV33EuV7mIeLCk+/9E2SnHt+uTwWQ="},"lastRemoteEphemeralKey":"Bex0cdBdMDShcAUrk75xhMbqu3JXovpkJEoorVErfjV+","previousCounter":0,"rootKey":"kivNqRdd9MdoSrKs2Vnstsf+ywwBnCyMU/EGw2cyZLE="},"indexInfo":{"baseKey":"BeNBd+uwhW/0U0wgbRRAefWlcuO+4N7RowNFMkVOgeYn","baseKeyType":1,"closed":1749280361892,"used":1749274781158,"created":1749274781158,"remoteIdentityKey":"BXk8kq3bLSAtByDtCHdiOr3qxaa5q/H6dChUGanu6F8N"},"_chains":{"BSCCpnI6HFvVQ9iXrCFr8/coqMAb6hbTY7mfvUHzLSQj":{"chainKey":{"counter":2,"key":"98Jf7cnWYDem7rS5RP5f5ruJXU0zulQUjVuCTks85KA="},"chainType":1,"messageKeys":{}}},"pendingPreKey":{"signedKeyId":3,"baseKey":"BeNBd+uwhW/0U0wgbRRAefWlcuO+4N7RowNFMkVOgeYn","preKeyId":15398086}},"BSN/YlQknpbVbUUsCqncmTSSUx7r4624VZOyfFWUCP4Z":{"registrationId":112618636,"currentRatchet":{"ephemeralKeyPair":{"pubKey":"BR7p0WhhjklKRTmh+6ThcO5z1GQmLgF08sSQJZdUuKVT","privKey":"QFYiwRg9H3EME0kriZ0X5Bb7fuvRcA5UNWXzb5798kU="},"lastRemoteEphemeralKey":"Bex0cdBdMDShcAUrk75xhMbqu3JXovpkJEoorVErfjV+","previousCounter":0,"rootKey":"M/casWysGL34g5rv1rPo5DPbPJn8Jy5jV8dmifE8MVA="},"indexInfo":{"baseKey":"BSN/YlQknpbVbUUsCqncmTSSUx7r4624VZOyfFWUCP4Z","baseKeyType":1,"closed":1749296185734,"used":1749280361888,"created":1749280361888,"remoteIdentityKey":"BXk8kq3bLSAtByDtCHdiOr3qxaa5q/H6dChUGanu6F8N"},"_chains":{"BR7p0WhhjklKRTmh+6ThcO5z1GQmLgF08sSQJZdUuKVT":{"chainKey":{"counter":8,"key":"R0bJgh7fgGbxOAhQ+rWWYe2RuvlCtMaouHM/ca9J4eM="},"chainType":1,"messageKeys":{}}},"pendingPreKey":{"signedKeyId":3,"baseKey":"BSN/YlQknpbVbUUsCqncmTSSUx7r4624VZOyfFWUCP4Z","preKeyId":15397775}},"BbPSR7qBVb4wmG3cMkVbYcpD1cdiny8fKIubgn1GUb0e":{"registrationId":112618636,"currentRatchet":{"ephemeralKeyPair":{"pubKey":"BduAnUAoHkwyb4BEA/+6wbRGg3B8k5A2dNn96niH0lRc","privKey":"IJr72Nmz+td55D8+g363nCL8d/YBoDziA0bTlWxEj1k="},"lastRemoteEphemeralKey":"Bd7hKFWryr0zIt9avNXS/kqwNjwEtpWi7CAmZM0N/9hV","previousCounter":20,"rootKey":"8QMXthEnKlFCjLGkqV849slA09B+xkViC+Ctm6+K/80="},"indexInfo":{"baseKey":"BbPSR7qBVb4wmG3cMkVbYcpD1cdiny8fKIubgn1GUb0e","baseKeyType":1,"closed":-1,"used":1749349697480,"created":1749296185731,"remoteIdentityKey":"BXk8kq3bLSAtByDtCHdiOr3qxaa5q/H6dChUGanu6F8N"},"_chains":{"Bd7hKFWryr0zIt9avNXS/kqwNjwEtpWi7CAmZM0N/9hV":{"chainKey":{"counter":0,"key":"5dRUKEVnl4vTyQi7dbArT0NxKxzfMT83YAg1UbwFVjs="},"chainType":2,"messageKeys":{}},"BduAnUAoHkwyb4BEA/+6wbRGg3B8k5A2dNn96niH0lRc":{"chainKey":{"counter":60,"key":"q03VZTAd92/xssHKgrRevEOGjMppl41Eg8RL8jLIM+Q="},"chainType":1,"messageKeys":{}}}}},"version":"v1"}