{"_sessions":{"BSr/0ozL3DiV2SFlyXHiVS68IjGzfLl2i1HzWNLaLzx/":{"registrationId":10801,"currentRatchet":{"ephemeralKeyPair":{"pubKey":"BaNGdO0FV1R8aKh26bh5+wK9TJM0pMFj9d59KYmELd1Y","privKey":"cODfqzFtfwqcZobxG35CoBbBHG2cZwYGPbsLEVOi9mA="},"lastRemoteEphemeralKey":"BZJOfEx4fRho26u7RjxOLBEMWephjXWi3ZcdkHG9oN8K","previousCounter":0,"rootKey":"8olYKyD8+yhMFuMYaDGi4qfC/BHNFs4luBYwdGV2SbI="},"indexInfo":{"baseKey":"BSr/0ozL3DiV2SFlyXHiVS68IjGzfLl2i1HzWNLaLzx/","baseKeyType":1,"closed":-1,"used":1749382578026,"created":1749382578026,"remoteIdentityKey":"Bcr+2uAxzj8Xu8FNbIHVDRp3Xyemec6zU3lfyHzJ7Hhy"},"_chains":{"BaNGdO0FV1R8aKh26bh5+wK9TJM0pMFj9d59KYmELd1Y":{"chainKey":{"counter":11,"key":"Lk+hp1v5ECYzGjl9BMyJGgQitxqvHTLkuIZqq/0bMMU="},"chainType":1,"messageKeys":{}}},"pendingPreKey":{"signedKeyId":1,"baseKey":"BSr/0ozL3DiV2SFlyXHiVS68IjGzfLl2i1HzWNLaLzx/","preKeyId":27}}},"version":"v1"}