{"_sessions":{"BTC1SFiKyecz5oz/C13pzkKgjiLNu5faYUeq+9vDZEMx":{"registrationId":1825088989,"currentRatchet":{"ephemeralKeyPair":{"pubKey":"BWaMk7YZg5qruZlHw/8ZmwNAXQNITQ9ZQvDCr8sHwnwz","privKey":"CCjoytp+8V/fMKakIoEL8JuEG7O5PTk017z7TH+sq0o="},"lastRemoteEphemeralKey":"BXzfoVAIsmGjtaIuKQu4AQiWTBPrgvoaGkEDzfk5zsl8","previousCounter":0,"rootKey":"IacJCx4JLP/eNv5Nmqux/rnrSZ8iqyk5P5k7oPiT04E="},"indexInfo":{"baseKey":"BTC1SFiKyecz5oz/C13pzkKgjiLNu5faYUeq+9vDZEMx","baseKeyType":1,"closed":-1,"used":1749274781197,"created":1749274781197,"remoteIdentityKey":"BaOBCJmLVwDUqo1d7rWT7RACicp1QIH4oWm8FSIbLXBb"},"_chains":{"BWaMk7YZg5qruZlHw/8ZmwNAXQNITQ9ZQvDCr8sHwnwz":{"chainKey":{"counter":93,"key":"3hRAZjhmrPVRvB1tiZzE2BMkgn6wmlG/0/+zVISYxiI="},"chainType":1,"messageKeys":{}}},"pendingPreKey":{"signedKeyId":1,"baseKey":"BTC1SFiKyecz5oz/C13pzkKgjiLNu5faYUeq+9vDZEMx"}}},"version":"v1"}