{"_sessions":{"BSYVs0+1brarVxLeoAGE8BZb7cL41l0oPUs0jxzvUJYb":{"registrationId":1901614292,"currentRatchet":{"ephemeralKeyPair":{"pubKey":"Bc2HOlKH80Fotw02uISosLuRhCQlPGxVyocqqjP/UIou","privKey":"4CyMSCPOUPXplNLp8b837U6zK4pzghAFvorM9N+5un4="},"lastRemoteEphemeralKey":"BfoRSEoRtC2RELajDunaQ8WKv0azrqz7O/0M1zyUVB1+","previousCounter":0,"rootKey":"QKGqvW+0s3/pbkMsymeIr+sIYPUZrBxai4qx4uj9Mnk="},"indexInfo":{"baseKey":"BSYVs0+1brarVxLeoAGE8BZb7cL41l0oPUs0jxzvUJYb","baseKeyType":1,"closed":-1,"used":1749274780944,"created":1749274780944,"remoteIdentityKey":"BZIwylfQqN/hDnTfKpfrwI09UX3gOVPpO6mOrx7ugoMI"},"_chains":{"Bc2HOlKH80Fotw02uISosLuRhCQlPGxVyocqqjP/UIou":{"chainKey":{"counter":93,"key":"9kemUw/ejyhRT6XXt8qxU+MQvrfi2KyGVd0QeR9vAAI="},"chainType":1,"messageKeys":{}}},"pendingPreKey":{"signedKeyId":0,"baseKey":"BSYVs0+1brarVxLeoAGE8BZb7cL41l0oPUs0jxzvUJYb","preKeyId":8041123}}},"version":"v1"}