{"_sessions":{"BR+47zRy+ElEsUsxJ46zGKriLqGcmTGtFquqfdqwpzgG":{"registrationId":206732125,"currentRatchet":{"ephemeralKeyPair":{"pubKey":"BQt9pbkTpHV+KnX1XEjRUMVI5iPKxumQ3Fk752x38qYm","privKey":"qIG/jWWgZY9BDf6Hwb6/3MTJgvWF2x4cDml7m8MYkU8="},"lastRemoteEphemeralKey":"BUzbdgOllLIEX3JpkF8MHXxaw42J6Em2G40SejlQGilv","previousCounter":0,"rootKey":"AtWhMvH/bdkbcmCMg2gt6+vBIBSJREwy/6be6qGQVVU="},"indexInfo":{"baseKey":"BR+47zRy+ElEsUsxJ46zGKriLqGcmTGtFquqfdqwpzgG","baseKeyType":1,"closed":-1,"used":1749274781054,"created":1749274781054,"remoteIdentityKey":"BS1r73lQcIMcaYHzB5Qa1KxZ4guTVHxtX0YD0xCu2it5"},"_chains":{"BQt9pbkTpHV+KnX1XEjRUMVI5iPKxumQ3Fk752x38qYm":{"chainKey":{"counter":93,"key":"bK3cwqDYfRhvhs3bniOkZ+NCV5qMzMb72+vUSWwDTWw="},"chainType":1,"messageKeys":{}}},"pendingPreKey":{"signedKeyId":4,"baseKey":"BR+47zRy+ElEsUsxJ46zGKriLqGcmTGtFquqfdqwpzgG"}}},"version":"v1"}