{"_sessions":{"BQGdLPMl0MPnHLW/Ti5ywA5WBCpFYie27fgpfwzfkVsY":{"registrationId":161510690,"currentRatchet":{"ephemeralKeyPair":{"pubKey":"BYrdnivVpHMMwSa5o1HeQPtiHL37D3LbmJUpRz68erwC","privKey":"KMWXJRC3tFSPVC/ceeB/wgNCZy9WkyTjBvD/tTnAX3Q="},"lastRemoteEphemeralKey":"BW+cxqqmqz4RVgo+BS3RkxhkQUZ0qZxZharsgiai3YcW","previousCounter":0,"rootKey":"WELUI+LTRoT61xShF8KXjyzyDB7JnWYRoZROrIcA9tI="},"indexInfo":{"baseKey":"BQGdLPMl0MPnHLW/Ti5ywA5WBCpFYie27fgpfwzfkVsY","baseKeyType":1,"closed":-1,"used":1749274780874,"created":1749274780874,"remoteIdentityKey":"BZukERyahMVArlntxS9/IwArGzITsGmyhPayAvdzLop+"},"_chains":{"BYrdnivVpHMMwSa5o1HeQPtiHL37D3LbmJUpRz68erwC":{"chainKey":{"counter":93,"key":"C1ftuy4PDHR0s+SDNbzRj5guFm2q/oNquohXPreTGYk="},"chainType":1,"messageKeys":{}}},"pendingPreKey":{"signedKeyId":1,"baseKey":"BQGdLPMl0MPnHLW/Ti5ywA5WBCpFYie27fgpfwzfkVsY","preKeyId":10234432}}},"version":"v1"}