{"_sessions":{"BRTIbAVn3Z9xzI2ScdA9AAf60Xmddjcj3UtfIfUe5ydk":{"registrationId":1582698128,"currentRatchet":{"ephemeralKeyPair":{"pubKey":"Bdkrave+C4tXvbC5Ayx00Xqnu2JhNC4KANS6d4zjv/Y/","privKey":"wB/sqzA/oLURFtbEJaZPeibGDbqPMPjk014PJeN+UUQ="},"lastRemoteEphemeralKey":"Bf6/ct/AhDpIDvDoD+9125AsbRKvAs6JLb2ug2tJT/1Q","previousCounter":0,"rootKey":"xzizSwoXhAz5lJlwf+vVQnKelriDVXec3aciZCMHkRY="},"indexInfo":{"baseKey":"BRTIbAVn3Z9xzI2ScdA9AAf60Xmddjcj3UtfIfUe5ydk","baseKeyType":1,"closed":-1,"used":1749274780972,"created":1749274780972,"remoteIdentityKey":"BWcS845rMFoAiaPN+NtTamBDgHz/xd2akQG6gsi2P3FV"},"_chains":{"Bdkrave+C4tXvbC5Ayx00Xqnu2JhNC4KANS6d4zjv/Y/":{"chainKey":{"counter":93,"key":"Fvgp0eGY1wXo3bFamNgPrV1M7x06jGqDdYpKzPt8Os4="},"chainType":1,"messageKeys":{}}},"pendingPreKey":{"signedKeyId":1,"baseKey":"BRTIbAVn3Z9xzI2ScdA9AAf60Xmddjcj3UtfIfUe5ydk","preKeyId":2533901}}},"version":"v1"}