{"_sessions":{"BT/kWpApg7NfGoSGRdR9bTL779a7UzEvyVgujEHdy8Ij":{"registrationId":7371,"currentRatchet":{"ephemeralKeyPair":{"pubKey":"BT8epZVCeQbjLnkUk6yYC8h1D9JPCPRiGwLcV7qn7h9E","privKey":"SPeuFIWSsylNUopi4kc09gSvLEB6cn4Anv7BwN3N5EE="},"lastRemoteEphemeralKey":"Bd5fJ22mP3FtU5ZRqHs/KSsbuT2o38NROjdi2xTGejYX","previousCounter":0,"rootKey":"cigyyArP4pItzzJMClc0k+WT61PxCYoAdTU9h/MKDPc="},"indexInfo":{"baseKey":"BT/kWpApg7NfGoSGRdR9bTL779a7UzEvyVgujEHdy8Ij","baseKeyType":1,"closed":-1,"used":1749280362745,"created":1749280362745,"remoteIdentityKey":"BYEUEVwDzNZmJyTI4VlDdVB9Geebg+CgwMbeeTyZtYAp"},"_chains":{"BT8epZVCeQbjLnkUk6yYC8h1D9JPCPRiGwLcV7qn7h9E":{"chainKey":{"counter":8,"key":"J/PbAVSnBrHjX/F7l7P/8TXdZskjAJN/fyEP7RBYUZ0="},"chainType":1,"messageKeys":{}}},"pendingPreKey":{"signedKeyId":1,"baseKey":"BT/kWpApg7NfGoSGRdR9bTL779a7UzEvyVgujEHdy8Ij","preKeyId":28}}},"version":"v1"}