{"_sessions":{"BQNLR2P6CsURioQN+jTWxvAjrzYzmbeMTFLENed8qw0T":{"registrationId":1752670747,"currentRatchet":{"ephemeralKeyPair":{"pubKey":"BR6Afs36dNUGDVdRj2puf3Qg6xW5cfd2okOJP/I3Evku","privKey":"cK5MgRE+p56udVA/l+7qNeA7Th0K6nZ5mBPxm7F5+nE="},"lastRemoteEphemeralKey":"Bf4awL9scxGYLzwBXP9Ckm6IW7bfsN4S3KQ5OVX+60F1","previousCounter":0,"rootKey":"V1VZiKVE/pNzarMKyzOW5KoS5QuI02YcGlcBMzY7aqk="},"indexInfo":{"baseKey":"BQNLR2P6CsURioQN+jTWxvAjrzYzmbeMTFLENed8qw0T","baseKeyType":1,"closed":1749358923855,"used":1749274780869,"created":1749274780869,"remoteIdentityKey":"BVO4ugKURAzfG9qtnwwN5QOyrBanVXPy84sE1i+YiuMI"},"_chains":{"BR6Afs36dNUGDVdRj2puf3Qg6xW5cfd2okOJP/I3Evku":{"chainKey":{"counter":35,"key":"sw4ZTxaO9jU7hfPDLxMuaf9jCtBzaCKgdwNmHVJ16RQ="},"chainType":1,"messageKeys":{}}},"pendingPreKey":{"signedKeyId":3,"baseKey":"BQNLR2P6CsURioQN+jTWxvAjrzYzmbeMTFLENed8qw0T"}},"BaE0k8wRsa2XOO/18cN/Cfrwgq+U49AH2aMAwBWPwblA":{"registrationId":1752670747,"currentRatchet":{"ephemeralKeyPair":{"pubKey":"BUHYDFbadbnKZxlZfJfP0mH0oAXbHachEjcvZpcmcfEN","privKey":"ENT1gcFYG70WALBOvG4xoYwiSKk9mSbJlrF6zM5GUlI="},"lastRemoteEphemeralKey":"Bf4awL9scxGYLzwBXP9Ckm6IW7bfsN4S3KQ5OVX+60F1","previousCounter":0,"rootKey":"M2ZdO3Iy0r3nLjJ21xpjNcxlHa8cgcS4Ifcfn8Yua7w="},"indexInfo":{"baseKey":"BaE0k8wRsa2XOO/18cN/Cfrwgq+U49AH2aMAwBWPwblA","baseKeyType":1,"closed":1749358925440,"used":1749358923853,"created":1749358923853,"remoteIdentityKey":"BVO4ugKURAzfG9qtnwwN5QOyrBanVXPy84sE1i+YiuMI"},"_chains":{"BUHYDFbadbnKZxlZfJfP0mH0oAXbHachEjcvZpcmcfEN":{"chainKey":{"counter":0,"key":"LN7TJ/tIpxSjs4bLo56tW3GTTEXL+uL7NGshD9RMbTM="},"chainType":1,"messageKeys":{}}},"pendingPreKey":{"signedKeyId":3,"baseKey":"BaE0k8wRsa2XOO/18cN/Cfrwgq+U49AH2aMAwBWPwblA"}},"BR/Q0KG7BDQa8Wofx5Zw09wUoUB+SMIi6oMdbgWUkqFI":{"registrationId":1752670747,"currentRatchet":{"ephemeralKeyPair":{"pubKey":"BQqElBnvJNIzfU4hFyZtB9QZSQPt+qIGGV7rJsg4EnIa","privKey":"CExHtUGtqYbAi037PDj8toSM/BGcqmYKHrUIxGbzUGM="},"lastRemoteEphemeralKey":"Bf4awL9scxGYLzwBXP9Ckm6IW7bfsN4S3KQ5OVX+60F1","previousCounter":0,"rootKey":"gsvfn7FFA0JqhR2qSU22c2fKi8rr6Q3iy6lAL2zk1Nw="},"indexInfo":{"baseKey":"BR/Q0KG7BDQa8Wofx5Zw09wUoUB+SMIi6oMdbgWUkqFI","baseKeyType":1,"closed":1749358996396,"used":1749358925438,"created":1749358925438,"remoteIdentityKey":"BVO4ugKURAzfG9qtnwwN5QOyrBanVXPy84sE1i+YiuMI"},"_chains":{"BQqElBnvJNIzfU4hFyZtB9QZSQPt+qIGGV7rJsg4EnIa":{"chainKey":{"counter":2,"key":"B1KB9UPjG5ePFphuYfZ4SkSTENrKIMdjfWwle/3K/PU="},"chainType":1,"messageKeys":{}}},"pendingPreKey":{"signedKeyId":3,"baseKey":"BR/Q0KG7BDQa8Wofx5Zw09wUoUB+SMIi6oMdbgWUkqFI"}},"BdGnHTEbWVFA5YvvNc7E6zF+jTXyVlSMlVzX+jWKLgRJ":{"registrationId":1752670747,"currentRatchet":{"ephemeralKeyPair":{"pubKey":"BQ4rXD4h90FZqJUpmZip9K52zd4PbF0RPU5CbcXaq78l","privKey":"6HqqS2J75g2/BSg8xxB2YWNNLlwhQVk14u70PiZnsV0="},"lastRemoteEphemeralKey":"Bf4awL9scxGYLzwBXP9Ckm6IW7bfsN4S3KQ5OVX+60F1","previousCounter":0,"rootKey":"MkvOAWAsmvPMdd46Sf4NExmUW7twRS59DHrcs0a92dE="},"indexInfo":{"baseKey":"BdGnHTEbWVFA5YvvNc7E6zF+jTXyVlSMlVzX+jWKLgRJ","baseKeyType":1,"closed":1749358997928,"used":1749358996395,"created":1749358996395,"remoteIdentityKey":"BVO4ugKURAzfG9qtnwwN5QOyrBanVXPy84sE1i+YiuMI"},"_chains":{"BQ4rXD4h90FZqJUpmZip9K52zd4PbF0RPU5CbcXaq78l":{"chainKey":{"counter":0,"key":"ltEqanwcLVKX8131naVFOqF5X0ygytD0MVa2nxlNQD8="},"chainType":1,"messageKeys":{}}},"pendingPreKey":{"signedKeyId":3,"baseKey":"BdGnHTEbWVFA5YvvNc7E6zF+jTXyVlSMlVzX+jWKLgRJ"}},"BaJmziwQs/pxMqYqblvKmMP1X7LKZVN0kLzYm/ERfN5Q":{"registrationId":1752670747,"currentRatchet":{"ephemeralKeyPair":{"pubKey":"BdwFvmSzOyNVt39kdJcum/5mSCoImqMUssZEgxxmrMhw","privKey":"iIJvfEoQ3EOP0T6CAt42H7sTKCDMOAQjo3TxJ2I/FEE="},"lastRemoteEphemeralKey":"Bf4awL9scxGYLzwBXP9Ckm6IW7bfsN4S3KQ5OVX+60F1","previousCounter":0,"rootKey":"c10ptHXvrlN9R3Ggss0mX46yq4JNpq+m+HC6pnGUmE0="},"indexInfo":{"baseKey":"BaJmziwQs/pxMqYqblvKmMP1X7LKZVN0kLzYm/ERfN5Q","baseKeyType":1,"closed":1749359316806,"used":1749358997927,"created":1749358997927,"remoteIdentityKey":"BVO4ugKURAzfG9qtnwwN5QOyrBanVXPy84sE1i+YiuMI"},"_chains":{"BdwFvmSzOyNVt39kdJcum/5mSCoImqMUssZEgxxmrMhw":{"chainKey":{"counter":2,"key":"SLZx5H1RiNf7AmhTCsYYIZoc9DbzXx+VU/CoZa85MSU="},"chainType":1,"messageKeys":{}}},"pendingPreKey":{"signedKeyId":3,"baseKey":"BaJmziwQs/pxMqYqblvKmMP1X7LKZVN0kLzYm/ERfN5Q"}},"BWC6UC0jPDfTfxtbgPSyuNxyICieomNFtVCrmRKmqehB":{"registrationId":1752670747,"currentRatchet":{"ephemeralKeyPair":{"pubKey":"Bc9DSqis56wQVtEZ8/FyP2XTbfzMiwdeYDJFwU8dGelt","privKey":"+FAXVxTjV8Mw5v4CV7FaFC0gYv02PzWQPJdDHCbVL3s="},"lastRemoteEphemeralKey":"Bf4awL9scxGYLzwBXP9Ckm6IW7bfsN4S3KQ5OVX+60F1","previousCounter":0,"rootKey":"OIXpZ6JNHgPVr2eNbCFWkbK+4kOOrP+xrosaCMcSPtA="},"indexInfo":{"baseKey":"BWC6UC0jPDfTfxtbgPSyuNxyICieomNFtVCrmRKmqehB","baseKeyType":1,"closed":1749359318405,"used":1749359316804,"created":1749359316804,"remoteIdentityKey":"BVO4ugKURAzfG9qtnwwN5QOyrBanVXPy84sE1i+YiuMI"},"_chains":{"Bc9DSqis56wQVtEZ8/FyP2XTbfzMiwdeYDJFwU8dGelt":{"chainKey":{"counter":0,"key":"6rTzmc89H55GZquD443axhI3q7GYxTyRNGbeEK9Do2M="},"chainType":1,"messageKeys":{}}},"pendingPreKey":{"signedKeyId":3,"baseKey":"BWC6UC0jPDfTfxtbgPSyuNxyICieomNFtVCrmRKmqehB"}},"BboH9OmnejEvg5Cr6jEVILOOKtp8XOTRAwiEcHq7bxM/":{"registrationId":1752670747,"currentRatchet":{"ephemeralKeyPair":{"pubKey":"Bf45EFP5Mf1lIBSj8XQW1oqHQdm7mBPZ/wvY4y/3Gd4n","privKey":"yJRZ39WJoy9u2BMt8AHWXQexsTijd7aNMj5tpvkRzX8="},"lastRemoteEphemeralKey":"Bf4awL9scxGYLzwBXP9Ckm6IW7bfsN4S3KQ5OVX+60F1","previousCounter":0,"rootKey":"aJv5R4gV4qhLy2d0bzpLaPjzGBcjy5PDfjP4nMrxetY="},"indexInfo":{"baseKey":"BboH9OmnejEvg5Cr6jEVILOOKtp8XOTRAwiEcHq7bxM/","baseKeyType":1,"closed":1749359351185,"used":1749359318403,"created":1749359318403,"remoteIdentityKey":"BVO4ugKURAzfG9qtnwwN5QOyrBanVXPy84sE1i+YiuMI"},"_chains":{"Bf45EFP5Mf1lIBSj8XQW1oqHQdm7mBPZ/wvY4y/3Gd4n":{"chainKey":{"counter":0,"key":"FdmbGbpgLDF3NPJz3+hxRPV4Sufx5D9QjVp1y6O6UNg="},"chainType":1,"messageKeys":{}}},"pendingPreKey":{"signedKeyId":3,"baseKey":"BboH9OmnejEvg5Cr6jEVILOOKtp8XOTRAwiEcHq7bxM/"}},"BR5FeTxtQPs2X042dkQRUl28FPOkSC1NV6GRKuTaPMFl":{"registrationId":1752670747,"currentRatchet":{"ephemeralKeyPair":{"pubKey":"BY/Ca2aJjkZi3CToJNTnEWQODU4azdIep/eE+z8rny8C","privKey":"AFT54yzkcslj6z+Rr0il09pKmTnv12gaN8PWv3o7eU4="},"lastRemoteEphemeralKey":"Bf4awL9scxGYLzwBXP9Ckm6IW7bfsN4S3KQ5OVX+60F1","previousCounter":0,"rootKey":"vKdH9L1rTuhzv+wNZeVRLmsfKTRxaB98cGovC+CnhPM="},"indexInfo":{"baseKey":"BR5FeTxtQPs2X042dkQRUl28FPOkSC1NV6GRKuTaPMFl","baseKeyType":1,"closed":1749359352726,"used":1749359351183,"created":1749359351183,"remoteIdentityKey":"BVO4ugKURAzfG9qtnwwN5QOyrBanVXPy84sE1i+YiuMI"},"_chains":{"BY/Ca2aJjkZi3CToJNTnEWQODU4azdIep/eE+z8rny8C":{"chainKey":{"counter":0,"key":"yG2BKrKoO8cmHH9vyRQ38n9VfwdolJTY0AAs/aeRAIU="},"chainType":1,"messageKeys":{}}},"pendingPreKey":{"signedKeyId":3,"baseKey":"BR5FeTxtQPs2X042dkQRUl28FPOkSC1NV6GRKuTaPMFl"}},"BZep/WN5cM568MzAxbulw72QUBjN4k+UHKMU5qBU2Fpy":{"registrationId":1752670747,"currentRatchet":{"ephemeralKeyPair":{"pubKey":"BTQIa0cYIbCQ4qAmslwtakGwxsh1wYxNsqyjK1ysOHg2","privKey":"4P8TUb0ja8U+WEP0va9EPrBsEYUZy640/mqWbNNfP0s="},"lastRemoteEphemeralKey":"Bf4awL9scxGYLzwBXP9Ckm6IW7bfsN4S3KQ5OVX+60F1","previousCounter":0,"rootKey":"/33qrzj0rJMjU6KvwmZTtea3IahCfHZFYaAHfEX1wIw="},"indexInfo":{"baseKey":"BZep/WN5cM568MzAxbulw72QUBjN4k+UHKMU5qBU2Fpy","baseKeyType":1,"closed":1749359353791,"used":1749359352725,"created":1749359352725,"remoteIdentityKey":"BVO4ugKURAzfG9qtnwwN5QOyrBanVXPy84sE1i+YiuMI"},"_chains":{"BTQIa0cYIbCQ4qAmslwtakGwxsh1wYxNsqyjK1ysOHg2":{"chainKey":{"counter":0,"key":"H5ym/uevEDS3yVVCfETp2EEolYpbnsewJg6iBFe7jGo="},"chainType":1,"messageKeys":{}}},"pendingPreKey":{"signedKeyId":3,"baseKey":"BZep/WN5cM568MzAxbulw72QUBjN4k+UHKMU5qBU2Fpy"}},"Ba/zo4GqJ6MEbxWWkywNkUSoxIwlPoLdVn12kmTmDCsC":{"registrationId":1752670747,"currentRatchet":{"ephemeralKeyPair":{"pubKey":"BaZH5wTPpEOfwqj5CUOxKfdM+71FYNpBoFRZTar0uzc6","privKey":"WPMjZeOwakkjIt32XzhGsL3OUzKNERRwJWPc8NZ1h0g="},"lastRemoteEphemeralKey":"Bf4awL9scxGYLzwBXP9Ckm6IW7bfsN4S3KQ5OVX+60F1","previousCounter":0,"rootKey":"YQp7tLIkqcRY3JzF8S4GsnjYKX3PtdbfFcUtxA4fcfM="},"indexInfo":{"baseKey":"Ba/zo4GqJ6MEbxWWkywNkUSoxIwlPoLdVn12kmTmDCsC","baseKeyType":1,"closed":1749359354791,"used":1749359353789,"created":1749359353789,"remoteIdentityKey":"BVO4ugKURAzfG9qtnwwN5QOyrBanVXPy84sE1i+YiuMI"},"_chains":{"BaZH5wTPpEOfwqj5CUOxKfdM+71FYNpBoFRZTar0uzc6":{"chainKey":{"counter":0,"key":"+d1ADpxMDFRVtytJn4/ydqzWx467dKm1HO0sGdeDdyY="},"chainType":1,"messageKeys":{}}},"pendingPreKey":{"signedKeyId":3,"baseKey":"Ba/zo4GqJ6MEbxWWkywNkUSoxIwlPoLdVn12kmTmDCsC"}},"BaWeXQigi/f5i3xm/a8FZAuh/UEWgfcgvGzW7Ears7wD":{"registrationId":1752670747,"currentRatchet":{"ephemeralKeyPair":{"pubKey":"BWKVciZwOM1ueX9zdz6JHn2aTPvly24/RBBRi7ga+Hxb","privKey":"kM/mfNyvxy/gwweNwNumelFnh3bsig112ZXEf0r5yV0="},"lastRemoteEphemeralKey":"Bf4awL9scxGYLzwBXP9Ckm6IW7bfsN4S3KQ5OVX+60F1","previousCounter":0,"rootKey":"zU5SGUZ43cGKPc4AO4Flp203VmhnNmaL1bcl44bN4zA="},"indexInfo":{"baseKey":"BaWeXQigi/f5i3xm/a8FZAuh/UEWgfcgvGzW7Ears7wD","baseKeyType":1,"closed":1749359485897,"used":1749359354789,"created":1749359354789,"remoteIdentityKey":"BVO4ugKURAzfG9qtnwwN5QOyrBanVXPy84sE1i+YiuMI"},"_chains":{"BWKVciZwOM1ueX9zdz6JHn2aTPvly24/RBBRi7ga+Hxb":{"chainKey":{"counter":0,"key":"O6CE9kJ1RnaY00xkUDBwvIk5217+k9Us94/1eL7zRe4="},"chainType":1,"messageKeys":{}}},"pendingPreKey":{"signedKeyId":3,"baseKey":"BaWeXQigi/f5i3xm/a8FZAuh/UEWgfcgvGzW7Ears7wD"}},"BfmPxgZ+Mv+BmTTu0KNQRkZEb0Ct5TxEPaYPnA3eXd1W":{"registrationId":1752670747,"currentRatchet":{"ephemeralKeyPair":{"pubKey":"BXoV+dQQp78A7knLY0k7pR0FrYFLWcW0G5DpC/PLn49x","privKey":"iAknTma414MssNTXi/kzvPEYPLtCKT0rfrGWWApCpHM="},"lastRemoteEphemeralKey":"Bf4awL9scxGYLzwBXP9Ckm6IW7bfsN4S3KQ5OVX+60F1","previousCounter":0,"rootKey":"n1Ga/dKE9gb+mjtdjBAlbAD0/LOBCL5JwxNWS1hcvt4="},"indexInfo":{"baseKey":"BfmPxgZ+Mv+BmTTu0KNQRkZEb0Ct5TxEPaYPnA3eXd1W","baseKeyType":1,"closed":1749359546824,"used":1749359485895,"created":1749359485895,"remoteIdentityKey":"BVO4ugKURAzfG9qtnwwN5QOyrBanVXPy84sE1i+YiuMI"},"_chains":{"BXoV+dQQp78A7knLY0k7pR0FrYFLWcW0G5DpC/PLn49x":{"chainKey":{"counter":2,"key":"lM6zz1XEWKSw3Ah3HtcO9t4urDmQYV5kHBxDXRoR9XQ="},"chainType":1,"messageKeys":{}}},"pendingPreKey":{"signedKeyId":3,"baseKey":"BfmPxgZ+Mv+BmTTu0KNQRkZEb0Ct5TxEPaYPnA3eXd1W","preKeyId":4874139}},"BWZVyMrBjBBBH3B9wGf/+2GoNzDYRbuEUY/w546FpAlb":{"registrationId":1752670747,"currentRatchet":{"ephemeralKeyPair":{"pubKey":"BTgq+x/4j5tGNHlQ1fcJ6jYlhdsDHAh+yQK+RRNDTv8Q","privKey":"MMi2gXIdJcSTmcDC7uNTglwQ2ghrdmm6sjBpO9H21GM="},"lastRemoteEphemeralKey":"Bf4awL9scxGYLzwBXP9Ckm6IW7bfsN4S3KQ5OVX+60F1","previousCounter":0,"rootKey":"vaq14HKxHrfBZit0wuHKRFVFDQBJswC9r5w0ffsX8I0="},"indexInfo":{"baseKey":"BWZVyMrBjBBBH3B9wGf/+2GoNzDYRbuEUY/w546FpAlb","baseKeyType":1,"closed":1749359569245,"used":1749359546823,"created":1749359546823,"remoteIdentityKey":"BVO4ugKURAzfG9qtnwwN5QOyrBanVXPy84sE1i+YiuMI"},"_chains":{"BTgq+x/4j5tGNHlQ1fcJ6jYlhdsDHAh+yQK+RRNDTv8Q":{"chainKey":{"counter":2,"key":"ZVkD+6Y5ihplL8f9/SC5eUMkjLv1TsHpjG6VrlmDm+c="},"chainType":1,"messageKeys":{}}},"pendingPreKey":{"signedKeyId":3,"baseKey":"BWZVyMrBjBBBH3B9wGf/+2GoNzDYRbuEUY/w546FpAlb","preKeyId":4874147}},"BVS9eVWqrvb6veb6+H5oisnrgHrU+c/+8ts1LkayWPUJ":{"registrationId":1752670747,"currentRatchet":{"ephemeralKeyPair":{"pubKey":"BdfosS4tuUgitns/qqJiE0GsPbCy6VAPc+Jpb7XleLN5","privKey":"mDWR0IsPFwFoXA6HO4TliedR4DxhN0lcFZr8Pryfk0c="},"lastRemoteEphemeralKey":"Bf4awL9scxGYLzwBXP9Ckm6IW7bfsN4S3KQ5OVX+60F1","previousCounter":0,"rootKey":"GW48cQDbsYQpNkoTa43L/vUC8pA3G+BaC9fL9Ivg7jE="},"indexInfo":{"baseKey":"BVS9eVWqrvb6veb6+H5oisnrgHrU+c/+8ts1LkayWPUJ","baseKeyType":1,"closed":1749359573442,"used":1749359569243,"created":1749359569243,"remoteIdentityKey":"BVO4ugKURAzfG9qtnwwN5QOyrBanVXPy84sE1i+YiuMI"},"_chains":{"BdfosS4tuUgitns/qqJiE0GsPbCy6VAPc+Jpb7XleLN5":{"chainKey":{"counter":0,"key":"CM87RfJCvywMerxO6B14JSJ0eCXznkWKo1KhDOOS8r0="},"chainType":1,"messageKeys":{}}},"pendingPreKey":{"signedKeyId":3,"baseKey":"BVS9eVWqrvb6veb6+H5oisnrgHrU+c/+8ts1LkayWPUJ","preKeyId":4873458}},"Bap3FZ7I3Rgb/zUF+1u9jfE4o/DBIV00ny5GLJAp1nMj":{"registrationId":1752670747,"currentRatchet":{"ephemeralKeyPair":{"pubKey":"BY02S4NL/jLow3IcHQ5Jk/3yu0jD4ohdGc/mMQ5EPGRg","privKey":"6MW2fNEar8tsHaPcPW9YWRenUV6P5IVAgeTphuyjwkM="},"lastRemoteEphemeralKey":"Bf4awL9scxGYLzwBXP9Ckm6IW7bfsN4S3KQ5OVX+60F1","previousCounter":0,"rootKey":"Fix/U0Lw3xJyhZGR1qQ8ulR7IaAuhB++Jql5nx2mwVw="},"indexInfo":{"baseKey":"Bap3FZ7I3Rgb/zUF+1u9jfE4o/DBIV00ny5GLJAp1nMj","baseKeyType":1,"closed":1749359574573,"used":1749359573440,"created":1749359573440,"remoteIdentityKey":"BVO4ugKURAzfG9qtnwwN5QOyrBanVXPy84sE1i+YiuMI"},"_chains":{"BY02S4NL/jLow3IcHQ5Jk/3yu0jD4ohdGc/mMQ5EPGRg":{"chainKey":{"counter":0,"key":"CMD955MlK51DJKQCBSALhsudHpPvZm8i/QGCnBUl/zA="},"chainType":1,"messageKeys":{}}},"pendingPreKey":{"signedKeyId":3,"baseKey":"Bap3FZ7I3Rgb/zUF+1u9jfE4o/DBIV00ny5GLJAp1nMj","preKeyId":4874103}},"Bdk+5qpRrMk+28Y1SMJg7i7KRGz9hIqlt9UOg0N0lYxz":{"registrationId":1752670747,"currentRatchet":{"ephemeralKeyPair":{"pubKey":"BZ7F7Gr2Lkplxq2GHiwB6B4qo2iryXZPZMY8YTv5cuFX","privKey":"KEFJs3TNHFo7ytnSexdrsuh0n4q5mllMHKz0ObkX03I="},"lastRemoteEphemeralKey":"Bf4awL9scxGYLzwBXP9Ckm6IW7bfsN4S3KQ5OVX+60F1","previousCounter":0,"rootKey":"1hGrgx10RPQT0auze9S+Y/n9rRSh6tEX4Lq8xv5Ccb0="},"indexInfo":{"baseKey":"Bdk+5qpRrMk+28Y1SMJg7i7KRGz9hIqlt9UOg0N0lYxz","baseKeyType":1,"closed":1749359575155,"used":1749359574571,"created":1749359574571,"remoteIdentityKey":"BVO4ugKURAzfG9qtnwwN5QOyrBanVXPy84sE1i+YiuMI"},"_chains":{"BZ7F7Gr2Lkplxq2GHiwB6B4qo2iryXZPZMY8YTv5cuFX":{"chainKey":{"counter":-1,"key":"8Jy/P43IYmHIHKzmf1h5AYWw/VcFJ4If0/ZIbEt0jHE="},"chainType":1,"messageKeys":{}}},"pendingPreKey":{"signedKeyId":3,"baseKey":"Bdk+5qpRrMk+28Y1SMJg7i7KRGz9hIqlt9UOg0N0lYxz","preKeyId":4873447}},"BRX7HYZH1PUgpihO3Kjy3c4Qspi5H9oJMRs4hILMa74x":{"registrationId":1752670747,"currentRatchet":{"ephemeralKeyPair":{"pubKey":"BY+TKtO2T8UU3+6XrhI2K343EFKiG8Ov0D/AREWt+9k5","privKey":"KOPIU2hAMSCDqOoHztnpTTXRJM0q1tyD74IYtzi90l0="},"lastRemoteEphemeralKey":"Bf4awL9scxGYLzwBXP9Ckm6IW7bfsN4S3KQ5OVX+60F1","previousCounter":0,"rootKey":"3HJTJHH7VBcAoOtTd20Xod4vtjmynV66fOxDQ3b0/nM="},"indexInfo":{"baseKey":"BRX7HYZH1PUgpihO3Kjy3c4Qspi5H9oJMRs4hILMa74x","baseKeyType":1,"closed":1749359575741,"used":1749359575153,"created":1749359575153,"remoteIdentityKey":"BVO4ugKURAzfG9qtnwwN5QOyrBanVXPy84sE1i+YiuMI"},"_chains":{"BY+TKtO2T8UU3+6XrhI2K343EFKiG8Ov0D/AREWt+9k5":{"chainKey":{"counter":-1,"key":"i9gw4gJh3piIb4//6GCyUZ2MemS5OoMtYUBFFFmUvgU="},"chainType":1,"messageKeys":{}}},"pendingPreKey":{"signedKeyId":3,"baseKey":"BRX7HYZH1PUgpihO3Kjy3c4Qspi5H9oJMRs4hILMa74x","preKeyId":4873423}},"BTfF3YpxA5WvtS1vNYcfDufu2Du9yfJiJnu6YQMwo355":{"registrationId":1752670747,"currentRatchet":{"ephemeralKeyPair":{"pubKey":"BaVsV5nr/bcvlIogLfSYqe4jgV0qbEsXMU8rxjcE60cv","privKey":"GDtSWQUFsl5DLlYzHHPaey5ctLi9VDLBLIHxXBm+wFk="},"lastRemoteEphemeralKey":"Bf4awL9scxGYLzwBXP9Ckm6IW7bfsN4S3KQ5OVX+60F1","previousCounter":0,"rootKey":"J8nO8IzJ1cRb1ey4UiBjYDqYZVOptSfZ1urKrdfyTrI="},"indexInfo":{"baseKey":"BTfF3YpxA5WvtS1vNYcfDufu2Du9yfJiJnu6YQMwo355","baseKeyType":1,"closed":1749359576865,"used":1749359575738,"created":1749359575738,"remoteIdentityKey":"BVO4ugKURAzfG9qtnwwN5QOyrBanVXPy84sE1i+YiuMI"},"_chains":{"BaVsV5nr/bcvlIogLfSYqe4jgV0qbEsXMU8rxjcE60cv":{"chainKey":{"counter":0,"key":"mFs7SE1mD/1T6Y5qkt43c6rxjdOzeoRdzc5jrQ0qftw="},"chainType":1,"messageKeys":{}}},"pendingPreKey":{"signedKeyId":3,"baseKey":"BTfF3YpxA5WvtS1vNYcfDufu2Du9yfJiJnu6YQMwo355","preKeyId":4873418}},"BWOC9RC3U9jUZUOtQRyVisKk/klO1+OValUGTU9kt1Ie":{"registrationId":1752670747,"currentRatchet":{"ephemeralKeyPair":{"pubKey":"BRbT0scsEY9sFJBrkZjofX9W0SsjaiDgGg3M4WTV5+p+","privKey":"2Dw7tTURfHxN6QBG17nrzFtliwj/3Z379N9JCEI412E="},"lastRemoteEphemeralKey":"Bf4awL9scxGYLzwBXP9Ckm6IW7bfsN4S3KQ5OVX+60F1","previousCounter":0,"rootKey":"zy0fSFXDAfsDnONykcgvlIm5Pue117tIOCd67Z17YXk="},"indexInfo":{"baseKey":"BWOC9RC3U9jUZUOtQRyVisKk/klO1+OValUGTU9kt1Ie","baseKeyType":1,"closed":1749359577442,"used":1749359576863,"created":1749359576863,"remoteIdentityKey":"BVO4ugKURAzfG9qtnwwN5QOyrBanVXPy84sE1i+YiuMI"},"_chains":{"BRbT0scsEY9sFJBrkZjofX9W0SsjaiDgGg3M4WTV5+p+":{"chainKey":{"counter":-1,"key":"SwBdIydTFFQvjYbuH9AOqlDTLMFfEnpBc+VOOs94I8g="},"chainType":1,"messageKeys":{}}},"pendingPreKey":{"signedKeyId":3,"baseKey":"BWOC9RC3U9jUZUOtQRyVisKk/klO1+OValUGTU9kt1Ie","preKeyId":4873408}},"BZFGXIuRT6dAJYAdauCJ2QuQjF8VGBTNVNDfomAPZotC":{"registrationId":1752670747,"currentRatchet":{"ephemeralKeyPair":{"pubKey":"BdcEvHm4mnezHtrJ9xJd5c++oso0CtZkhzctZ3H/sEMP","privKey":"ELJHpJZwBD6U0A1DwlXSPFlLrMdR0xU+wZlnxy1ad2Q="},"lastRemoteEphemeralKey":"Bf4awL9scxGYLzwBXP9Ckm6IW7bfsN4S3KQ5OVX+60F1","previousCounter":0,"rootKey":"v0l1EU+bQ/SDKGUPRV82uh0yuFqawVUAUc0Y4cnzgG4="},"indexInfo":{"baseKey":"BZFGXIuRT6dAJYAdauCJ2QuQjF8VGBTNVNDfomAPZotC","baseKeyType":1,"closed":-1,"used":1749359577441,"created":1749359577441,"remoteIdentityKey":"BVO4ugKURAzfG9qtnwwN5QOyrBanVXPy84sE1i+YiuMI"},"_chains":{"BdcEvHm4mnezHtrJ9xJd5c++oso0CtZkhzctZ3H/sEMP":{"chainKey":{"counter":6,"key":"8Txr+kIBIY4gUqOGvbKbGdX7SdIdRZ8ZCxi6zOF2/dY="},"chainType":1,"messageKeys":{}}},"pendingPreKey":{"signedKeyId":3,"baseKey":"BZFGXIuRT6dAJYAdauCJ2QuQjF8VGBTNVNDfomAPZotC","preKeyId":4873388}}},"version":"v1"}