{"_sessions":{"BZfbrMsz+yOUYT5ECdQPm8M2ZU8hJROoI5bB0MU7mVt3":{"registrationId":1687412514,"currentRatchet":{"ephemeralKeyPair":{"pubKey":"BTibWI7X/PKzSd3x3Ftgpmseo9PD+yHYeiMUySBJhHMO","privKey":"KLXFKW68SY7ECwCeIjXxrJMuAuCF+CDFv0zDi17Vm3U="},"lastRemoteEphemeralKey":"BetJ37Kvkv2/6G+GVmQhkU1efQvzvCc+EBhfRvR4HPAw","previousCounter":0,"rootKey":"hJLZqrxHcxHNGaGmOlN3/70zZhZYfES3CboKhHAInY8="},"indexInfo":{"baseKey":"BZfbrMsz+yOUYT5ECdQPm8M2ZU8hJROoI5bB0MU7mVt3","baseKeyType":1,"closed":-1,"used":1749274780844,"created":1749274780844,"remoteIdentityKey":"BesYa2MMyJLuewKetKRs4uYUno4p5QV8FU3tHUleBx8Z"},"_chains":{"BTibWI7X/PKzSd3x3Ftgpmseo9PD+yHYeiMUySBJhHMO":{"chainKey":{"counter":93,"key":"kWejzYAkEkKhQ9zsfkk389+eDaarabU9WnqAPPvAD/A="},"chainType":1,"messageKeys":{}}},"pendingPreKey":{"signedKeyId":1,"baseKey":"BZfbrMsz+yOUYT5ECdQPm8M2ZU8hJROoI5bB0MU7mVt3"}}},"version":"v1"}