{"_sessions":{"Bb93oJii5JbptBbC0/AZ045ra9EQR5IcIo5l1kwmQXhe":{"registrationId":1412863834,"currentRatchet":{"ephemeralKeyPair":{"pubKey":"BWPZH+TUiwvdyc8p40Y04VWKEKzjBgvssJ7fF0qcq4Ut","privKey":"qOheULCZiSJ/p/X+5cG8rwLAf0nVem4i0gOqRfjy3WM="},"lastRemoteEphemeralKey":"BTDeP+cfdYThNAtpao9kCY7X+fwY50i4yaNN/Bb/dMFb","previousCounter":0,"rootKey":"3KvZKdAlTAAA+y9ws1OzQTE4SQbXvPMiPn6eKUvReMs="},"indexInfo":{"baseKey":"Bb93oJii5JbptBbC0/AZ045ra9EQR5IcIo5l1kwmQXhe","baseKeyType":1,"closed":-1,"used":1749274781035,"created":1749274781035,"remoteIdentityKey":"Be7GoDFeBXoEdwXSp0yt3kxJTobT139TCI016jl5whEk"},"_chains":{"BWPZH+TUiwvdyc8p40Y04VWKEKzjBgvssJ7fF0qcq4Ut":{"chainKey":{"counter":93,"key":"Vlo60fOtzJzdp33zdSpV/mYJBkWVvBrrbJ++/6/5CFg="},"chainType":1,"messageKeys":{}}},"pendingPreKey":{"signedKeyId":1,"baseKey":"Bb93oJii5JbptBbC0/AZ045ra9EQR5IcIo5l1kwmQXhe"}}},"version":"v1"}