{"_sessions":{"BfAFK7EnNgpcp9TgAg/bq8vhdNE2qndxGvKj/UgJZYYw":{"registrationId":14590,"currentRatchet":{"ephemeralKeyPair":{"pubKey":"BWtG4fIMD1zf1wfCyI+1vSM2vA0ahkz+QncsjP8A5WlZ","privKey":"kGr211ULcU5uFy/fCUw24LKG68gUmxPhrMJWYeRUmUI="},"lastRemoteEphemeralKey":"BWzmr7soI3AMRvU8M5ZeBboT8+HM9SfieVGxdmDzHtgb","previousCounter":0,"rootKey":"UU3wSWZMVLbA8AKqxnY029y9ZSShIEKOoHDlqSA7JSA="},"indexInfo":{"baseKey":"BfAFK7EnNgpcp9TgAg/bq8vhdNE2qndxGvKj/UgJZYYw","baseKeyType":1,"closed":1749384213461,"used":1749384203532,"created":1749384203532,"remoteIdentityKey":"BfTRRJpDGs4K9eXDfbCPHQiUbBWeLas/B9Kg91I2tl4D"},"_chains":{"BWtG4fIMD1zf1wfCyI+1vSM2vA0ahkz+QncsjP8A5WlZ":{"chainKey":{"counter":0,"key":"TsI/cjR2BKr7rFY6BOijqG5htdMfnW4rQ0h9DOdJRDc="},"chainType":1,"messageKeys":{}}},"pendingPreKey":{"signedKeyId":1,"baseKey":"BfAFK7EnNgpcp9TgAg/bq8vhdNE2qndxGvKj/UgJZYYw"}},"BVFSA7GE0UaaZBTrbkxOXEFdbnd/jE7JASFGvvdojHc/":{"registrationId":14590,"currentRatchet":{"ephemeralKeyPair":{"pubKey":"BXVQIe0ber2yUY66GMjXUvn9cJwJ44SukiN6s1FYvq5a","privKey":"IFQCvHDs8twkadqMy+TRK9BCOe17qdaQYJyxb9CBsEg="},"lastRemoteEphemeralKey":"BWzmr7soI3AMRvU8M5ZeBboT8+HM9SfieVGxdmDzHtgb","previousCounter":0,"rootKey":"igev48rvgaZudPLrDWsnCmLdPRs3YOkNv4r5qvVLWWU="},"indexInfo":{"baseKey":"BVFSA7GE0UaaZBTrbkxOXEFdbnd/jE7JASFGvvdojHc/","baseKeyType":1,"closed":1749384214530,"used":1749384213459,"created":1749384213459,"remoteIdentityKey":"BfTRRJpDGs4K9eXDfbCPHQiUbBWeLas/B9Kg91I2tl4D"},"_chains":{"BXVQIe0ber2yUY66GMjXUvn9cJwJ44SukiN6s1FYvq5a":{"chainKey":{"counter":0,"key":"Vhe4UBxq6MKlOVVU9QGSZXiRQ0dHpewbdWLBTYHK+Gs="},"chainType":1,"messageKeys":{}}},"pendingPreKey":{"signedKeyId":1,"baseKey":"BVFSA7GE0UaaZBTrbkxOXEFdbnd/jE7JASFGvvdojHc/","preKeyId":792}},"Bd2y81Z//MkoKvmN5je2Q+GR6pfL7kji0eXofSSGiuFm":{"registrationId":14590,"currentRatchet":{"ephemeralKeyPair":{"pubKey":"Bf0LRJZn/N6/qr8Gio47Po0GH++XN9sxNO4DX7nBnXRq","privKey":"GPGtRKIvCTPLbGBWjxz8w+FrDVlFWdepyMhDrgZjNFw="},"lastRemoteEphemeralKey":"BWzmr7soI3AMRvU8M5ZeBboT8+HM9SfieVGxdmDzHtgb","previousCounter":0,"rootKey":"Ezks91GutJlnlp8CrM5pKi6caMckYOi3RbEMIBJKgrg="},"indexInfo":{"baseKey":"Bd2y81Z//MkoKvmN5je2Q+GR6pfL7kji0eXofSSGiuFm","baseKeyType":1,"closed":-1,"used":1749384214527,"created":1749384214527,"remoteIdentityKey":"BfTRRJpDGs4K9eXDfbCPHQiUbBWeLas/B9Kg91I2tl4D"},"_chains":{"Bf0LRJZn/N6/qr8Gio47Po0GH++XN9sxNO4DX7nBnXRq":{"chainKey":{"counter":1,"key":"vmIWcE7Ejjyza9xcjz8XSdBjToUzNGv2OYCsOKibhj8="},"chainType":1,"messageKeys":{}}},"pendingPreKey":{"signedKeyId":1,"baseKey":"Bd2y81Z//MkoKvmN5je2Q+GR6pfL7kji0eXofSSGiuFm","preKeyId":782}}},"version":"v1"}