{"_sessions":{"BbwCvXjiBj1e4icriobjHK7DAUlyMcD2ZuD1u/+2/ss0":{"registrationId":10497,"currentRatchet":{"ephemeralKeyPair":{"pubKey":"BQNOPxbgO7Tt5FHI6O9Hq29a3ZJGFzcDUFuMWUy3/bti","privKey":"CPqd1sSMp3ZaMT8935yDvF3ZScJkib7C374vfGQp8mk="},"lastRemoteEphemeralKey":"BQfo64SpbbQYO8Dav5HMA2dMj6F9dOy9CF90eCq2rBN+","previousCounter":0,"rootKey":"TA35Vhi1v9alLFUOOwK/FZWAExllZjEjVeccsm4K1ag="},"indexInfo":{"baseKey":"BbwCvXjiBj1e4icriobjHK7DAUlyMcD2ZuD1u/+2/ss0","baseKeyType":1,"closed":-1,"used":1749358808493,"created":1749358808493,"remoteIdentityKey":"BTB2kPxiPa8UHuOs6VABn2pRhWIWLrp7U2eXdFfBRqwT"},"_chains":{"BQNOPxbgO7Tt5FHI6O9Hq29a3ZJGFzcDUFuMWUy3/bti":{"chainKey":{"counter":58,"key":"VFLkRG+wQ4LdoD2OW3CvTdOkOdtLcuBYyJ9t37mCyrs="},"chainType":1,"messageKeys":{}}},"pendingPreKey":{"signedKeyId":1,"baseKey":"BbwCvXjiBj1e4icriobjHK7DAUlyMcD2ZuD1u/+2/ss0","preKeyId":2986}}},"version":"v1"}