{"_sessions":{"BfD+xBHsW9ZHyl8pqDxvYqTObZ/p01ZlRTtEweoXC9xY":{"registrationId":2132700017,"currentRatchet":{"ephemeralKeyPair":{"pubKey":"BdIjkzldYYoJ355pCly9cC7qZc6RAO5ydUotWb0crpce","privKey":"4KbRd18ItEgzfJOQ8g8Zhp26qrldt6WHBiBgGB7Pok0="},"lastRemoteEphemeralKey":"BbLf/P5FSCQHFellBZvN1H6xF21Gl3USmGFaYWgiSgkT","previousCounter":0,"rootKey":"HcvkuWooAGet35SwbsqdrR1rk+2NjfLWoWVYgUfrxUA="},"indexInfo":{"baseKey":"BfD+xBHsW9ZHyl8pqDxvYqTObZ/p01ZlRTtEweoXC9xY","baseKeyType":1,"closed":-1,"used":1749274780879,"created":1749274780879,"remoteIdentityKey":"BRc2kp9C1x8OolOD/Zpc3UTA6sDX8SB+x7zDlgEuDKNt"},"_chains":{"BdIjkzldYYoJ355pCly9cC7qZc6RAO5ydUotWb0crpce":{"chainKey":{"counter":93,"key":"kmevs50J6x+VpXc/5EtO5PuMLdMXQK6tl7nfJEll6H0="},"chainType":1,"messageKeys":{}}},"pendingPreKey":{"signedKeyId":2,"baseKey":"BfD+xBHsW9ZHyl8pqDxvYqTObZ/p01ZlRTtEweoXC9xY","preKeyId":5593277}}},"version":"v1"}