{"_sessions":{"BQdLLhNs3+vSxp5zbIXyDxyQcANPPpP/JOYx8N9Djj1E":{"registrationId":219053174,"currentRatchet":{"ephemeralKeyPair":{"pubKey":"BQ1E8mpp2p1FziWrRIgXke2FpC2J2UdYmS3O2BTMPz9d","privKey":"oBfs/TaOmHeiRByCvJgBGkcp0tdkrydMdy4ty/DFMXg="},"lastRemoteEphemeralKey":"BQ4m+PLNEA3EdMfOhLMOIrw/qGdSGR+MAUZuIyTyvKhT","previousCounter":0,"rootKey":"TB0Gqe7moV1OhhJuZQk7bfm99ljfP4Z/oecPjfSrUIo="},"indexInfo":{"baseKey":"BQdLLhNs3+vSxp5zbIXyDxyQcANPPpP/JOYx8N9Djj1E","baseKeyType":1,"closed":-1,"used":1749274780826,"created":1749274780826,"remoteIdentityKey":"Bd0EjNVvnagyvgLM/cc5ay2POKpvTO4TaMIEBXoGLrVO"},"_chains":{"BQ1E8mpp2p1FziWrRIgXke2FpC2J2UdYmS3O2BTMPz9d":{"chainKey":{"counter":93,"key":"KrUMXguWHVYz70tARfJRiuk/pMPJ6+KI3ftkRtjwkUA="},"chainType":1,"messageKeys":{}}},"pendingPreKey":{"signedKeyId":8,"baseKey":"BQdLLhNs3+vSxp5zbIXyDxyQcANPPpP/JOYx8N9Djj1E","preKeyId":7626772}}},"version":"v1"}