{"_sessions":{"BdjD7diwgrJFukDWrIJ5MsAxR1Re+gM81bLa9bgjHk1R":{"registrationId":1718427626,"currentRatchet":{"ephemeralKeyPair":{"pubKey":"BY0Vn3sG3cPny8v9ne6Nvj7Y+CqMGFEl/DqGqvxXrHd8","privKey":"KCf7oxKn4mO5LmZKNVGNrA7O4X7ZO+0mRzxP32vfWWA="},"lastRemoteEphemeralKey":"BSR56AfVvtH1z8LHbpH6xJzwe+xb5I8U1DHbdTBfoVpB","previousCounter":0,"rootKey":"hVYRCxZPChRNWww+xtcTfHYSPpxCXgFcx1J7JJgy+f4="},"indexInfo":{"baseKey":"BdjD7diwgrJFukDWrIJ5MsAxR1Re+gM81bLa9bgjHk1R","baseKeyType":1,"closed":1749371947654,"used":1749295290017,"created":1749295290017,"remoteIdentityKey":"BY5fjOtjmZMUbjg2nE5CnlVu6z6EgO+bymXqRBixF1NH"},"_chains":{"BY0Vn3sG3cPny8v9ne6Nvj7Y+CqMGFEl/DqGqvxXrHd8":{"chainKey":{"counter":59,"key":"gTmSq6Yk1fxwbk2WrnAt+k1pxyhAiFFv4btyrVMuK/g="},"chainType":1,"messageKeys":{}}},"pendingPreKey":{"signedKeyId":0,"baseKey":"BdjD7diwgrJFukDWrIJ5MsAxR1Re+gM81bLa9bgjHk1R","preKeyId":16376091}},"BY66cYnPxKo1NDOf7C733s3PlFf2WRRVLOnQJljyDrBj":{"registrationId":1718427626,"currentRatchet":{"ephemeralKeyPair":{"pubKey":"BdGJRV2RceCkdVUxfYjB5k8iAukN5iptmZecanw526dW","privKey":"8B51Oqp/vLbvzKDbtI7tlzhmJ1AnA5zTLk63XpkPvmM="},"lastRemoteEphemeralKey":"BSR56AfVvtH1z8LHbpH6xJzwe+xb5I8U1DHbdTBfoVpB","previousCounter":0,"rootKey":"VXoH+UlgudRBNCygOt0l4vgmDTPf6ZWe4obhDzISB2Q="},"indexInfo":{"baseKey":"BY66cYnPxKo1NDOf7C733s3PlFf2WRRVLOnQJljyDrBj","baseKeyType":1,"closed":1749371970619,"used":1749371947652,"created":1749371947652,"remoteIdentityKey":"BY5fjOtjmZMUbjg2nE5CnlVu6z6EgO+bymXqRBixF1NH"},"_chains":{"BdGJRV2RceCkdVUxfYjB5k8iAukN5iptmZecanw526dW":{"chainKey":{"counter":0,"key":"WxZm/KQs9VX9WCYFtaCkXJw73kk/RFiMd6I20W0xQik="},"chainType":1,"messageKeys":{}}},"pendingPreKey":{"signedKeyId":0,"baseKey":"BY66cYnPxKo1NDOf7C733s3PlFf2WRRVLOnQJljyDrBj"}},"BeeP+F5l0adVg4vL7qfqYA+M8Z+9TmCaLLTdvf2oIF95":{"registrationId":1718427626,"currentRatchet":{"ephemeralKeyPair":{"pubKey":"BaM1ocOLEAoaAiRIzVz3Pv+EYoMHCSM7MY/fOjuv7kd/","privKey":"6Ieml/14s6He73X+qrXLu3IEX9mGXn9jnN8ZTF4SsFw="},"lastRemoteEphemeralKey":"BSR56AfVvtH1z8LHbpH6xJzwe+xb5I8U1DHbdTBfoVpB","previousCounter":0,"rootKey":"yRFlGmjLFyZMNx2fFa2Y9AzhJdx8Sq/pAvI755woUio="},"indexInfo":{"baseKey":"BeeP+F5l0adVg4vL7qfqYA+M8Z+9TmCaLLTdvf2oIF95","baseKeyType":1,"closed":1749371984367,"used":1749371970616,"created":1749371970616,"remoteIdentityKey":"BY5fjOtjmZMUbjg2nE5CnlVu6z6EgO+bymXqRBixF1NH"},"_chains":{"BaM1ocOLEAoaAiRIzVz3Pv+EYoMHCSM7MY/fOjuv7kd/":{"chainKey":{"counter":0,"key":"idr1DcMaAw/NAaPm8uZnFo8MuvZqpbmiQdg03EoIklQ="},"chainType":1,"messageKeys":{}}},"pendingPreKey":{"signedKeyId":0,"baseKey":"BeeP+F5l0adVg4vL7qfqYA+M8Z+9TmCaLLTdvf2oIF95"}},"BdGeqhSb0rUNskRwE1w+Rhka9mUw6/g19mYRy+a24Ckb":{"registrationId":1718427626,"currentRatchet":{"ephemeralKeyPair":{"pubKey":"BV+t8ON7/0Q+7K5rF4iuFgZvo2fDQKdEc0mihFmDgHkF","privKey":"6KTPUIxeaGwO0PtxHySF7Gt45yUVEh00azJnQNcqO2Y="},"lastRemoteEphemeralKey":"BSR56AfVvtH1z8LHbpH6xJzwe+xb5I8U1DHbdTBfoVpB","previousCounter":0,"rootKey":"KXbd7//6lKKFpEZPww+EoU8xuI2Bw3GM5qrg7TWJe74="},"indexInfo":{"baseKey":"BdGeqhSb0rUNskRwE1w+Rhka9mUw6/g19mYRy+a24Ckb","baseKeyType":1,"closed":1749372018459,"used":1749371984366,"created":1749371984366,"remoteIdentityKey":"BY5fjOtjmZMUbjg2nE5CnlVu6z6EgO+bymXqRBixF1NH"},"_chains":{"BV+t8ON7/0Q+7K5rF4iuFgZvo2fDQKdEc0mihFmDgHkF":{"chainKey":{"counter":0,"key":"7ReCEAaFNWrOcbbuccHea5CxgnGzCet4Ty5yClLYnx8="},"chainType":1,"messageKeys":{}}},"pendingPreKey":{"signedKeyId":0,"baseKey":"BdGeqhSb0rUNskRwE1w+Rhka9mUw6/g19mYRy+a24Ckb"}},"Belr7oeRFR8msaIzu1B0l7cCnbMouVBJKyN9/F4CJUYS":{"registrationId":1718427626,"currentRatchet":{"ephemeralKeyPair":{"pubKey":"BbdwBV52jY6QABOq/uLVsc9m43hycGYQdiJidkGLyFdH","privKey":"2IAwfMw+Hog5vQmSAe4h5CQRro2vKEbSyRjaAMwEvH8="},"lastRemoteEphemeralKey":"BSR56AfVvtH1z8LHbpH6xJzwe+xb5I8U1DHbdTBfoVpB","previousCounter":0,"rootKey":"F6KJQLGPvVLgle7TjjKnStDeY2Kn6B2NBLkZI/dOYgc="},"indexInfo":{"baseKey":"Belr7oeRFR8msaIzu1B0l7cCnbMouVBJKyN9/F4CJUYS","baseKeyType":1,"closed":1749372038419,"used":1749372018457,"created":1749372018457,"remoteIdentityKey":"BY5fjOtjmZMUbjg2nE5CnlVu6z6EgO+bymXqRBixF1NH"},"_chains":{"BbdwBV52jY6QABOq/uLVsc9m43hycGYQdiJidkGLyFdH":{"chainKey":{"counter":0,"key":"fiHtaPvHuoNescW7oWGOUJB4Rjn6wZTjUEgMbi76WSc="},"chainType":1,"messageKeys":{}}},"pendingPreKey":{"signedKeyId":0,"baseKey":"Belr7oeRFR8msaIzu1B0l7cCnbMouVBJKyN9/F4CJUYS"}},"BTH9/jtkLVKPEds6wXpZOlebS/70Wc8NlKLSJH2eswkD":{"registrationId":1718427626,"currentRatchet":{"ephemeralKeyPair":{"pubKey":"BdocRXgw20fwBmYGBZnkpAoViv6mDEGm7E7jICLdBG5q","privKey":"CD+qw4UGGFmvplTlr2LSNvf/1Iq4J8ByJi8g34/P6X4="},"lastRemoteEphemeralKey":"BSR56AfVvtH1z8LHbpH6xJzwe+xb5I8U1DHbdTBfoVpB","previousCounter":0,"rootKey":"cogHBnWRboXVmc8oKF91Q/1dzd8WiOzzEU7yBprNHzU="},"indexInfo":{"baseKey":"BTH9/jtkLVKPEds6wXpZOlebS/70Wc8NlKLSJH2eswkD","baseKeyType":1,"closed":-1,"used":1749372038417,"created":1749372038417,"remoteIdentityKey":"BY5fjOtjmZMUbjg2nE5CnlVu6z6EgO+bymXqRBixF1NH"},"_chains":{"BdocRXgw20fwBmYGBZnkpAoViv6mDEGm7E7jICLdBG5q":{"chainKey":{"counter":18,"key":"UzK3jCZ+I1ZpVM6/ogKcsyGpdyWO7mJUjf0J7E1r3fU="},"chainType":1,"messageKeys":{}}},"pendingPreKey":{"signedKeyId":0,"baseKey":"BTH9/jtkLVKPEds6wXpZOlebS/70Wc8NlKLSJH2eswkD"}}},"version":"v1"}