{"_sessions":{"BdJO6gEL85RnoSQi0IOYCDLMq8LJ40pBLMM2buxvSpBo":{"registrationId":152,"currentRatchet":{"ephemeralKeyPair":{"pubKey":"BbLI2kHE1Ys2+Ut+1/l1J+NNMIE+QFIMxu22XLd0yXhr","privKey":"mFxLFWV4R8mRjvdb/HT/RzA+zDKsbagg5pe1kKVFYFs="},"lastRemoteEphemeralKey":"Ba535fu1JUBsqlUDb5KlCp9awomAS6FNn9ELRQZA4f1v","previousCounter":2,"rootKey":"Ffc5MrXsbiQ4mxK6eSDCOaTm4v5dpQAWwSWY2TKfUgQ="},"indexInfo":{"baseKey":"BdJO6gEL85RnoSQi0IOYCDLMq8LJ40pBLMM2buxvSpBo","baseKeyType":1,"closed":1749316621019,"used":1749346006241,"created":1749299354988,"remoteIdentityKey":"BXhs2MzXg7eq0kt8C3IGHq2f+mqBH3a8gkPDzw9a8J0u"},"_chains":{"Bfxa7YN/3q8HKFP6MeNJfEZdWJvWaW61Ow+50LhXxVwh":{"chainKey":{"counter":1},"chainType":2,"messageKeys":{}},"Ba535fu1JUBsqlUDb5KlCp9awomAS6FNn9ELRQZA4f1v":{"chainKey":{"counter":0,"key":"f4rnr+qtF2KH2s4FVk6wHSNJn/fm6SEzYUqY9b5RBOc="},"chainType":2,"messageKeys":{}},"BbLI2kHE1Ys2+Ut+1/l1J+NNMIE+QFIMxu22XLd0yXhr":{"chainKey":{"counter":-1,"key":"MKbAtR04MFAmzBxyt//bpSXN+Lf28PUUjyA6RH2UYIU="},"chainType":1,"messageKeys":{}}}},"BadHM7l4crb4kuXc0u/wV1Dx3r9vmpS9ZLAP1iYIi7hi":{"registrationId":152,"currentRatchet":{"ephemeralKeyPair":{"pubKey":"BZE9Twdv/7IBPiw9RqrJB3VMLU0fN48HamXS/kKpJtFF","privKey":"EPUWu8bKDmpvCZzBsliInc42+Xx/tASnp9oWMj0cDnw="},"lastRemoteEphemeralKey":"Ba535fu1JUBsqlUDb5KlCp9awomAS6FNn9ELRQZA4f1v","previousCounter":0,"rootKey":"zuMi80PANNDwmclfofLaOSXe0Z1pdJa0P3k6MRGTVYw="},"indexInfo":{"baseKey":"BadHM7l4crb4kuXc0u/wV1Dx3r9vmpS9ZLAP1iYIi7hi","baseKeyType":1,"closed":1749316621602,"used":1749316621013,"created":1749316621013,"remoteIdentityKey":"BXhs2MzXg7eq0kt8C3IGHq2f+mqBH3a8gkPDzw9a8J0u"},"_chains":{"Ba535fu1JUBsqlUDb5KlCp9awomAS6FNn9ELRQZA4f1v":{"chainKey":{"counter":0,"key":"YS1TdYbJEmtfCtDwKU4Nk0ZFRrJMLma74YOzKVnVf+o="},"chainType":2,"messageKeys":{}},"BZE9Twdv/7IBPiw9RqrJB3VMLU0fN48HamXS/kKpJtFF":{"chainKey":{"counter":-1,"key":"6kBAmEIhZWxRICszoHSEmmuZNIXVKqD0crJ//fS5/og="},"chainType":1,"messageKeys":{}}},"pendingPreKey":{"signedKeyId":1,"baseKey":"BadHM7l4crb4kuXc0u/wV1Dx3r9vmpS9ZLAP1iYIi7hi"}},"BWiIGkEh/s9c9cbFsJ4iak/pgX0mwevD9qxrJbnixRxv":{"registrationId":152,"currentRatchet":{"ephemeralKeyPair":{"pubKey":"BTcJ6SjGNmad86bZqKUEpu7rB4tBG0FxNqSfPlmJ8QM7","privKey":"EEQcXkt0SgPgY/RjwT0DGpeTItJ9dKMGraV8Ap2jP0Q="},"lastRemoteEphemeralKey":"Ba535fu1JUBsqlUDb5KlCp9awomAS6FNn9ELRQZA4f1v","previousCounter":0,"rootKey":"rZMpBISFezJZANXb5FcXG8KagDNfOx5YMImNeFtS/XE="},"indexInfo":{"baseKey":"BWiIGkEh/s9c9cbFsJ4iak/pgX0mwevD9qxrJbnixRxv","baseKeyType":1,"closed":1749316658135,"used":1749316621599,"created":1749316621599,"remoteIdentityKey":"BXhs2MzXg7eq0kt8C3IGHq2f+mqBH3a8gkPDzw9a8J0u"},"_chains":{"Ba535fu1JUBsqlUDb5KlCp9awomAS6FNn9ELRQZA4f1v":{"chainKey":{"counter":0,"key":"OAoBjg/AqSXO226TuDJt0ce6h9vp1jEI1SkfrUoWArw="},"chainType":2,"messageKeys":{}},"BTcJ6SjGNmad86bZqKUEpu7rB4tBG0FxNqSfPlmJ8QM7":{"chainKey":{"counter":-1,"key":"Vm3p09GrmTdWvzT2dCuV0+sSRzQx8zNWOH3xOhCk4Ts="},"chainType":1,"messageKeys":{}}},"pendingPreKey":{"signedKeyId":1,"baseKey":"BWiIGkEh/s9c9cbFsJ4iak/pgX0mwevD9qxrJbnixRxv"}},"BRfSlF8BtWJK3hQyxx/tgwB0yatsAlixP03DCdE0Y0JD":{"registrationId":152,"currentRatchet":{"ephemeralKeyPair":{"pubKey":"BXz39pWSF+y4lT7llKxgrwUR2cogv4XTq5XEJzeizM8F","privKey":"oLbQS2CeXyYS/UO0wqcwBnb35cH0xgZk2gnAh1iow0o="},"lastRemoteEphemeralKey":"Ba535fu1JUBsqlUDb5KlCp9awomAS6FNn9ELRQZA4f1v","previousCounter":0,"rootKey":"Gt+iby1MH5qfnph3t5H+xtoXN9Hy/sOopj0vJc5isN0="},"indexInfo":{"baseKey":"BRfSlF8BtWJK3hQyxx/tgwB0yatsAlixP03DCdE0Y0JD","baseKeyType":1,"closed":1749316658684,"used":1749316658134,"created":1749316658134,"remoteIdentityKey":"BXhs2MzXg7eq0kt8C3IGHq2f+mqBH3a8gkPDzw9a8J0u"},"_chains":{"Ba535fu1JUBsqlUDb5KlCp9awomAS6FNn9ELRQZA4f1v":{"chainKey":{"counter":0,"key":"cqsx0WpXacasJfjxuFOEYZd+S0U9M0NXsQPxaWmdWeg="},"chainType":2,"messageKeys":{}},"BXz39pWSF+y4lT7llKxgrwUR2cogv4XTq5XEJzeizM8F":{"chainKey":{"counter":-1,"key":"yh28lVRGsuxcaSbRaUuEaTx4vC2FvHl7jGzdzi2vCsY="},"chainType":1,"messageKeys":{}}},"pendingPreKey":{"signedKeyId":1,"baseKey":"BRfSlF8BtWJK3hQyxx/tgwB0yatsAlixP03DCdE0Y0JD"}},"BZ8+e17K9J2jDl9QQpuYFkgNDzk7mAUE1zD3DM3SrOwO":{"registrationId":152,"currentRatchet":{"ephemeralKeyPair":{"pubKey":"BewFXdHp8JaNv3ZNFWDelpu8ZyPXnErBO9/X7dPg7zol","privKey":"ENROfVi3rqQYV8Cy4+1e65asXZs/EPxidZ3qS24Jfl4="},"lastRemoteEphemeralKey":"Ba535fu1JUBsqlUDb5KlCp9awomAS6FNn9ELRQZA4f1v","previousCounter":0,"rootKey":"7ZhPejHm9wMGdyxK0OPVo9aKGgKlqUtCu/SWAG1JqJg="},"indexInfo":{"baseKey":"BZ8+e17K9J2jDl9QQpuYFkgNDzk7mAUE1zD3DM3SrOwO","baseKeyType":1,"closed":1749316659223,"used":1749316658683,"created":1749316658683,"remoteIdentityKey":"BXhs2MzXg7eq0kt8C3IGHq2f+mqBH3a8gkPDzw9a8J0u"},"_chains":{"Ba535fu1JUBsqlUDb5KlCp9awomAS6FNn9ELRQZA4f1v":{"chainKey":{"counter":0,"key":"9nBxqBp29FJYU6cgFfMliI1XugNPbZAmeWwt4uF4rlE="},"chainType":2,"messageKeys":{}},"BewFXdHp8JaNv3ZNFWDelpu8ZyPXnErBO9/X7dPg7zol":{"chainKey":{"counter":-1,"key":"wRCSt1GHYHjzXQrHMpmTKIyKofVZmkClREIXMfJczNA="},"chainType":1,"messageKeys":{}}},"pendingPreKey":{"signedKeyId":1,"baseKey":"BZ8+e17K9J2jDl9QQpuYFkgNDzk7mAUE1zD3DM3SrOwO"}},"BSHIu92vNuXgS5nGPMITNDNrQWNFDy1VEA0WDACQiG5e":{"registrationId":152,"currentRatchet":{"ephemeralKeyPair":{"pubKey":"BQ3YqFAdvloDA6U6BVDmuiSH8ejzuiPOB5pH63sfX3Fd","privKey":"yA476J0GL8xYVGbIDTnqUtt+WSge1neqer/V7VNz9X0="},"lastRemoteEphemeralKey":"Ba535fu1JUBsqlUDb5KlCp9awomAS6FNn9ELRQZA4f1v","previousCounter":0,"rootKey":"5O/q7huhgtcz0M1Ks+SeQQ+D8QoZlxwukp0qA8vX3IM="},"indexInfo":{"baseKey":"BSHIu92vNuXgS5nGPMITNDNrQWNFDy1VEA0WDACQiG5e","baseKeyType":1,"closed":1749316659761,"used":1749316659221,"created":1749316659221,"remoteIdentityKey":"BXhs2MzXg7eq0kt8C3IGHq2f+mqBH3a8gkPDzw9a8J0u"},"_chains":{"Ba535fu1JUBsqlUDb5KlCp9awomAS6FNn9ELRQZA4f1v":{"chainKey":{"counter":0,"key":"bNdaDKFyugwWoH902qfDvRxAGP1o4MRYA1lZ5N54d14="},"chainType":2,"messageKeys":{}},"BQ3YqFAdvloDA6U6BVDmuiSH8ejzuiPOB5pH63sfX3Fd":{"chainKey":{"counter":-1,"key":"dgI7XT0UnMhrRR8vaCMvgyFrj2JSXI7y35SFe8dRRUs="},"chainType":1,"messageKeys":{}}},"pendingPreKey":{"signedKeyId":1,"baseKey":"BSHIu92vNuXgS5nGPMITNDNrQWNFDy1VEA0WDACQiG5e"}},"Betze9o5IMON/WourZKoZxnhS+lDeSAHoco3fEMwCRIQ":{"registrationId":152,"currentRatchet":{"ephemeralKeyPair":{"pubKey":"BfUR1wTfv2G/tS/I8y5Oej06DfrvXfZfFS65jj5GQHM6","privKey":"SP3MznMzUBvgz1shjhSEuF+32dsk20XXfUPT3NbVEFQ="},"lastRemoteEphemeralKey":"Ba535fu1JUBsqlUDb5KlCp9awomAS6FNn9ELRQZA4f1v","previousCounter":0,"rootKey":"899GTbTlUvmMJA47sIKtpxtyJM++r7DOX/v5VVOZWhs="},"indexInfo":{"baseKey":"Betze9o5IMON/WourZKoZxnhS+lDeSAHoco3fEMwCRIQ","baseKeyType":1,"closed":1749316660300,"used":1749316659759,"created":1749316659759,"remoteIdentityKey":"BXhs2MzXg7eq0kt8C3IGHq2f+mqBH3a8gkPDzw9a8J0u"},"_chains":{"Ba535fu1JUBsqlUDb5KlCp9awomAS6FNn9ELRQZA4f1v":{"chainKey":{"counter":0,"key":"5d0/3ZSTTC325+S62GpP6BSwmqLQ3XU7iJpWBh7eT5c="},"chainType":2,"messageKeys":{}},"BfUR1wTfv2G/tS/I8y5Oej06DfrvXfZfFS65jj5GQHM6":{"chainKey":{"counter":-1,"key":"T4blMF/9gXefLTVcUg5pP7hUp27ZAOQKrcvp/DfI+Zo="},"chainType":1,"messageKeys":{}}},"pendingPreKey":{"signedKeyId":1,"baseKey":"Betze9o5IMON/WourZKoZxnhS+lDeSAHoco3fEMwCRIQ"}},"BTcpkMzXOoHVRA2dFzZhQJ5Ym5gZES9Ze/NOpO0jK7Je":{"registrationId":152,"currentRatchet":{"ephemeralKeyPair":{"pubKey":"BYYZY6FNRbn+Wu98/7MNWBfSsvw9wcwsrRyvhI8GRXQA","privKey":"+L637x4Z6TTua9MdRU8mzatqx1xjC/0MtkexgW3sk3o="},"lastRemoteEphemeralKey":"Ba535fu1JUBsqlUDb5KlCp9awomAS6FNn9ELRQZA4f1v","previousCounter":0,"rootKey":"87YlUgXtfkYvMtaSwiInMtc8Ok+bogUaipx7U+cDtIc="},"indexInfo":{"baseKey":"BTcpkMzXOoHVRA2dFzZhQJ5Ym5gZES9Ze/NOpO0jK7Je","baseKeyType":1,"closed":1749316660855,"used":1749316660299,"created":1749316660299,"remoteIdentityKey":"BXhs2MzXg7eq0kt8C3IGHq2f+mqBH3a8gkPDzw9a8J0u"},"_chains":{"Ba535fu1JUBsqlUDb5KlCp9awomAS6FNn9ELRQZA4f1v":{"chainKey":{"counter":0,"key":"Zwl9zQGaxqYrSETTUSJatCr1Wu/SkdWRDGxWLMy0kGY="},"chainType":2,"messageKeys":{}},"BYYZY6FNRbn+Wu98/7MNWBfSsvw9wcwsrRyvhI8GRXQA":{"chainKey":{"counter":-1,"key":"uU17mXXeIxFKH1faAWstgE4//i0l1uQvRnZmYPBMsMU="},"chainType":1,"messageKeys":{}}},"pendingPreKey":{"signedKeyId":1,"baseKey":"BTcpkMzXOoHVRA2dFzZhQJ5Ym5gZES9Ze/NOpO0jK7Je"}},"BeMZF6YzZfK5jXfqPyGSbSV5TrVTayPe2aD/4gTAfKVe":{"registrationId":152,"currentRatchet":{"ephemeralKeyPair":{"pubKey":"BWytyGyOz9CbRJHyL6IxYTqrU7gHmZcQjzPOAMyeyW9T","privKey":"IGWCfgn/QI+xvsfBJ8DFnqLfnlf10q+I4rZXGJKM/3M="},"lastRemoteEphemeralKey":"Ba535fu1JUBsqlUDb5KlCp9awomAS6FNn9ELRQZA4f1v","previousCounter":0,"rootKey":"nuTnZqO+bGLunxWhP+t1WGE1otBwB/KOe2lmHB3kUSY="},"indexInfo":{"baseKey":"BeMZF6YzZfK5jXfqPyGSbSV5TrVTayPe2aD/4gTAfKVe","baseKeyType":1,"closed":1749316661387,"used":1749316660853,"created":1749316660853,"remoteIdentityKey":"BXhs2MzXg7eq0kt8C3IGHq2f+mqBH3a8gkPDzw9a8J0u"},"_chains":{"Ba535fu1JUBsqlUDb5KlCp9awomAS6FNn9ELRQZA4f1v":{"chainKey":{"counter":0,"key":"sVDJL4I7U0wrtY7sQHSEnK5Xu03hvSO8T34Pjvc6y00="},"chainType":2,"messageKeys":{}},"BWytyGyOz9CbRJHyL6IxYTqrU7gHmZcQjzPOAMyeyW9T":{"chainKey":{"counter":-1,"key":"zclR6fVivhHGBTiHT+Elbn95/s3AjkLWIWLWbcEiJOo="},"chainType":1,"messageKeys":{}}},"pendingPreKey":{"signedKeyId":1,"baseKey":"BeMZF6YzZfK5jXfqPyGSbSV5TrVTayPe2aD/4gTAfKVe"}},"BVRhS29KHCYFKAAOvQkaf0Zu/Mewg9MlN+3IH5suQP8Q":{"registrationId":152,"currentRatchet":{"ephemeralKeyPair":{"pubKey":"BfktqG998JQkvFwBpOgzoDRlxAlM5Xn1mB36eVDFPptd","privKey":"EA/yTHemio9KOS2SB0LMUApyTjI0CHrR+hH2woUmD1o="},"lastRemoteEphemeralKey":"Ba535fu1JUBsqlUDb5KlCp9awomAS6FNn9ELRQZA4f1v","previousCounter":0,"rootKey":"Qlsu8L7mo1a97t/NqkRLPzNn3LxaN4XtVKWbJw6bKFU="},"indexInfo":{"baseKey":"BVRhS29KHCYFKAAOvQkaf0Zu/Mewg9MlN+3IH5suQP8Q","baseKeyType":1,"closed":1749316737607,"used":1749316661385,"created":1749316661385,"remoteIdentityKey":"BXhs2MzXg7eq0kt8C3IGHq2f+mqBH3a8gkPDzw9a8J0u"},"_chains":{"Ba535fu1JUBsqlUDb5KlCp9awomAS6FNn9ELRQZA4f1v":{"chainKey":{"counter":0,"key":"Vmktl/w+4RYlKnfQ+mXitphsispT+U/7fpTzVOKwt5g="},"chainType":2,"messageKeys":{}},"BfktqG998JQkvFwBpOgzoDRlxAlM5Xn1mB36eVDFPptd":{"chainKey":{"counter":-1,"key":"IUyZGGDr8NpcUuDfYefMxhmItbro0k6BlgNWKp0lM2g="},"chainType":1,"messageKeys":{}}},"pendingPreKey":{"signedKeyId":1,"baseKey":"BVRhS29KHCYFKAAOvQkaf0Zu/Mewg9MlN+3IH5suQP8Q"}},"BfQRoZfm9x/hNY6cxM37lUtHvm5SevT+BN0WUy4TGVka":{"registrationId":152,"currentRatchet":{"ephemeralKeyPair":{"pubKey":"BcNOqjebDZG0Hz1HgddMOCQRh1+slHAPeGEsmcArtz4v","privKey":"4C+clSCQNoHq/MZVdOWY0D+dkDGTtzgv6Bc1LZcEkXc="},"lastRemoteEphemeralKey":"Ba535fu1JUBsqlUDb5KlCp9awomAS6FNn9ELRQZA4f1v","previousCounter":7,"rootKey":"1rfPQnm+uFR/Yl4VWd64BNdtG2FcEPdRiEy1sRgQOfI="},"indexInfo":{"baseKey":"BfQRoZfm9x/hNY6cxM37lUtHvm5SevT+BN0WUy4TGVka","baseKeyType":1,"closed":1749345738206,"used":1749316737605,"created":1749316737605,"remoteIdentityKey":"BXhs2MzXg7eq0kt8C3IGHq2f+mqBH3a8gkPDzw9a8J0u"},"_chains":{"Ba535fu1JUBsqlUDb5KlCp9awomAS6FNn9ELRQZA4f1v":{"chainKey":{"counter":0,"key":"ZiIlXV6yKAzkYkB1NitRWsoSiyhJonFVCylAywQe+Ck="},"chainType":2,"messageKeys":{}},"BcNOqjebDZG0Hz1HgddMOCQRh1+slHAPeGEsmcArtz4v":{"chainKey":{"counter":-1,"key":"XxY2NG17OVwk0nXGwMAhebNuXk9wymEzq01NC5ly2N8="},"chainType":1,"messageKeys":{}}},"pendingPreKey":{"signedKeyId":1,"baseKey":"BfQRoZfm9x/hNY6cxM37lUtHvm5SevT+BN0WUy4TGVka"}},"BUTRXLA9e8f7mtnjvUCRQsdNr1KCPZlOEq8fKK2aJZ5I":{"registrationId":152,"currentRatchet":{"ephemeralKeyPair":{"pubKey":"BWpz3Y9rHRS2GPb+klbsJLjP4PlJinUyET5xYYwzTKFZ","privKey":"aLE/BnamtwNhyRDOzKAAMbNuwavo5DnMbRGn+ejNnXU="},"lastRemoteEphemeralKey":"Ba535fu1JUBsqlUDb5KlCp9awomAS6FNn9ELRQZA4f1v","previousCounter":0,"rootKey":"4keeW7K12UhkYa1adAQo9bknQfcYLEBI4Q5WTegQMsY="},"indexInfo":{"baseKey":"BUTRXLA9e8f7mtnjvUCRQsdNr1KCPZlOEq8fKK2aJZ5I","baseKeyType":1,"closed":1749345738789,"used":1749345738204,"created":1749345738204,"remoteIdentityKey":"BXhs2MzXg7eq0kt8C3IGHq2f+mqBH3a8gkPDzw9a8J0u"},"_chains":{"Ba535fu1JUBsqlUDb5KlCp9awomAS6FNn9ELRQZA4f1v":{"chainKey":{"counter":0,"key":"FgTOaq3lh75G9VpSZzxGiVrsSsEk47yhyoMi0m6DI9Y="},"chainType":2,"messageKeys":{}},"BWpz3Y9rHRS2GPb+klbsJLjP4PlJinUyET5xYYwzTKFZ":{"chainKey":{"counter":-1,"key":"SYy6XECRvumKqheABcLoJer/7V+z6acWUOAlAiw4osk="},"chainType":1,"messageKeys":{}}},"pendingPreKey":{"signedKeyId":1,"baseKey":"BUTRXLA9e8f7mtnjvUCRQsdNr1KCPZlOEq8fKK2aJZ5I"}},"BY6NISjV23rS7+AQZKV24lwXP5DqiipOHAMSYS1CNFgV":{"registrationId":152,"currentRatchet":{"ephemeralKeyPair":{"pubKey":"BTigMoEOg2CjyxsRnOTgySapfRYFKOkLcekzp+kKgGQv","privKey":"AIzOTtpsk1yVqr2Uofs00LMfqpfFm4G4hSgA7Ni0M38="},"lastRemoteEphemeralKey":"Ba535fu1JUBsqlUDb5KlCp9awomAS6FNn9ELRQZA4f1v","previousCounter":0,"rootKey":"T1NbZO6XGgzGbb9oKNKLxh//NNaZ01rwKLu006IZY8Q="},"indexInfo":{"baseKey":"BY6NISjV23rS7+AQZKV24lwXP5DqiipOHAMSYS1CNFgV","baseKeyType":1,"closed":1749345739354,"used":1749345738788,"created":1749345738788,"remoteIdentityKey":"BXhs2MzXg7eq0kt8C3IGHq2f+mqBH3a8gkPDzw9a8J0u"},"_chains":{"Ba535fu1JUBsqlUDb5KlCp9awomAS6FNn9ELRQZA4f1v":{"chainKey":{"counter":0,"key":"SSoegNQRIeXPwd+J5V7HNGr8lz0Uu6rp4BEr93Dnpos="},"chainType":2,"messageKeys":{}},"BTigMoEOg2CjyxsRnOTgySapfRYFKOkLcekzp+kKgGQv":{"chainKey":{"counter":-1,"key":"M0Ju7209hkRcy6Y5WMAQQEj0qYDQsEIjvT3jIMekU4I="},"chainType":1,"messageKeys":{}}},"pendingPreKey":{"signedKeyId":1,"baseKey":"BY6NISjV23rS7+AQZKV24lwXP5DqiipOHAMSYS1CNFgV"}},"BfQm6t/GMjvGmuenKl8lQxqazg3z1YiV2JLg2WfDrclP":{"registrationId":152,"currentRatchet":{"ephemeralKeyPair":{"pubKey":"BS9pu2RzhCE1MSaeYud2MxOvzwdWOqB13O/M8AcEadE6","privKey":"0K0JHxNe3CO6zJnvHsK3RFLhU1tifKxVIZXjzr/IsF4="},"lastRemoteEphemeralKey":"Ba535fu1JUBsqlUDb5KlCp9awomAS6FNn9ELRQZA4f1v","previousCounter":0,"rootKey":"f3LXWxvD+xAd4t9I0iZQN9ahbjCSMVRpLFxbYgNSBBQ="},"indexInfo":{"baseKey":"BfQm6t/GMjvGmuenKl8lQxqazg3z1YiV2JLg2WfDrclP","baseKeyType":1,"closed":1749345740410,"used":1749345739352,"created":1749345739352,"remoteIdentityKey":"BXhs2MzXg7eq0kt8C3IGHq2f+mqBH3a8gkPDzw9a8J0u"},"_chains":{"Ba535fu1JUBsqlUDb5KlCp9awomAS6FNn9ELRQZA4f1v":{"chainKey":{"counter":0,"key":"vWpWNjBJcRW5idcgxnMejRAGXIQcVnrqaSyz15yn0hE="},"chainType":2,"messageKeys":{}},"BS9pu2RzhCE1MSaeYud2MxOvzwdWOqB13O/M8AcEadE6":{"chainKey":{"counter":-1,"key":"hIEqoL2vs4jnUKYMEdvnMb6QF6ZH0yIFltQSoonda6A="},"chainType":1,"messageKeys":{}}},"pendingPreKey":{"signedKeyId":1,"baseKey":"BfQm6t/GMjvGmuenKl8lQxqazg3z1YiV2JLg2WfDrclP"}},"BS3c8u9zQv32qy9HhALzIQIo7AZIYlLB/aJ9FAef+Y4N":{"registrationId":152,"currentRatchet":{"ephemeralKeyPair":{"pubKey":"BeYxiMKdJoCWpMubQwAivUOgErA+gzWJcdssA95zmW1P","privKey":"oKMwIHHCUXztNhRu4J1XC16X1wasIPAguHqV1PBqV3A="},"lastRemoteEphemeralKey":"Ba535fu1JUBsqlUDb5KlCp9awomAS6FNn9ELRQZA4f1v","previousCounter":0,"rootKey":"OcTApU9jMQKMB/j4mEbsjCchUHnv4hE83QgffgdXP5M="},"indexInfo":{"baseKey":"BS3c8u9zQv32qy9HhALzIQIo7AZIYlLB/aJ9FAef+Y4N","baseKeyType":1,"closed":1749352049582,"used":1749345740408,"created":1749345740408,"remoteIdentityKey":"BXhs2MzXg7eq0kt8C3IGHq2f+mqBH3a8gkPDzw9a8J0u"},"_chains":{"Ba535fu1JUBsqlUDb5KlCp9awomAS6FNn9ELRQZA4f1v":{"chainKey":{"counter":0,"key":"NPHR6zX44nKBw/qLNxPSX80iAoxG2kcF0MmU0XDE6aI="},"chainType":2,"messageKeys":{}},"BeYxiMKdJoCWpMubQwAivUOgErA+gzWJcdssA95zmW1P":{"chainKey":{"counter":0,"key":"fksbOXJMrH8ZHU1dNSh1JX6I8AdDym4hPHgFplQiyR8="},"chainType":1,"messageKeys":{}}},"pendingPreKey":{"signedKeyId":1,"baseKey":"BS3c8u9zQv32qy9HhALzIQIo7AZIYlLB/aJ9FAef+Y4N"}},"BXpX/+lZbwdpe2oVvYpez5NQP89uBO/NCIw7aoHtUHcm":{"registrationId":152,"currentRatchet":{"ephemeralKeyPair":{"pubKey":"BV5PFH5+mFmEDyLu5DR0m4hYMW7NT6MTq0EVnlmDzztT","privKey":"EK02rrio75idRCQnJv5sMVNoFrBwBbv3wyYLPmbFrFY="},"lastRemoteEphemeralKey":"BYnv/eRl+z8S30RwHoIjuHAuuggnPIoTjkCBQkfysZB9","previousCounter":0,"rootKey":"hQmaBwdZnbJYrjdn3KppxGiBa5lh189aJz9fVBA/kyE="},"indexInfo":{"baseKey":"BXpX/+lZbwdpe2oVvYpez5NQP89uBO/NCIw7aoHtUHcm","baseKeyType":1,"closed":-1,"used":1749352049577,"created":1749352049577,"remoteIdentityKey":"BXhs2MzXg7eq0kt8C3IGHq2f+mqBH3a8gkPDzw9a8J0u"},"_chains":{"BV5PFH5+mFmEDyLu5DR0m4hYMW7NT6MTq0EVnlmDzztT":{"chainKey":{"counter":57,"key":"hVQF05R4Wo1v8T+fQUIxXeAzcGpuNfcOd6GXYI6V48c="},"chainType":1,"messageKeys":{}}},"pendingPreKey":{"signedKeyId":1,"baseKey":"BXpX/+lZbwdpe2oVvYpez5NQP89uBO/NCIw7aoHtUHcm"}}},"version":"v1"}