{"_sessions":{"BZ83JqnifE9FDkLW8BV1EnuWHfG1md17z4hdWnWRi0kM":{"registrationId":10266,"currentRatchet":{"ephemeralKeyPair":{"pubKey":"BXxdmXjHC9tdSjUkt8eYLzdwwExLQdpe0MDHvEK9As55","privKey":"6JrqhTA0KIrarq/W7uEuOBsuXh7bLa1lLvo4i1kQT2k="},"lastRemoteEphemeralKey":"BRK1kCxC+fDIiyuUtSqUwNYtoLMvF1YA/tJne9RAPxcx","previousCounter":0,"rootKey":"+H8dCitTUjiE6e4FyZWWZmO6ByheHYnvCyWI9d2nUVo="},"indexInfo":{"baseKey":"BZ83JqnifE9FDkLW8BV1EnuWHfG1md17z4hdWnWRi0kM","baseKeyType":1,"closed":-1,"used":1749284410044,"created":1749284410044,"remoteIdentityKey":"BfPUWPQUgCUWUVDR6s24hVRE6ABCx2PWvYtkOThYJhVU"},"_chains":{"BXxdmXjHC9tdSjUkt8eYLzdwwExLQdpe0MDHvEK9As55":{"chainKey":{"counter":1,"key":"XcLe1akbOqynQRRYbZaqccWRHVUVf4Advq6wilReKpY="},"chainType":1,"messageKeys":{}}},"pendingPreKey":{"signedKeyId":1,"baseKey":"BZ83JqnifE9FDkLW8BV1EnuWHfG1md17z4hdWnWRi0kM","preKeyId":13}}},"version":"v1"}