{"_sessions":{"BREAEreg70XtxL0RrZSu4+I0U6HlOv6U23GXnbEA3SNm":{"registrationId":168,"currentRatchet":{"ephemeralKeyPair":{"pubKey":"BTN+EF6If3C8ERd4lOOWN8/Nu7HJ7UY2OHDLE96Zx5Ny","privKey":"YO+1w3f4yLOHImDJpgSjpRMZpf+w+D2LV/KTA9I5G3A="},"lastRemoteEphemeralKey":"Bfau5FUTKoZQjB20nFmAMUMyFwYMON6ghPv76FprkR4N","previousCounter":0,"rootKey":"4BDJMTxJHjHCfnzMLVrG3yMNECwYm0eyudN7Atu8ulU="},"indexInfo":{"baseKey":"BREAEreg70XtxL0RrZSu4+I0U6HlOv6U23GXnbEA3SNm","baseKeyType":1,"closed":-1,"used":1749332706674,"created":1749332706674,"remoteIdentityKey":"BaAzKlV8YgiScpYzklLcwcST5QEPsp3srT2zuAxEsNwf"},"_chains":{"BTN+EF6If3C8ERd4lOOWN8/Nu7HJ7UY2OHDLE96Zx5Ny":{"chainKey":{"counter":9,"key":"9LEnimU92rMrpbgJNw/Cz9BvrSzx/PvbTZ4daOG8qxc="},"chainType":1,"messageKeys":{}}},"pendingPreKey":{"signedKeyId":1,"baseKey":"BREAEreg70XtxL0RrZSu4+I0U6HlOv6U23GXnbEA3SNm"}}},"version":"v1"}