{"_sessions":{"BWkHn02UTgjnWnooMeFKBWqy9kWVC88gW+cZSRNRdU0y":{"registrationId":1854202963,"currentRatchet":{"ephemeralKeyPair":{"pubKey":"Bcz5E34k3Uq72CLUcq8IQphoKytW17WcCeLKMtNo0I0h","privKey":"yNjzTUEYr00Hzd7qpCjuS+F9icTreHY95mOm6lwXO10="},"lastRemoteEphemeralKey":"BVQMwCw+meM+9MGZqTSIhsUQohJOm8KXUFC5O4eaTcoV","previousCounter":0,"rootKey":"qeXbPfyw3lTqA1bUyuWk2FO2Bgc7bs9yfX2Ll5jYfnI="},"indexInfo":{"baseKey":"BWkHn02UTgjnWnooMeFKBWqy9kWVC88gW+cZSRNRdU0y","baseKeyType":1,"closed":-1,"used":1749274781223,"created":1749274781223,"remoteIdentityKey":"BR/R39y9iYEvtxMahXtQeTd+BL/DFAKQ4DG6DthxJGgo"},"_chains":{"Bcz5E34k3Uq72CLUcq8IQphoKytW17WcCeLKMtNo0I0h":{"chainKey":{"counter":93,"key":"/xIUaPMjJfSi2ekWTZklF68t2OW8tAkdiSHQ6dfFwqo="},"chainType":1,"messageKeys":{}}},"pendingPreKey":{"signedKeyId":1,"baseKey":"BWkHn02UTgjnWnooMeFKBWqy9kWVC88gW+cZSRNRdU0y","preKeyId":8796278}}},"version":"v1"}