{"_sessions":{"BWMrwJwcuC19je170oTZCPX5WW//Ih3A5m8LotZE05Yk":{"registrationId":1119083584,"currentRatchet":{"ephemeralKeyPair":{"pubKey":"BelD1qqOWoUSFs9+Fa4R7RD72Z7ovtWcWE1tQksdepdp","privKey":"SBsFyOAN+SrjEQu/WhgKYzSy84rILwgrUcfrPvpkKFo="},"lastRemoteEphemeralKey":"BWgEbVinIOs7P5XRvnT4y9vg/edPXVcS4XelmakU4F8e","previousCounter":0,"rootKey":"vaveFy+rSo+vy6sPCXwjOBYQrx1lyrQdMXlgeSukHaw="},"indexInfo":{"baseKey":"BWMrwJwcuC19je170oTZCPX5WW//Ih3A5m8LotZE05Yk","baseKeyType":1,"closed":-1,"used":1749274780836,"created":1749274780836,"remoteIdentityKey":"BR+wHzmqum+K8bIEcFqD6PsagHMStJxpdAPIAO9Sd+0L"},"_chains":{"BelD1qqOWoUSFs9+Fa4R7RD72Z7ovtWcWE1tQksdepdp":{"chainKey":{"counter":93,"key":"UVzeLrgOhCmid+VrPdHmOBTGQrQGjxb7l+IQqnOQVcU="},"chainType":1,"messageKeys":{}}},"pendingPreKey":{"signedKeyId":8,"baseKey":"BWMrwJwcuC19je170oTZCPX5WW//Ih3A5m8LotZE05Yk","preKeyId":2231758}}},"version":"v1"}