{"_sessions":{"BUAUA7j3D7sMXaW7aLWIHSEj7BEHmOWRiDT5x7frPWYB":{"registrationId":113147353,"currentRatchet":{"ephemeralKeyPair":{"pubKey":"BZrhASK5m0F4ho8xJCVFPdoxHGrQ0JzVFT+kJklzkfZj","privKey":"IK1g+lLqR/PmFV1Sqsot2cOnXbmZ/R01gQKYaM55AUA="},"lastRemoteEphemeralKey":"BeX3BRJRkX0EGit8luCZ4ahPjUu89d0dDdXB+mIAm6wE","previousCounter":0,"rootKey":"F8jJCnNBp3EVgtf+1ZRpQCy9Cr27xk0mclN90LyrPFs="},"indexInfo":{"baseKey":"BUAUA7j3D7sMXaW7aLWIHSEj7BEHmOWRiDT5x7frPWYB","baseKeyType":1,"closed":-1,"used":1749274780795,"created":1749274780795,"remoteIdentityKey":"BSdKWVOWpzpPbD5r20jG2A9pPs4n5285yCVfbrHDY/I+"},"_chains":{"BZrhASK5m0F4ho8xJCVFPdoxHGrQ0JzVFT+kJklzkfZj":{"chainKey":{"counter":93,"key":"Keo708PLdwoPzpF03K4Zzt4iA01UAIpuqWl03yRJNr8="},"chainType":1,"messageKeys":{}}},"pendingPreKey":{"signedKeyId":0,"baseKey":"BUAUA7j3D7sMXaW7aLWIHSEj7BEHmOWRiDT5x7frPWYB","preKeyId":10848514}}},"version":"v1"}