{"_sessions":{"BVVy0hBMZ0xavof7ZyD/GykACeCSNAtLq9xWQucPbTg/":{"registrationId":1681684951,"currentRatchet":{"ephemeralKeyPair":{"pubKey":"BUYH0Lva6WKOD6E3vOPrGYgviOKuHbFALnQOIhownYQd","privKey":"IC0D69FBeeLvts59VCgTGocfMBf4svV1n2Q6WYxS9kg="},"lastRemoteEphemeralKey":"BX6Yv7vJqzkjpERBPJMtaaf29nIgZdneslcW5QZDNhQq","previousCounter":0,"rootKey":"D9AoNVCpS1iIoEhWVDM5nqqBl+3ZeLkFhCHYLYiKLN8="},"indexInfo":{"baseKey":"BVVy0hBMZ0xavof7ZyD/GykACeCSNAtLq9xWQucPbTg/","baseKeyType":1,"closed":-1,"used":1749274781210,"created":1749274781210,"remoteIdentityKey":"BS6SlSCD3OzgQnkli3R/c9YCEARcr6zuEFFL+B8qJMgX"},"_chains":{"BUYH0Lva6WKOD6E3vOPrGYgviOKuHbFALnQOIhownYQd":{"chainKey":{"counter":93,"key":"hDvBg3yrJYvdvviNEzVwAwsTCmOZcSRcWlPt0TH1Azo="},"chainType":1,"messageKeys":{}}},"pendingPreKey":{"signedKeyId":33,"baseKey":"BVVy0hBMZ0xavof7ZyD/GykACeCSNAtLq9xWQucPbTg/","preKeyId":16644733}}},"version":"v1"}