{"_sessions":{"BfsBK9/ck8oiKjzdsBpONMWuyNCo+ADiaEdcZ5SeRJMq":{"registrationId":795056635,"currentRatchet":{"ephemeralKeyPair":{"pubKey":"BTz3qDo8k78wucZMqRzShoaQNnCuwmwr5pTrQoQSsNUl","privKey":"uH8svwOl98hfp5IGYLb+7P8raEkOYBCoTEnDAKHG+2g="},"lastRemoteEphemeralKey":"BY6hVxUKKiOJLzX/MQVyH7XAPbd7rL8LWSGJMHWLy04e","previousCounter":0,"rootKey":"5Js9ng1RQslvCglq15eyMIxUnSFESQfvZ7jm0E2juKo="},"indexInfo":{"baseKey":"BfsBK9/ck8oiKjzdsBpONMWuyNCo+ADiaEdcZ5SeRJMq","baseKeyType":1,"closed":-1,"used":1749302610931,"created":1749275307625,"remoteIdentityKey":"BX8UqiErXewLp+zTJKZAnfgwUFEQysAf9/b5DA+OKnMi"},"_chains":{"BY6hVxUKKiOJLzX/MQVyH7XAPbd7rL8LWSGJMHWLy04e":{"chainKey":{"counter":0,"key":"tCs9K5u4pxpmpbBBZ3yyWc+BAcDsNlZ+eTbB0XvCgAs="},"chainType":2,"messageKeys":{}},"BTz3qDo8k78wucZMqRzShoaQNnCuwmwr5pTrQoQSsNUl":{"chainKey":{"counter":-1,"key":"N89Kw7aP7TJ1bQNwJGC8f8Cn3+1r4/Istj1iSogAzeo="},"chainType":1,"messageKeys":{}}}}},"version":"v1"}