{"_sessions":{"BRLpjCELk0usyvEB3P9a6rE1pFLpMqTGQSOwW3rphHdN":{"registrationId":2066090668,"currentRatchet":{"ephemeralKeyPair":{"pubKey":"BfC1IoMlgfzTv8e2PC7b4E72dszweJf0ldsqUhRe+U49","privKey":"sKcBTFHWJLXs8msSlazxqMUC6706G5TVIMIIdRoIyWs="},"lastRemoteEphemeralKey":"BX++ABrlvBEsNXiVTMB1WIxxE+OKsH/rDUNLtye/KYgV","previousCounter":0,"rootKey":"FeAvAdVyBWWpr7r6GUKYLFsED5zpQJq3RMnX2TMEuN0="},"indexInfo":{"baseKey":"BRLpjCELk0usyvEB3P9a6rE1pFLpMqTGQSOwW3rphHdN","baseKeyType":1,"closed":-1,"used":1749274780814,"created":1749274780814,"remoteIdentityKey":"BZXnBywjYVQTZslHuX6k2wg6BQz3ClUHyZgiUUTsOosr"},"_chains":{"BfC1IoMlgfzTv8e2PC7b4E72dszweJf0ldsqUhRe+U49":{"chainKey":{"counter":93,"key":"sDN3IUAkhGRFvMrzKq66A2Y4RSV4jptZcOk9JakNKgs="},"chainType":1,"messageKeys":{}}},"pendingPreKey":{"signedKeyId":1,"baseKey":"BRLpjCELk0usyvEB3P9a6rE1pFLpMqTGQSOwW3rphHdN","preKeyId":6767}}},"version":"v1"}