{"_sessions":{"BRxZWCZfcEB7fZgbFCUfXM7DTskem9Hb03BgH9A81oEL":{"registrationId":247,"currentRatchet":{"ephemeralKeyPair":{"pubKey":"BXpdf8SM+9hS+rIs+Jk+wq6ZDOjQFThkkdvW3S3eYIZe","privKey":"OP08SxLJoSUw/aKtf/H4cCqZVFdBOxwjo80NcRMGnn4="},"lastRemoteEphemeralKey":"BT7LHti1DuWUxFQUbd1i1ENSs42Uhfb9GPEsIKUqAcFL","previousCounter":0,"rootKey":"EQio5iBsBbjO47q5ztss+u3C0lWRwWfB7RzrIUrTQIs="},"indexInfo":{"baseKey":"BRxZWCZfcEB7fZgbFCUfXM7DTskem9Hb03BgH9A81oEL","baseKeyType":1,"closed":-1,"used":1749311669898,"created":1749311669898,"remoteIdentityKey":"BVUY/h88uFDGom6rpyAU8Hmf4b8b3Kvx35YhUc6Revt8"},"_chains":{"BXpdf8SM+9hS+rIs+Jk+wq6ZDOjQFThkkdvW3S3eYIZe":{"chainKey":{"counter":70,"key":"NeLIjQwA9T2DyY294i997pyo0ANhX9lGIen0MvAwKT0="},"chainType":1,"messageKeys":{}}},"pendingPreKey":{"signedKeyId":1,"baseKey":"BRxZWCZfcEB7fZgbFCUfXM7DTskem9Hb03BgH9A81oEL","preKeyId":124}}},"version":"v1"}