{"_sessions":{"BWVZLUq99gOyjcQItaY2gGkBBfycIasqCKEjRBPCcAhE":{"registrationId":61,"currentRatchet":{"ephemeralKeyPair":{"pubKey":"Bd7faFzeRMLhEOfbWJmfCD6zWW3o32N31iQr5ecR+PVn","privKey":"0OXNi3VpCaw/VIcQH31SDQ0L6rChYwdVa3ktfw34AkQ="},"lastRemoteEphemeralKey":"BbpZnq7F3p69FFeD4Rw7zQHR0tOpkY60ikB/i70l2b40","previousCounter":0,"rootKey":"GtcI0qCHBSL0nVVBPXAfoON/JU7sDoPUzU+R4hpJcJs="},"indexInfo":{"baseKey":"BWVZLUq99gOyjcQItaY2gGkBBfycIasqCKEjRBPCcAhE","baseKeyType":1,"closed":-1,"used":1749274780716,"created":1749274780716,"remoteIdentityKey":"BVhnxztNwysyj4pjCT1wrrJVZgSjXyXY3kcBf3TAT+9Z"},"_chains":{"Bd7faFzeRMLhEOfbWJmfCD6zWW3o32N31iQr5ecR+PVn":{"chainKey":{"counter":19,"key":"ZXr+hvv2uZBR5hkgN7LCRwGvvt8adgk06dUyyctOzAg="},"chainType":1,"messageKeys":{}}},"pendingPreKey":{"signedKeyId":1,"baseKey":"BWVZLUq99gOyjcQItaY2gGkBBfycIasqCKEjRBPCcAhE"}}},"version":"v1"}