{"_sessions":{"BcsSAWRYpNU4hQhbFQSWbIvJG4P95PSmdZgImaBjWGc2":{"registrationId":209,"currentRatchet":{"ephemeralKeyPair":{"pubKey":"BaSUOwcMXzCXfDoz9grbIVJKBN79mkXS1aZz3RotqyEW","privKey":"eMQ7xV5B0SAqUv9SzcQcTFQPbJbCzb1WvXClf5m0DFg="},"lastRemoteEphemeralKey":"BUoyhd2pj7jYVfw3GMkCMdE2JM6cCk7UVJhicFZH7Ucz","previousCounter":0,"rootKey":"9WtHgnNF0CJK5CcR3szwkp/CA+G69EWTWWTWyz6DHEw="},"indexInfo":{"baseKey":"BcsSAWRYpNU4hQhbFQSWbIvJG4P95PSmdZgImaBjWGc2","baseKeyType":1,"closed":-1,"used":1749274780759,"created":1749274780759,"remoteIdentityKey":"BR6Jov6Z0tY3JQZHmBu0800D4afQ6aEgD6d7/B5YZEg0"},"_chains":{"BaSUOwcMXzCXfDoz9grbIVJKBN79mkXS1aZz3RotqyEW":{"chainKey":{"counter":93,"key":"WA9Y/qW1sigUkifiIIw1hz4C25DLdCNW/LbSMxj79M0="},"chainType":1,"messageKeys":{}}},"pendingPreKey":{"signedKeyId":1,"baseKey":"BcsSAWRYpNU4hQhbFQSWbIvJG4P95PSmdZgImaBjWGc2"}}},"version":"v1"}