{"_sessions":{"BR4S3ghqw9Coad3KD2S7gv/pP6b+N6AdT9aPqMgCKhlt":{"registrationId":150,"currentRatchet":{"ephemeralKeyPair":{"pubKey":"BaTdrhzuD3yq3SdeZHv01d7crbFzZMy9N+HPNgJ45JhG","privKey":"mP4TiT990CZlGCJf/E1JxmjNvavM2MAW6k/PDyL1b14="},"lastRemoteEphemeralKey":"BW9yP0XQngiIV2vk9UNF+sJF+XjwD2wgG2XPRI2BhPUS","previousCounter":0,"rootKey":"U9rmc0FOoiuEI1iehb0rHMA1+tIeQH3Fn3r6IjbXrsY="},"indexInfo":{"baseKey":"BR4S3ghqw9Coad3KD2S7gv/pP6b+N6AdT9aPqMgCKhlt","baseKeyType":1,"closed":-1,"used":1749274648092,"created":1749274648092,"remoteIdentityKey":"BeEySs938Vi1YUYoHuKK/CdaUPBZT/e/mJtmFcTbtmlo"},"_chains":{"BaTdrhzuD3yq3SdeZHv01d7crbFzZMy9N+HPNgJ45JhG":{"chainKey":{"counter":313,"key":"GVN0b/s0i9EKmK+L/IvtsNoESHqLUH4WDq3zJzJZsCw="},"chainType":1,"messageKeys":{}}},"pendingPreKey":{"signedKeyId":1,"baseKey":"BR4S3ghqw9Coad3KD2S7gv/pP6b+N6AdT9aPqMgCKhlt","preKeyId":1}}},"version":"v1"}