{"_sessions":{"BbDfnA+qR86VCF4uprDnZ8b7zkmdUQIEA1w6ky+Ituo2":{"registrationId":1764988356,"currentRatchet":{"ephemeralKeyPair":{"pubKey":"BVyYvnRpBZLLPfs6bCeXf/CPJ+z3kWbic1tr84MBZpAs","privKey":"kHQmnEFatvilWuRfWwx3zZArgH2nGJvHlfZyd+yCIVc="},"lastRemoteEphemeralKey":"BY31dHOQSbIM7vyNH3/k8xL3UtRNNuLOAZSMnbkJRpsQ","previousCounter":0,"rootKey":"hVAXfoT5wc4FcBS/ykHWHjHyAo9oVvoon5adFFkIp6w="},"indexInfo":{"baseKey":"BbDfnA+qR86VCF4uprDnZ8b7zkmdUQIEA1w6ky+Ituo2","baseKeyType":1,"closed":-1,"used":1749274781044,"created":1749274781044,"remoteIdentityKey":"BaftyVjwIcvxJR28qBdlyQt5yPRDuo36RqUdoo5VDBQO"},"_chains":{"BVyYvnRpBZLLPfs6bCeXf/CPJ+z3kWbic1tr84MBZpAs":{"chainKey":{"counter":93,"key":"V3IT2rZXhEhKIyEc33AUghbjEUJpMPCIoGaV+SvUNds="},"chainType":1,"messageKeys":{}}},"pendingPreKey":{"signedKeyId":5,"baseKey":"BbDfnA+qR86VCF4uprDnZ8b7zkmdUQIEA1w6ky+Ituo2","preKeyId":5300429}}},"version":"v1"}