{"_sessions":{"Be5L5QiuTVE1trJLEokc7gqPRZ7SFJD5qsRLgY6BY6tM":{"registrationId":1524388826,"currentRatchet":{"ephemeralKeyPair":{"pubKey":"BbC04ixXw6XA24kR2ZopqAHU+NI9Qf1ldGXbp6788DpG","privKey":"iB8Bwn0KChn6xi2uPIJXEkcQ7c9ascJ3O9TXIrpY5ns="},"lastRemoteEphemeralKey":"BRzrtPWd/790olq3rGxJdZrpu6uMXkFWXu2KJFTJ+wV0","previousCounter":0,"rootKey":"2oEao6JfxIsz1a7xjndjtqLGkf5Q54q+eHyKBaCSxbE="},"indexInfo":{"baseKey":"Be5L5QiuTVE1trJLEokc7gqPRZ7SFJD5qsRLgY6BY6tM","baseKeyType":1,"closed":-1,"used":1749274780840,"created":1749274780840,"remoteIdentityKey":"BfN8VB1rAfihUvE8IrcNhGxoZpSNQPwXVWuY/SBKwo46"},"_chains":{"BbC04ixXw6XA24kR2ZopqAHU+NI9Qf1ldGXbp6788DpG":{"chainKey":{"counter":93,"key":"2218Hm+cnvAcpoGYITOcVr4Pz4odO94cn445lr5r1ak="},"chainType":1,"messageKeys":{}}},"pendingPreKey":{"signedKeyId":0,"baseKey":"Be5L5QiuTVE1trJLEokc7gqPRZ7SFJD5qsRLgY6BY6tM"}}},"version":"v1"}