{"_sessions":{"BZJpksX6hI1nn0dfCeFgYC6PTwNtIbRJ+E2pQNGKMMVu":{"registrationId":393175488,"currentRatchet":{"ephemeralKeyPair":{"pubKey":"BQplVM4EmtjoBb1yLwliIm4e6LOM1rMU4+KBdGEIzsAg","privKey":"wKU97M//9BAvN7AYLVlF5XZkh838VY82B8TPZvI3WW4="},"lastRemoteEphemeralKey":"BcUq/sgv1Dn/M4yIrGBHt/UB9ZNkeA/NWMo8ncHPwn8V","previousCounter":0,"rootKey":"w6wU7fvyiWaQ0UDYSGcYHxTTyOgzdWa/EfXugQUgIWc="},"indexInfo":{"baseKey":"BZJpksX6hI1nn0dfCeFgYC6PTwNtIbRJ+E2pQNGKMMVu","baseKeyType":1,"closed":-1,"used":1749274781031,"created":1749274781030,"remoteIdentityKey":"BVvwYPu4EcGqnLDwHPTeMls3BQsQDha0EmJaymv1etgO"},"_chains":{"BQplVM4EmtjoBb1yLwliIm4e6LOM1rMU4+KBdGEIzsAg":{"chainKey":{"counter":94,"key":"oDwqlVJCQmiR7J8+PilXgXTVwo+/A1yVodkt+Xi+DGU="},"chainType":1,"messageKeys":{}}},"pendingPreKey":{"signedKeyId":0,"baseKey":"BZJpksX6hI1nn0dfCeFgYC6PTwNtIbRJ+E2pQNGKMMVu","preKeyId":10143452}}},"version":"v1"}