{"_sessions":{"BRl6Sa8JxvoPj/LMHBfMLhkGcpdfSjOSgNGmyfE+88MD":{"registrationId":1957381078,"currentRatchet":{"ephemeralKeyPair":{"pubKey":"BapkW6HQOwC3fN31eBwc30blxkXGONQOmIEoSWFL/+8g","privKey":"MK7YaHygmfqR7NTCVCP2XN1ywJeq7hM4lbu0PisGw3I="},"lastRemoteEphemeralKey":"BbSgeHHWpK2qeMyblq5X+3AIVW/+XuT+g/Ii6h87j5Va","previousCounter":0,"rootKey":"pOFN7agEN746Axko58eqW5bS4eKWkj9/VqPnd8y+Nqw="},"indexInfo":{"baseKey":"BRl6Sa8JxvoPj/LMHBfMLhkGcpdfSjOSgNGmyfE+88MD","baseKeyType":1,"closed":-1,"used":1749274781189,"created":1749274781189,"remoteIdentityKey":"BSpS/h4okzxUrhaDQ9PRzEOUV174+fHZgApP2oJXEj9Q"},"_chains":{"BapkW6HQOwC3fN31eBwc30blxkXGONQOmIEoSWFL/+8g":{"chainKey":{"counter":93,"key":"j1lP5NNWInASm3zOMyyMaew6JsMor+AqOXfpIuOqRYI="},"chainType":1,"messageKeys":{}}},"pendingPreKey":{"signedKeyId":5,"baseKey":"BRl6Sa8JxvoPj/LMHBfMLhkGcpdfSjOSgNGmyfE+88MD","preKeyId":6119371}}},"version":"v1"}