{"_sessions":{"BWawO/Oh7PD5PsgxvDG4CpnJAKu3VSG+idiwWWL4MnIP":{"registrationId":982594395,"currentRatchet":{"ephemeralKeyPair":{"pubKey":"BV122AETWSqaVGSItqPkqU8xq0krH8/Jz1EkMZJvzthU","privKey":"CD6Mvk1XklpxE4RHa1mr7wL1FlJUkywspbytLXwc1E0="},"lastRemoteEphemeralKey":"BQCqO1etcAYAAzuV8X3/RNkgOCPVeIBMxcGoojptOBMw","previousCounter":0,"rootKey":"2EVNsQuA7tkBgdVYIJAdLulhKT+KfRkTvzLOQsojUeo="},"indexInfo":{"baseKey":"BWawO/Oh7PD5PsgxvDG4CpnJAKu3VSG+idiwWWL4MnIP","baseKeyType":1,"closed":-1,"used":1749274781108,"created":1749274781108,"remoteIdentityKey":"BeJ56hNi4PTCgD3lHW/bozseatqia4EzZRWcBYzntMAk"},"_chains":{"BV122AETWSqaVGSItqPkqU8xq0krH8/Jz1EkMZJvzthU":{"chainKey":{"counter":93,"key":"Jegi7gwnimW354HHdImykVMVL0tMj0GHwhjmZb8Jl28="},"chainType":1,"messageKeys":{}}},"pendingPreKey":{"signedKeyId":4,"baseKey":"BWawO/Oh7PD5PsgxvDG4CpnJAKu3VSG+idiwWWL4MnIP","preKeyId":10417866}}},"version":"v1"}