{"_sessions":{"BSPyt3dhH/hC4Ol4vrELdMlu5vXqKoBFooLryx/SofJ8":{"registrationId":887914750,"currentRatchet":{"ephemeralKeyPair":{"pubKey":"BWC/HbCi0jPk/dmrfswRtU/QM0J2Xjtw+iF4NZ2+uzME","privKey":"qFemV4pPPmA0cqhlEULljK+wXaQFZXzN4F4hEH3IxHM="},"lastRemoteEphemeralKey":"BXboeROJhDIds42MbHab/DFtCjdK9V92tk54qYDcSi49","previousCounter":0,"rootKey":"IXKSIJK5OarJAPsJ1t4ht4LQ4N3763ZVPyC6yNGkaJc="},"indexInfo":{"baseKey":"BSPyt3dhH/hC4Ol4vrELdMlu5vXqKoBFooLryx/SofJ8","baseKeyType":1,"closed":-1,"used":1749274781013,"created":1749274781013,"remoteIdentityKey":"BSkP9uHwKommS78fwCDWGZr60zVvk2Mw+Ws4pTlxUkdG"},"_chains":{"BWC/HbCi0jPk/dmrfswRtU/QM0J2Xjtw+iF4NZ2+uzME":{"chainKey":{"counter":93,"key":"jwQng29Z80jsO5AGW/2frIBHo9HdGtGixM5u0GQjQ4Y="},"chainType":1,"messageKeys":{}}},"pendingPreKey":{"signedKeyId":1,"baseKey":"BSPyt3dhH/hC4Ol4vrELdMlu5vXqKoBFooLryx/SofJ8"}}},"version":"v1"}