{"_sessions":{"Bf9Hnir+f0FLFaJbfnG0Gpu7yckB9Nc9yWjHXqckDZpS":{"registrationId":280484399,"currentRatchet":{"ephemeralKeyPair":{"pubKey":"BVkPs0iq94xbpaOdTLtgx40ApDGLgG8uLIoZPIFF+Ags","privKey":"MB4zrXnrW5GDam4r5r1q+ycvkcJwXAav2i9LhcDNmXU="},"lastRemoteEphemeralKey":"BWmEWKqTvqvuP+6fch8mHqoElNeGdzCsZqApLxde3GFa","previousCounter":3,"rootKey":"sgS2ZBZsyIZYqayrJ+3kvxoQoivQ2fmM7jvAYdm3jcU="},"indexInfo":{"baseKey":"Bf9Hnir+f0FLFaJbfnG0Gpu7yckB9Nc9yWjHXqckDZpS","baseKeyType":1,"closed":1749382835333,"used":1749282688363,"created":1749274781205,"remoteIdentityKey":"Bdf4fx+TjdjzsXouzDkkc/r/nQhDhy1AbB7OhyJi2XQj"},"_chains":{"BWmEWKqTvqvuP+6fch8mHqoElNeGdzCsZqApLxde3GFa":{"chainKey":{"counter":0,"key":"yvD9egUwTbK8pZW5ASa32aQ3rSzRtqa0ad5T1cyMsYI="},"chainType":2,"messageKeys":{}},"BVkPs0iq94xbpaOdTLtgx40ApDGLgG8uLIoZPIFF+Ags":{"chainKey":{"counter":78,"key":"kSHHFNZBUok3vuuQ72YvXJqBP8I1NRM6v6zVpUc5Ff0="},"chainType":1,"messageKeys":{}}}},"BdKvBKpSrKWherJboobcU7Hm5NAmWvqlpkZYdKwcdWk5":{"registrationId":280484399,"currentRatchet":{"ephemeralKeyPair":{"pubKey":"BZJeb4rpovSL7HYNe2zo8FfKBsbXDOSivxLt+Nts/Clk","privKey":"iCVLsd6hbJCV0AQTWBOTCNqAPrSmuj8fkcsopP//SnI="},"lastRemoteEphemeralKey":"BV2aJpRhKmWE5A1KPVDiT/9mgUeHVtYd+YWgXKMESIhV","previousCounter":0,"rootKey":"2ImoDOVZ8axY1M5w+719clJDQbrv3AqpOHYrvl6fUVg="},"indexInfo":{"baseKey":"BdKvBKpSrKWherJboobcU7Hm5NAmWvqlpkZYdKwcdWk5","baseKeyType":1,"closed":1749382861833,"used":1749382835322,"created":1749382835322,"remoteIdentityKey":"Bdf4fx+TjdjzsXouzDkkc/r/nQhDhy1AbB7OhyJi2XQj"},"_chains":{"BZJeb4rpovSL7HYNe2zo8FfKBsbXDOSivxLt+Nts/Clk":{"chainKey":{"counter":0,"key":"S7BHV0/sovteNpFfObco8lDugP3qN5q3KV7iD0NfstI="},"chainType":1,"messageKeys":{}}},"pendingPreKey":{"signedKeyId":1,"baseKey":"BdKvBKpSrKWherJboobcU7Hm5NAmWvqlpkZYdKwcdWk5"}},"Baw6WNSY+8vXNnVoqS3Yv7nFtPtY2XyhUNS8xrgALvQL":{"registrationId":280484399,"currentRatchet":{"ephemeralKeyPair":{"pubKey":"Bavu6iXGQXIcCdaXxM4ciqLwBngBLLIqR/1j5sciawV6","privKey":"EBJBQeYqdyerWTUB39Le1blJMja6V+gxFpjktmYqKkg="},"lastRemoteEphemeralKey":"BV2aJpRhKmWE5A1KPVDiT/9mgUeHVtYd+YWgXKMESIhV","previousCounter":0,"rootKey":"dSLM9Tthx2jSzC/2vdZbmpTNy4w4N4MZFI3jlCmT62M="},"indexInfo":{"baseKey":"Baw6WNSY+8vXNnVoqS3Yv7nFtPtY2XyhUNS8xrgALvQL","baseKeyType":1,"closed":1749382863232,"used":1749382861831,"created":1749382861831,"remoteIdentityKey":"Bdf4fx+TjdjzsXouzDkkc/r/nQhDhy1AbB7OhyJi2XQj"},"_chains":{"Bavu6iXGQXIcCdaXxM4ciqLwBngBLLIqR/1j5sciawV6":{"chainKey":{"counter":0,"key":"0ZjCHn2IefCzXG01BizSZcHB/bgyNYP/YjfUrVaj5gk="},"chainType":1,"messageKeys":{}}},"pendingPreKey":{"signedKeyId":1,"baseKey":"Baw6WNSY+8vXNnVoqS3Yv7nFtPtY2XyhUNS8xrgALvQL"}},"BebGX7p9PKCGySMu5rtuPA6/CsCHUm6XLyU5Zb+NsQA4":{"registrationId":280484399,"currentRatchet":{"ephemeralKeyPair":{"pubKey":"Bb5VZsb9SpylNCDU0p60Bn2IaFhThmnvq41/uHq5qcol","privKey":"QIAsWSLMg/3GbVAXFfQgsX4pnJ2yHvZElMAj/VejmEM="},"lastRemoteEphemeralKey":"BV2aJpRhKmWE5A1KPVDiT/9mgUeHVtYd+YWgXKMESIhV","previousCounter":0,"rootKey":"fYzAuHryOAMc7YExyZ5cdWTqzY3dqaCdEQJRi9kO7iM="},"indexInfo":{"baseKey":"BebGX7p9PKCGySMu5rtuPA6/CsCHUm6XLyU5Zb+NsQA4","baseKeyType":1,"closed":1749382864244,"used":1749382863230,"created":1749382863230,"remoteIdentityKey":"Bdf4fx+TjdjzsXouzDkkc/r/nQhDhy1AbB7OhyJi2XQj"},"_chains":{"Bb5VZsb9SpylNCDU0p60Bn2IaFhThmnvq41/uHq5qcol":{"chainKey":{"counter":0,"key":"jzFyywbzWobZhhUSb//82ZXecORZNjfwA/isrsaERHY="},"chainType":1,"messageKeys":{}}},"pendingPreKey":{"signedKeyId":1,"baseKey":"BebGX7p9PKCGySMu5rtuPA6/CsCHUm6XLyU5Zb+NsQA4"}},"BS/d8nsVTc6yX2j+WDY2E6K99Km7uVHpk717yts+ATcS":{"registrationId":280484399,"currentRatchet":{"ephemeralKeyPair":{"pubKey":"BXGFPUoLMoVf1v3QL3uToMBsic4txSJVCTP/KZfbCSFb","privKey":"GIAcJ5CfB8Dw0YW2jNXkWSdQSYB+TLDt19FUWNuqHW4="},"lastRemoteEphemeralKey":"BV2aJpRhKmWE5A1KPVDiT/9mgUeHVtYd+YWgXKMESIhV","previousCounter":0,"rootKey":"jIbItlVDQRqF3giF59o3IAeVjbC3xB38Wy3rZp/nlME="},"indexInfo":{"baseKey":"BS/d8nsVTc6yX2j+WDY2E6K99Km7uVHpk717yts+ATcS","baseKeyType":1,"closed":1749382865543,"used":1749382864243,"created":1749382864243,"remoteIdentityKey":"Bdf4fx+TjdjzsXouzDkkc/r/nQhDhy1AbB7OhyJi2XQj"},"_chains":{"BXGFPUoLMoVf1v3QL3uToMBsic4txSJVCTP/KZfbCSFb":{"chainKey":{"counter":0,"key":"2PXAI7gGCtA31On8jKV/i7XctyiUp5cSZIpUVEtwD/o="},"chainType":1,"messageKeys":{}}},"pendingPreKey":{"signedKeyId":1,"baseKey":"BS/d8nsVTc6yX2j+WDY2E6K99Km7uVHpk717yts+ATcS"}},"Be0OU+y6A72ARkDLH7//Jp/Iy7M3jd/Ph6SL9pgJhN1G":{"registrationId":280484399,"currentRatchet":{"ephemeralKeyPair":{"pubKey":"Bfpp1DnZ6ELWVSRdgz2DZzeSX/OY34Sj4IPBet8DTp52","privKey":"oOXOGYCA7DDTCmJoFGw8YqLONQ8ysUK17ycSf9xIC1k="},"lastRemoteEphemeralKey":"BV2aJpRhKmWE5A1KPVDiT/9mgUeHVtYd+YWgXKMESIhV","previousCounter":0,"rootKey":"TnInKaVELsL+v2P2iMEfS/9gVU4+84lhuGMvNP2iysY="},"indexInfo":{"baseKey":"Be0OU+y6A72ARkDLH7//Jp/Iy7M3jd/Ph6SL9pgJhN1G","baseKeyType":1,"closed":1749382867464,"used":1749382865541,"created":1749382865541,"remoteIdentityKey":"Bdf4fx+TjdjzsXouzDkkc/r/nQhDhy1AbB7OhyJi2XQj"},"_chains":{"Bfpp1DnZ6ELWVSRdgz2DZzeSX/OY34Sj4IPBet8DTp52":{"chainKey":{"counter":0,"key":"UgFUP26+hs3L4jbEgHddS17kqqu9JX3yYfDNZuLfqtg="},"chainType":1,"messageKeys":{}}},"pendingPreKey":{"signedKeyId":1,"baseKey":"Be0OU+y6A72ARkDLH7//Jp/Iy7M3jd/Ph6SL9pgJhN1G"}},"BfPxJdNwLVoYVU0qFFZw1gPK33jihwVV7iSypA8sOokG":{"registrationId":280484399,"currentRatchet":{"ephemeralKeyPair":{"pubKey":"BWSp2B6NlrvqB+Y2zwVHx4XFavYRCCvopVU/KRfxUPRX","privKey":"GGeCsCR9hGIeiiDsSSXnuUt7N/Qd42rkVgxPwEfHuHI="},"lastRemoteEphemeralKey":"BV2aJpRhKmWE5A1KPVDiT/9mgUeHVtYd+YWgXKMESIhV","previousCounter":0,"rootKey":"J68HRMXY3sVZifx9haWOpMwU/zvK9/1xTf0HusbDXCc="},"indexInfo":{"baseKey":"BfPxJdNwLVoYVU0qFFZw1gPK33jihwVV7iSypA8sOokG","baseKeyType":1,"closed":1749382867678,"used":1749382867462,"created":1749382867462,"remoteIdentityKey":"Bdf4fx+TjdjzsXouzDkkc/r/nQhDhy1AbB7OhyJi2XQj"},"_chains":{"BWSp2B6NlrvqB+Y2zwVHx4XFavYRCCvopVU/KRfxUPRX":{"chainKey":{"counter":-1,"key":"P63zPfBUt6ZGny3RFVLgqlDdO/0HZ7qvjnh9/OcBlK0="},"chainType":1,"messageKeys":{}}},"pendingPreKey":{"signedKeyId":1,"baseKey":"BfPxJdNwLVoYVU0qFFZw1gPK33jihwVV7iSypA8sOokG"}},"BRWF5hWt+TovTP8FmDGfzVmRpBoTfQBP4cSApwrRKUVl":{"registrationId":280484399,"currentRatchet":{"ephemeralKeyPair":{"pubKey":"BUFR2UiN9y6JttOs4Zt8btB74RcT2DA2KN/AlrTtpFct","privKey":"sKMvgsM1nMpU/2DvXCLb/Yp15f47ThQQTcuQN9yvf2Q="},"lastRemoteEphemeralKey":"BV2aJpRhKmWE5A1KPVDiT/9mgUeHVtYd+YWgXKMESIhV","previousCounter":0,"rootKey":"8k/LOv7/B0ElDlbVewEG6qL8NTEroq9j/jvB3vgAHFI="},"indexInfo":{"baseKey":"BRWF5hWt+TovTP8FmDGfzVmRpBoTfQBP4cSApwrRKUVl","baseKeyType":1,"closed":1749382868701,"used":1749382867676,"created":1749382867676,"remoteIdentityKey":"Bdf4fx+TjdjzsXouzDkkc/r/nQhDhy1AbB7OhyJi2XQj"},"_chains":{"BUFR2UiN9y6JttOs4Zt8btB74RcT2DA2KN/AlrTtpFct":{"chainKey":{"counter":0,"key":"ckRONihRytYvggeRNXUVizUPIGkzPkPiu3yBgwaLmdE="},"chainType":1,"messageKeys":{}}},"pendingPreKey":{"signedKeyId":1,"baseKey":"BRWF5hWt+TovTP8FmDGfzVmRpBoTfQBP4cSApwrRKUVl"}},"BQPBYRmAjMjWYR9gUjAKn43PsNh3Ba3kP32+BRDRc25y":{"registrationId":280484399,"currentRatchet":{"ephemeralKeyPair":{"pubKey":"BfHOse8QqTTqfUu3s3K8kKDdb9/xSypyA0iFR3/uY9kO","privKey":"WD/3QZGQdN/YHGdMNECr7B7DnlLcRL65WQo3n2ZGUF8="},"lastRemoteEphemeralKey":"BV2aJpRhKmWE5A1KPVDiT/9mgUeHVtYd+YWgXKMESIhV","previousCounter":0,"rootKey":"4AgPDB8R7O8E+OHDs3HVtLuiMdm/aNDKvnRRbdp6sr4="},"indexInfo":{"baseKey":"BQPBYRmAjMjWYR9gUjAKn43PsNh3Ba3kP32+BRDRc25y","baseKeyType":1,"closed":1749382870813,"used":1749382868699,"created":1749382868699,"remoteIdentityKey":"Bdf4fx+TjdjzsXouzDkkc/r/nQhDhy1AbB7OhyJi2XQj"},"_chains":{"BfHOse8QqTTqfUu3s3K8kKDdb9/xSypyA0iFR3/uY9kO":{"chainKey":{"counter":0,"key":"P1ZH23YpfS3a5+TrJMsHTumdinPCoIh9SrnHnmOUSUs="},"chainType":1,"messageKeys":{}}},"pendingPreKey":{"signedKeyId":1,"baseKey":"BQPBYRmAjMjWYR9gUjAKn43PsNh3Ba3kP32+BRDRc25y"}},"BQCebe1Vfpv28FV2JT+GFO2wPx+Sx/BSlhLnJ+vdbv9C":{"registrationId":280484399,"currentRatchet":{"ephemeralKeyPair":{"pubKey":"BTmLfsI6MUdPnN8avuetb8V6yMjSYZKK0Bd0AgZqcmBh","privKey":"MG8e1y1AQx7kUYaZEWJ+iwskqS7TS2AsLPj5Dnfh4Fo="},"lastRemoteEphemeralKey":"BV2aJpRhKmWE5A1KPVDiT/9mgUeHVtYd+YWgXKMESIhV","previousCounter":0,"rootKey":"sTgsH1V423WCSP7yubr/ZEpy3wvKiysllU8332hV+3Q="},"indexInfo":{"baseKey":"BQCebe1Vfpv28FV2JT+GFO2wPx+Sx/BSlhLnJ+vdbv9C","baseKeyType":1,"closed":1749382871902,"used":1749382870812,"created":1749382870812,"remoteIdentityKey":"Bdf4fx+TjdjzsXouzDkkc/r/nQhDhy1AbB7OhyJi2XQj"},"_chains":{"BTmLfsI6MUdPnN8avuetb8V6yMjSYZKK0Bd0AgZqcmBh":{"chainKey":{"counter":0,"key":"SUvW1iFutnujWZyGOGZGdWRA+k1Yfped6JmYY/yTDZs="},"chainType":1,"messageKeys":{}}},"pendingPreKey":{"signedKeyId":1,"baseKey":"BQCebe1Vfpv28FV2JT+GFO2wPx+Sx/BSlhLnJ+vdbv9C"}},"BYVezJBR4MuYW/MHeFqGnPRdD/64k8LhrTYgeagQnaVH":{"registrationId":280484399,"currentRatchet":{"ephemeralKeyPair":{"pubKey":"Bdem24qP54qKtIpK0YFRujwORNMhx0L0pu6QovBsiLFQ","privKey":"qBdjS1MLYJ8tLk2U0KSgG7SoJ8pS96poHSmUXjUAj3c="},"lastRemoteEphemeralKey":"BV2aJpRhKmWE5A1KPVDiT/9mgUeHVtYd+YWgXKMESIhV","previousCounter":0,"rootKey":"7A1SaQtod5WDlK8U9/JAIn5Pdp7fImrt5ysJfRi7K8Q="},"indexInfo":{"baseKey":"BYVezJBR4MuYW/MHeFqGnPRdD/64k8LhrTYgeagQnaVH","baseKeyType":1,"closed":-1,"used":1749382871901,"created":1749382871901,"remoteIdentityKey":"Bdf4fx+TjdjzsXouzDkkc/r/nQhDhy1AbB7OhyJi2XQj"},"_chains":{"Bdem24qP54qKtIpK0YFRujwORNMhx0L0pu6QovBsiLFQ":{"chainKey":{"counter":2,"key":"n6gAoABDTzsAAxLGuLYgLLFe2aID3gXRjgc3laIbmTo="},"chainType":1,"messageKeys":{}}},"pendingPreKey":{"signedKeyId":1,"baseKey":"BYVezJBR4MuYW/MHeFqGnPRdD/64k8LhrTYgeagQnaVH"}}},"version":"v1"}