{"_sessions":{"BRtuU9HeAXgfTQ5Jqvz+TDn+14kG4rixavN9es4IfN0I":{"registrationId":1540556950,"currentRatchet":{"ephemeralKeyPair":{"pubKey":"BewCsYf6A6Mp5MIUKCUHC1sRA71OdYq0yZpyQXd8ZCFa","privKey":"CCXvuzP8KHDogmkAQSYo7HV4rQZUDoFWx4PmxQ5Z0WY="},"lastRemoteEphemeralKey":"BUWz2D/2hf74pAGHQFTfR5yEoMVjalz57bxBIB473/Ji","previousCounter":0,"rootKey":"fZfljRsDpwQ5lknOgroMCVYqka6AOoySr2sJE0ycUMA="},"indexInfo":{"baseKey":"BRtuU9HeAXgfTQ5Jqvz+TDn+14kG4rixavN9es4IfN0I","baseKeyType":2,"closed":-1,"used":1749287700997,"created":1749287682453,"remoteIdentityKey":"Bfvrm9I/6japHJ0OBQthA8Bdagc0KFknWy9sKbOJsqUP"},"_chains":{"BeggLho6R/e4mrgQAVDJcLlNvj5QdxAXY+mH2ZTSY0kp":{"chainKey":{"counter":0},"chainType":2,"messageKeys":{}},"BUWz2D/2hf74pAGHQFTfR5yEoMVjalz57bxBIB473/Ji":{"chainKey":{"counter":0,"key":"APGOXdKvXuv8qa1XrSAPWTqA18dl/r4KSQgH/YzoDqM="},"chainType":2,"messageKeys":{}},"BewCsYf6A6Mp5MIUKCUHC1sRA71OdYq0yZpyQXd8ZCFa":{"chainKey":{"counter":0,"key":"RIlbfuAIVqR6QUWJ5iKWaXyvfuJp6XRHqtE4mLpIEUg="},"chainType":1,"messageKeys":{}}}}},"version":"v1"}