{"_sessions":{"BdLSERe199+vO/eokfQ5O5fBEf7v4TGgJUv8woWav85x":{"registrationId":1680277722,"currentRatchet":{"ephemeralKeyPair":{"pubKey":"Bf8Ldv2k3atmQf44uraYyachKdAiqHPmtzGxXX2rjvp6","privKey":"QI8fMkDfKLPmolHyinf9IO5yWPQpNWK/xbPh9Tp+NWY="},"lastRemoteEphemeralKey":"BS+srsM4BzDwcr+vJfrYl0DLlFcJss/tv3BIaL++79ho","previousCounter":0,"rootKey":"M+ZEOdPmlyJPBOLgP+ScbjSSNXF8Gtd+HVUBKDX8avg="},"indexInfo":{"baseKey":"BdLSERe199+vO/eokfQ5O5fBEf7v4TGgJUv8woWav85x","baseKeyType":1,"closed":-1,"used":1749274781248,"created":1749274781248,"remoteIdentityKey":"BbzbQVPtplBMAV2hdNg3/NMxvWiOpy7c1Dbfxi4Y1JBJ"},"_chains":{"Bf8Ldv2k3atmQf44uraYyachKdAiqHPmtzGxXX2rjvp6":{"chainKey":{"counter":93,"key":"+wjKhyhreVVYdyF4J+QvITJvHtlULxjMZrHf40/hQLI="},"chainType":1,"messageKeys":{}}},"pendingPreKey":{"signedKeyId":6,"baseKey":"BdLSERe199+vO/eokfQ5O5fBEf7v4TGgJUv8woWav85x","preKeyId":3591490}}},"version":"v1"}