{"_sessions":{"Bfz+0TOezUECdCvQdcqk/ZobS//6uCxtLUkrilCpzuFd":{"registrationId":156,"currentRatchet":{"ephemeralKeyPair":{"pubKey":"BUUj3e4hgtMx0OHFFhDXfQvf6fY/5w5nyfblSqDn3wFy","privKey":"sCL+2JnXEDEyQPJhatNu323AzIV7UpCMVvVVkBAaskA="},"lastRemoteEphemeralKey":"Bc1FpZs5sTDJuaAJgmX5oOWgBVw1WbSTc/OuveQ8yIk+","previousCounter":0,"rootKey":"bH4EhMPm3f0l69cUuvet+zQqHa+sV9AlZK1C+0QMkOk="},"indexInfo":{"baseKey":"Bfz+0TOezUECdCvQdcqk/ZobS//6uCxtLUkrilCpzuFd","baseKeyType":1,"closed":-1,"used":1749274780720,"created":1749274780720,"remoteIdentityKey":"BTXDpjXFUShddi6bvdiDa3kNNmKdXOhgZElpu/Yc2J8J"},"_chains":{"BUUj3e4hgtMx0OHFFhDXfQvf6fY/5w5nyfblSqDn3wFy":{"chainKey":{"counter":11,"key":"tfsN1b/CNmAKyGjd72SU/uiMLO2e7iOIO60uMeZgJYA="},"chainType":1,"messageKeys":{}}},"pendingPreKey":{"signedKeyId":1,"baseKey":"Bfz+0TOezUECdCvQdcqk/ZobS//6uCxtLUkrilCpzuFd"}}},"version":"v1"}