{"_sessions":{"BeFlI4dfMGQMr2dRGpTKwqGLv6dugi54XzsFZML1amBu":{"registrationId":146020833,"currentRatchet":{"ephemeralKeyPair":{"pubKey":"BbjLF/LhzILYpQVwCR78cqjm/BQ6mfgUfCLXx2+qCVME","privKey":"WGra8YhB8v3E50hV7VXwB9jSDaM/030VlJYCUnZyw3A="},"lastRemoteEphemeralKey":"Bc6Ie2Cf3F1nEHnvUXDAdfAlhtJd1W/zX4G+trlzFgYK","previousCounter":0,"rootKey":"hRZXaicm9t5N6DBFKdK1nmjCRVJNFfFPNkdSWlRqZj0="},"indexInfo":{"baseKey":"BeFlI4dfMGQMr2dRGpTKwqGLv6dugi54XzsFZML1amBu","baseKeyType":1,"closed":1749345688115,"used":1749274780914,"created":1749274780914,"remoteIdentityKey":"BTz10WOXtV3HU8wsayxHL/tcYk9ObLA6/eMoOax9Hroz"},"_chains":{"BbjLF/LhzILYpQVwCR78cqjm/BQ6mfgUfCLXx2+qCVME":{"chainKey":{"counter":24,"key":"9yijJLNWihQw3OBXyep6BaVOntZCi1pLBYqkT+DkjqE="},"chainType":1,"messageKeys":{}}},"pendingPreKey":{"signedKeyId":1,"baseKey":"BeFlI4dfMGQMr2dRGpTKwqGLv6dugi54XzsFZML1amBu","preKeyId":9620766}},"BTcD8jSsEP05s5TkiDByfDdAM3vEpUg8bxfieMh9g70g":{"registrationId":1387782744,"currentRatchet":{"ephemeralKeyPair":{"pubKey":"BSX18CxBruyPRV7aMLdL6glP8yHpmXbzmY/Tl/xFmkoZ","privKey":"GH7braRibrdVpJMa4zQp+aDRLiFXFNaB5OzzYjTT8Hk="},"lastRemoteEphemeralKey":"BalqOltd3JD861J01OYYf88B04hMfiTisxVGAmX5nl92","previousCounter":0,"rootKey":"R6GBONyibitdA5aWv07q67+s32lKCTm7pddJYaCWiqY="},"indexInfo":{"baseKey":"BTcD8jSsEP05s5TkiDByfDdAM3vEpUg8bxfieMh9g70g","baseKeyType":1,"closed":1749345688381,"used":1749345688112,"created":1749345688112,"remoteIdentityKey":"BSBCc9Xne6qjVFVAHpvTNNCNxYQcWq5SiWjEw4A6uZNK"},"_chains":{"BSX18CxBruyPRV7aMLdL6glP8yHpmXbzmY/Tl/xFmkoZ":{"chainKey":{"counter":-1,"key":"rjJKsaNpqlEpukCIYD3wnCR+SMNZUETXzCPll6JmJLc="},"chainType":1,"messageKeys":{}}},"pendingPreKey":{"signedKeyId":0,"baseKey":"BTcD8jSsEP05s5TkiDByfDdAM3vEpUg8bxfieMh9g70g"}},"BWyGapGGnNQ/EBZwzsQt5/8UHhuyZ/t9Ej8ZYIcmSusp":{"registrationId":1387782744,"currentRatchet":{"ephemeralKeyPair":{"pubKey":"BUJXYD42lq1uaiT7qSkUxuXiUIyHaWkKZruAHaUaoTJn","privKey":"cHgYpvClY8O8u/nmkXflkbVDf4QAn0jb+hQmb7YGjWo="},"lastRemoteEphemeralKey":"BalqOltd3JD861J01OYYf88B04hMfiTisxVGAmX5nl92","previousCounter":0,"rootKey":"ZxFCKX6IVDfqRs3uf4+2R/oiYuRRDs1NFD4J5ESTwGY="},"indexInfo":{"baseKey":"BWyGapGGnNQ/EBZwzsQt5/8UHhuyZ/t9Ej8ZYIcmSusp","baseKeyType":1,"closed":1749345697014,"used":1749345688379,"created":1749345688379,"remoteIdentityKey":"BSBCc9Xne6qjVFVAHpvTNNCNxYQcWq5SiWjEw4A6uZNK"},"_chains":{"BUJXYD42lq1uaiT7qSkUxuXiUIyHaWkKZruAHaUaoTJn":{"chainKey":{"counter":0,"key":"0OD89eAcMF0zbqQIg2sF1k3PUmIbf5Q99Z9D3PmHpKA="},"chainType":1,"messageKeys":{}}},"pendingPreKey":{"signedKeyId":0,"baseKey":"BWyGapGGnNQ/EBZwzsQt5/8UHhuyZ/t9Ej8ZYIcmSusp"}},"BQJE3AmKTCnkLJxrpcJ9SCRuhd43KhepsdRYUKLu/Rp9":{"registrationId":1387782744,"currentRatchet":{"ephemeralKeyPair":{"pubKey":"BShWZTpflUUpCro3+f+z2/Z60uRrAP7EbOZ13qoA4XZh","privKey":"YPuBbaICkgeN9MnXrd1h9dbtdbahmXfkyJiWBAtxSG4="},"lastRemoteEphemeralKey":"BalqOltd3JD861J01OYYf88B04hMfiTisxVGAmX5nl92","previousCounter":0,"rootKey":"bWizEsxGxmilkLbIXADIQODiV2QRc96RbSeGiki0qO8="},"indexInfo":{"baseKey":"BQJE3AmKTCnkLJxrpcJ9SCRuhd43KhepsdRYUKLu/Rp9","baseKeyType":1,"closed":1749345698532,"used":1749345697012,"created":1749345697012,"remoteIdentityKey":"BSBCc9Xne6qjVFVAHpvTNNCNxYQcWq5SiWjEw4A6uZNK"},"_chains":{"BShWZTpflUUpCro3+f+z2/Z60uRrAP7EbOZ13qoA4XZh":{"chainKey":{"counter":0,"key":"qP9QzhyacHTsqUXPDJw+FWwppONuW/NllGPpRQBzoDk="},"chainType":1,"messageKeys":{}}},"pendingPreKey":{"signedKeyId":0,"baseKey":"BQJE3AmKTCnkLJxrpcJ9SCRuhd43KhepsdRYUKLu/Rp9"}},"BVHnka6GryUT/DEzNsWy33ngoVqxHy4adgMrPmOQUMAN":{"registrationId":1387782744,"currentRatchet":{"ephemeralKeyPair":{"pubKey":"BYy09e9RtNWy4IfFWe2LbaJ5Uir5ZCONDb3l5K4zGo5D","privKey":"gOJY7GdQ7EqMl9WNNvBcGJLgsYzlotdZMebhPAYnaUA="},"lastRemoteEphemeralKey":"BalqOltd3JD861J01OYYf88B04hMfiTisxVGAmX5nl92","previousCounter":0,"rootKey":"YkcOvpVHThwaxiPwRKZ0+ri86dgEK2sbJE1ZO1aF124="},"indexInfo":{"baseKey":"BVHnka6GryUT/DEzNsWy33ngoVqxHy4adgMrPmOQUMAN","baseKeyType":1,"closed":1749345699726,"used":1749345698527,"created":1749345698527,"remoteIdentityKey":"BSBCc9Xne6qjVFVAHpvTNNCNxYQcWq5SiWjEw4A6uZNK"},"_chains":{"BYy09e9RtNWy4IfFWe2LbaJ5Uir5ZCONDb3l5K4zGo5D":{"chainKey":{"counter":0,"key":"I9cp/L07xywESHshcZDrkXNMAFsJi0IMbCVLBJFg+cI="},"chainType":1,"messageKeys":{}}},"pendingPreKey":{"signedKeyId":0,"baseKey":"BVHnka6GryUT/DEzNsWy33ngoVqxHy4adgMrPmOQUMAN"}},"Be7q64GaShCZXXD3zQBVkh1yD3im97xaW7E58/OPXCtI":{"registrationId":1387782744,"currentRatchet":{"ephemeralKeyPair":{"pubKey":"BXJMxImVDsYdjITuqrTvdDtOUzJAAqDUvifcpZvAoid3","privKey":"GOH7YCeMxTuJTT8xVXde2y/zIA6GpZ/W/KwJDqr5l1o="},"lastRemoteEphemeralKey":"BalqOltd3JD861J01OYYf88B04hMfiTisxVGAmX5nl92","previousCounter":0,"rootKey":"+syWiNTCVfzQQ4UQB4tdxnyh8MIj10pDqgGEmMdbyvk="},"indexInfo":{"baseKey":"Be7q64GaShCZXXD3zQBVkh1yD3im97xaW7E58/OPXCtI","baseKeyType":1,"closed":1749345701062,"used":1749345699722,"created":1749345699722,"remoteIdentityKey":"BSBCc9Xne6qjVFVAHpvTNNCNxYQcWq5SiWjEw4A6uZNK"},"_chains":{"BXJMxImVDsYdjITuqrTvdDtOUzJAAqDUvifcpZvAoid3":{"chainKey":{"counter":0,"key":"jst1y4tmvVy4JZEeGkQfmvkLqZXqzgPz9kxuM13Z9Vo="},"chainType":1,"messageKeys":{}}},"pendingPreKey":{"signedKeyId":0,"baseKey":"Be7q64GaShCZXXD3zQBVkh1yD3im97xaW7E58/OPXCtI"}},"BatVq1AUPloupr+9P+rxzPxaPm3bK0JpOqTvPSdqxSEF":{"registrationId":1387782744,"currentRatchet":{"ephemeralKeyPair":{"pubKey":"Ba6h9K4WbaY6bh7XHlSHyXbZaMDXmKhjU0RilnOrpthv","privKey":"WK5lxVhQkW+SS+iP1+adVA5Wgfl0bMEM/RyoGr7lP1c="},"lastRemoteEphemeralKey":"BalqOltd3JD861J01OYYf88B04hMfiTisxVGAmX5nl92","previousCounter":0,"rootKey":"QAcdxSkREC8ZN4zUwbk47DHIIGDnFuMO/fA01J131k8="},"indexInfo":{"baseKey":"BatVq1AUPloupr+9P+rxzPxaPm3bK0JpOqTvPSdqxSEF","baseKeyType":1,"closed":1749345701562,"used":1749345701061,"created":1749345701061,"remoteIdentityKey":"BSBCc9Xne6qjVFVAHpvTNNCNxYQcWq5SiWjEw4A6uZNK"},"_chains":{"Ba6h9K4WbaY6bh7XHlSHyXbZaMDXmKhjU0RilnOrpthv":{"chainKey":{"counter":-1,"key":"+CvfReeed+OCQv+GLYOL/r+GOKJInwbFBWwum5La9cU="},"chainType":1,"messageKeys":{}}},"pendingPreKey":{"signedKeyId":0,"baseKey":"BatVq1AUPloupr+9P+rxzPxaPm3bK0JpOqTvPSdqxSEF"}},"BTyCp877BSMucCmZFGgn6jDm/ytj2RNNH5f1sMnW7nIo":{"registrationId":1387782744,"currentRatchet":{"ephemeralKeyPair":{"pubKey":"BfcaFoL7SsqxBvbLMz8vrLSyzgvfRF2OL2ETaXjyLKpe","privKey":"0JQZuDllsSJdwDwG4nZHAhNHZpry2Qg5eHqwRxd6JWk="},"lastRemoteEphemeralKey":"BalqOltd3JD861J01OYYf88B04hMfiTisxVGAmX5nl92","previousCounter":0,"rootKey":"5WRgr/nMaqMK9UWM43fQ8iaraPkC2ag31DJZx5rO2y8="},"indexInfo":{"baseKey":"BTyCp877BSMucCmZFGgn6jDm/ytj2RNNH5f1sMnW7nIo","baseKeyType":1,"closed":1749345703868,"used":1749345701561,"created":1749345701561,"remoteIdentityKey":"BSBCc9Xne6qjVFVAHpvTNNCNxYQcWq5SiWjEw4A6uZNK"},"_chains":{"BfcaFoL7SsqxBvbLMz8vrLSyzgvfRF2OL2ETaXjyLKpe":{"chainKey":{"counter":0,"key":"4THmcn7vqdaGaooioVocgha0ZqJaWG2zFWJJzsJfpJQ="},"chainType":1,"messageKeys":{}}},"pendingPreKey":{"signedKeyId":0,"baseKey":"BTyCp877BSMucCmZFGgn6jDm/ytj2RNNH5f1sMnW7nIo"}},"BcgveyNE/GkLowcFzSyfQ7A8JSr2uVtORxO0+34erTck":{"registrationId":1387782744,"currentRatchet":{"ephemeralKeyPair":{"pubKey":"BRFyn89QTnnYgR+oCi0bIFmcU1/834mMlVltwpWWXc4l","privKey":"cMKOm/5bH+04VSc/HJ2GycsIWf1zzgyCzSx6+ry6Z3E="},"lastRemoteEphemeralKey":"BalqOltd3JD861J01OYYf88B04hMfiTisxVGAmX5nl92","previousCounter":0,"rootKey":"8CrV1gFc/UCs8OV5MO4vDQmGrzon2eevDqpXkgOaAQU="},"indexInfo":{"baseKey":"BcgveyNE/GkLowcFzSyfQ7A8JSr2uVtORxO0+34erTck","baseKeyType":1,"closed":1749345704368,"used":1749345703866,"created":1749345703866,"remoteIdentityKey":"BSBCc9Xne6qjVFVAHpvTNNCNxYQcWq5SiWjEw4A6uZNK"},"_chains":{"BRFyn89QTnnYgR+oCi0bIFmcU1/834mMlVltwpWWXc4l":{"chainKey":{"counter":-1,"key":"zuL5XgpxJ9nhyAWU7Q8Ew20THhhIqbhMxzMN0nVDLJU="},"chainType":1,"messageKeys":{}}},"pendingPreKey":{"signedKeyId":0,"baseKey":"BcgveyNE/GkLowcFzSyfQ7A8JSr2uVtORxO0+34erTck"}},"Bd9J92ir2lbcI/kjogNoIEJ5FmEamPktHFkS+/DwYbIC":{"registrationId":1387782744,"currentRatchet":{"ephemeralKeyPair":{"pubKey":"BbjCOQtH382LCzhPYK+uXm93kL2/ibLcVtyiBThDXdFR","privKey":"cPaSsfSpoz72hKrg2Oe2l/OgSs/iycxm/xCpAabUoVk="},"lastRemoteEphemeralKey":"BalqOltd3JD861J01OYYf88B04hMfiTisxVGAmX5nl92","previousCounter":0,"rootKey":"L3TdBlN/TSIBPovwVQYyrCd52OY4yrmIvYEJqgLSHWk="},"indexInfo":{"baseKey":"Bd9J92ir2lbcI/kjogNoIEJ5FmEamPktHFkS+/DwYbIC","baseKeyType":1,"closed":1749345712973,"used":1749345704367,"created":1749345704367,"remoteIdentityKey":"BSBCc9Xne6qjVFVAHpvTNNCNxYQcWq5SiWjEw4A6uZNK"},"_chains":{"BbjCOQtH382LCzhPYK+uXm93kL2/ibLcVtyiBThDXdFR":{"chainKey":{"counter":0,"key":"bshkFH1Iam/xvX93joJh8oXyfYewFnO4WFXd0LPRm14="},"chainType":1,"messageKeys":{}}},"pendingPreKey":{"signedKeyId":0,"baseKey":"Bd9J92ir2lbcI/kjogNoIEJ5FmEamPktHFkS+/DwYbIC"}},"Bbze0KaV87psBdncQMby1f5oWWRQjIoi9A9b17K2deJl":{"registrationId":1387782744,"currentRatchet":{"ephemeralKeyPair":{"pubKey":"BUgSprDGW5jMffrF5hKFmrVhh3vQweFufym95ie6WoE0","privKey":"sAYVR0OSsnFY5Cg/Mehz/Wki86XoP0BrW8dRSRiO/k4="},"lastRemoteEphemeralKey":"BalqOltd3JD861J01OYYf88B04hMfiTisxVGAmX5nl92","previousCounter":0,"rootKey":"Qo+FBOuxHJAi8q9299shOM7iWayGSVlBWQzAnrki4qg="},"indexInfo":{"baseKey":"Bbze0KaV87psBdncQMby1f5oWWRQjIoi9A9b17K2deJl","baseKeyType":1,"closed":-1,"used":1749345712972,"created":1749345712972,"remoteIdentityKey":"BSBCc9Xne6qjVFVAHpvTNNCNxYQcWq5SiWjEw4A6uZNK"},"_chains":{"BUgSprDGW5jMffrF5hKFmrVhh3vQweFufym95ie6WoE0":{"chainKey":{"counter":62,"key":"WdX53DhBy7yUvaqA13Uvljg5SLVdDl70gnrzdj3cQhM="},"chainType":1,"messageKeys":{}}},"pendingPreKey":{"signedKeyId":0,"baseKey":"Bbze0KaV87psBdncQMby1f5oWWRQjIoi9A9b17K2deJl"}}},"version":"v1"}