{"_sessions":{"BWIm4JeVoz0DQcR8E8UP0MPn13tCHHNpIac7DNVikcgS":{"registrationId":128796885,"currentRatchet":{"ephemeralKeyPair":{"pubKey":"BQokv+SBRLzGAhZaMRUsp6sCMFdgFG1PL9/4kU220dl7","privKey":"qACryvkwFWvbcf3inmJ7Kk93X+pbKIN0RXYFzzhF80c="},"lastRemoteEphemeralKey":"BSygzhB/fjd7mTiuR/OHN9SOgJHG2vFQ1kkuoN2qMux7","previousCounter":0,"rootKey":"YQxRQ42SrmUeszuRjM/4aNyVKBYaTGDj4z16MfsGjQM="},"indexInfo":{"baseKey":"BWIm4JeVoz0DQcR8E8UP0MPn13tCHHNpIac7DNVikcgS","baseKeyType":1,"closed":-1,"used":1749274781201,"created":1749274781201,"remoteIdentityKey":"BfWAT/KowBGO6lDpmgMLgU9HFVOHSPkDkWUZBHFHzr4q"},"_chains":{"BQokv+SBRLzGAhZaMRUsp6sCMFdgFG1PL9/4kU220dl7":{"chainKey":{"counter":93,"key":"Gpxjty09uhq9+cz+gKK8NYl5RkAjrXKAuZKkI79fiZ0="},"chainType":1,"messageKeys":{}}},"pendingPreKey":{"signedKeyId":0,"baseKey":"BWIm4JeVoz0DQcR8E8UP0MPn13tCHHNpIac7DNVikcgS","preKeyId":3474769}}},"version":"v1"}