{"_sessions":{"BdriESU2cN618StYDQ6L2gL/b8cirQUy3opWGXI/zmhm":{"registrationId":72,"currentRatchet":{"ephemeralKeyPair":{"pubKey":"BZUzQ5SuTDYBPfS7BHd6mzKwKLUC1+O1XF1JyeIu9dob","privKey":"aClJNfYo60dU+xLKoTyobT2jTi3tzH0q90wNtpqDM3I="},"lastRemoteEphemeralKey":"BSUYnBADUqEaXRBh0vmKOEcgAg0oLytXZbEJlhhglZ4m","previousCounter":0,"rootKey":"9ZmTSlmFDVxe4q77PmVmJyHV5AKbmxjfibr7IxTdIWI="},"indexInfo":{"baseKey":"BdriESU2cN618StYDQ6L2gL/b8cirQUy3opWGXI/zmhm","baseKeyType":1,"closed":1749358954578,"used":1749358808503,"created":1749358808503,"remoteIdentityKey":"BXL+CsVmitldasCMt6AK4K78orebqThZTxZA/wqknRAN"},"_chains":{"BZUzQ5SuTDYBPfS7BHd6mzKwKLUC1+O1XF1JyeIu9dob":{"chainKey":{"counter":4,"key":"J5ZCUp8RbzsqdAADsPZuAP3GTAUl310hDM7gJekjGiI="},"chainType":1,"messageKeys":{}}},"pendingPreKey":{"signedKeyId":1,"baseKey":"BdriESU2cN618StYDQ6L2gL/b8cirQUy3opWGXI/zmhm","preKeyId":169}},"BZr7S+9J4MFN5dtFywDlI8AVxipKwuuPDcN4BFkKcL1b":{"registrationId":72,"currentRatchet":{"ephemeralKeyPair":{"pubKey":"BVVZzDtTT6mRlRiO8Fan0+ssKfwkul2NCkwN5wz9lV0d","privKey":"AK9dn1Jc57Xb9/FTcLRrwatyuwltcgFgA6Gs4AxQTXc="},"lastRemoteEphemeralKey":"BSUYnBADUqEaXRBh0vmKOEcgAg0oLytXZbEJlhhglZ4m","previousCounter":0,"rootKey":"7M0KtKFTtkCCX8eGJQak0flJKuS5ELu6tQkbURhKGGs="},"indexInfo":{"baseKey":"BZr7S+9J4MFN5dtFywDlI8AVxipKwuuPDcN4BFkKcL1b","baseKeyType":1,"closed":1749359003588,"used":1749358954576,"created":1749358954576,"remoteIdentityKey":"BXL+CsVmitldasCMt6AK4K78orebqThZTxZA/wqknRAN"},"_chains":{"BVVZzDtTT6mRlRiO8Fan0+ssKfwkul2NCkwN5wz9lV0d":{"chainKey":{"counter":4,"key":"i7z4sVsEV1elpV0UUPVTUx32aDrK0glK2iVYI69GwhU="},"chainType":1,"messageKeys":{}}},"pendingPreKey":{"signedKeyId":1,"baseKey":"BZr7S+9J4MFN5dtFywDlI8AVxipKwuuPDcN4BFkKcL1b","preKeyId":161}},"Bf/lRYGE+swoJ7Jb5y1M6//yaxNhLfnsUDvb31jwhIxr":{"registrationId":72,"currentRatchet":{"ephemeralKeyPair":{"pubKey":"BQm1pCKxnR7c0eHen4Xfi2af7aajrsIw7E12/Wj9cEwb","privKey":"qJVwMtqNG5wXEkEnzS81bYAFp32spEUC9+0jVIetqVA="},"lastRemoteEphemeralKey":"BSUYnBADUqEaXRBh0vmKOEcgAg0oLytXZbEJlhhglZ4m","previousCounter":0,"rootKey":"PyVZvOEZhHrDPU/SH+eldaR9mAif+DyAt+A5CdWTT5c="},"indexInfo":{"baseKey":"Bf/lRYGE+swoJ7Jb5y1M6//yaxNhLfnsUDvb31jwhIxr","baseKeyType":1,"closed":1749359578556,"used":1749359003586,"created":1749359003586,"remoteIdentityKey":"BXL+CsVmitldasCMt6AK4K78orebqThZTxZA/wqknRAN"},"_chains":{"BQm1pCKxnR7c0eHen4Xfi2af7aajrsIw7E12/Wj9cEwb":{"chainKey":{"counter":16,"key":"p072GPxiZiQEOXks9Tp90xxePhNi2FbMpYoOcRlAfWQ="},"chainType":1,"messageKeys":{}}},"pendingPreKey":{"signedKeyId":1,"baseKey":"Bf/lRYGE+swoJ7Jb5y1M6//yaxNhLfnsUDvb31jwhIxr","preKeyId":175}},"BZx7XegUP7LLmPQTNH+XJ0Y2CZVGi56GCbNTCXJ8DuM5":{"registrationId":72,"currentRatchet":{"ephemeralKeyPair":{"pubKey":"BZdxtneLJJm1lsVdbGfmm/J3N+sUTx7li3Gn/dicWMUg","privKey":"iEV6gq5y8O+EvLUnPIHIFigrvxYEwsBork7bZfxKVlo="},"lastRemoteEphemeralKey":"BSUYnBADUqEaXRBh0vmKOEcgAg0oLytXZbEJlhhglZ4m","previousCounter":0,"rootKey":"W+AyB20v9uVBH+rxMKPOlRKbF9aiBTj+mPk+cWn3q5c="},"indexInfo":{"baseKey":"BZx7XegUP7LLmPQTNH+XJ0Y2CZVGi56GCbNTCXJ8DuM5","baseKeyType":1,"closed":1749367095729,"used":1749359578554,"created":1749359578554,"remoteIdentityKey":"BXL+CsVmitldasCMt6AK4K78orebqThZTxZA/wqknRAN"},"_chains":{"BZdxtneLJJm1lsVdbGfmm/J3N+sUTx7li3Gn/dicWMUg":{"chainKey":{"counter":7,"key":"Ke6irS1V/Gm7yCHeRcXzR72FCiLzLVhbKn7krijVufc="},"chainType":1,"messageKeys":{}}},"pendingPreKey":{"signedKeyId":1,"baseKey":"BZx7XegUP7LLmPQTNH+XJ0Y2CZVGi56GCbNTCXJ8DuM5","preKeyId":193}},"BQJbNUka+KC8TR/gQnZtrv5mrnKFH/u2JSXUGhuf8C8J":{"registrationId":72,"currentRatchet":{"ephemeralKeyPair":{"pubKey":"BWl6Lb0sAxee7SV2bIxzNTYsLfSN6YQfmV8q0F0Y9WMN","privKey":"CFILlUq+Q5QfYMW0gNiLZ7QdOayDiXa7LjJBP5ikTG0="},"lastRemoteEphemeralKey":"BSUYnBADUqEaXRBh0vmKOEcgAg0oLytXZbEJlhhglZ4m","previousCounter":0,"rootKey":"CkABJAjVUQur/+b1D3fTz9UYvON6vl9iqAv4oK26lI8="},"indexInfo":{"baseKey":"BQJbNUka+KC8TR/gQnZtrv5mrnKFH/u2JSXUGhuf8C8J","baseKeyType":1,"closed":1749381046448,"used":1749367095728,"created":1749367095728,"remoteIdentityKey":"BXL+CsVmitldasCMt6AK4K78orebqThZTxZA/wqknRAN"},"_chains":{"BWl6Lb0sAxee7SV2bIxzNTYsLfSN6YQfmV8q0F0Y9WMN":{"chainKey":{"counter":9,"key":"Bt5QQf9nxnC3KAdClBwHVTgddDVku4vDkqnnY72LZQI="},"chainType":1,"messageKeys":{}}},"pendingPreKey":{"signedKeyId":1,"baseKey":"BQJbNUka+KC8TR/gQnZtrv5mrnKFH/u2JSXUGhuf8C8J","preKeyId":237}},"BSy7kjWZAxT+oaPnsM70sqaoMjexmJbV4SSGMWo5NXNU":{"registrationId":72,"currentRatchet":{"ephemeralKeyPair":{"pubKey":"Bboc47doFLsnvw2LYR7JHboldw63TsWIl7lr+r39S/FQ","privKey":"qAInAgl+MlRQ/muLUA6u4z49EOy8elSdho5aOqFi73Q="},"lastRemoteEphemeralKey":"BSUYnBADUqEaXRBh0vmKOEcgAg0oLytXZbEJlhhglZ4m","previousCounter":0,"rootKey":"C71edO4j6QAPhZCsqNB75nyw0/bv2qA9puebGz44jgM="},"indexInfo":{"baseKey":"BSy7kjWZAxT+oaPnsM70sqaoMjexmJbV4SSGMWo5NXNU","baseKeyType":1,"closed":1749381101549,"used":1749381046445,"created":1749381046445,"remoteIdentityKey":"BXL+CsVmitldasCMt6AK4K78orebqThZTxZA/wqknRAN"},"_chains":{"Bboc47doFLsnvw2LYR7JHboldw63TsWIl7lr+r39S/FQ":{"chainKey":{"counter":0,"key":"xWjIxXAocADBtc01PQVFy+QOVUO1hSzdkmbNuIwxM9k="},"chainType":1,"messageKeys":{}}},"pendingPreKey":{"signedKeyId":1,"baseKey":"BSy7kjWZAxT+oaPnsM70sqaoMjexmJbV4SSGMWo5NXNU","preKeyId":245}},"BbAs3mpVhxojCw/zE6SlGX+IFPHvaKs7NhbHXgtJjj8I":{"registrationId":72,"currentRatchet":{"ephemeralKeyPair":{"pubKey":"BZ/cLbJe+PZJFZXs7z3NIQeAxsRY1RC1O5u/4edCgGBP","privKey":"4FZw9XjzsPaCGbCxONbDaAe5a0Lfnut4eMuOJ9x7XW4="},"lastRemoteEphemeralKey":"BSUYnBADUqEaXRBh0vmKOEcgAg0oLytXZbEJlhhglZ4m","previousCounter":0,"rootKey":"nM3L+hNs1tlno/CrB/PwiA5TX7Fq9RvFk42jy58qCNk="},"indexInfo":{"baseKey":"BbAs3mpVhxojCw/zE6SlGX+IFPHvaKs7NhbHXgtJjj8I","baseKeyType":1,"closed":1749381103593,"used":1749381101547,"created":1749381101547,"remoteIdentityKey":"BXL+CsVmitldasCMt6AK4K78orebqThZTxZA/wqknRAN"},"_chains":{"BZ/cLbJe+PZJFZXs7z3NIQeAxsRY1RC1O5u/4edCgGBP":{"chainKey":{"counter":0,"key":"6JRRpTEmfYpysznNTGIXKg/icbbGcj4gYH6xGeIB23Q="},"chainType":1,"messageKeys":{}}},"pendingPreKey":{"signedKeyId":1,"baseKey":"BbAs3mpVhxojCw/zE6SlGX+IFPHvaKs7NhbHXgtJjj8I","preKeyId":246}},"BTiNatLmVzQr2zuD4LilK7+3kg49KLOjRF9YdbxhJpVy":{"registrationId":72,"currentRatchet":{"ephemeralKeyPair":{"pubKey":"BRUzer475oA8LndPdq3kYu9YFNt9TjZ7P0QZT+SJp5tY","privKey":"wKl/WR7720lg0UtArzSTGGx+0/fpKesofpZAFfibGlc="},"lastRemoteEphemeralKey":"BSUYnBADUqEaXRBh0vmKOEcgAg0oLytXZbEJlhhglZ4m","previousCounter":0,"rootKey":"XEx8AmxnPvsxwOIK/pb47SEi9QDdG0wk2BFszSNufCE="},"indexInfo":{"baseKey":"BTiNatLmVzQr2zuD4LilK7+3kg49KLOjRF9YdbxhJpVy","baseKeyType":1,"closed":1749381112566,"used":1749381103591,"created":1749381103591,"remoteIdentityKey":"BXL+CsVmitldasCMt6AK4K78orebqThZTxZA/wqknRAN"},"_chains":{"BRUzer475oA8LndPdq3kYu9YFNt9TjZ7P0QZT+SJp5tY":{"chainKey":{"counter":0,"key":"HccmZe9sf29yYEimM8o47cLwYKL4PW7E1KFdgtWRDFs="},"chainType":1,"messageKeys":{}}},"pendingPreKey":{"signedKeyId":1,"baseKey":"BTiNatLmVzQr2zuD4LilK7+3kg49KLOjRF9YdbxhJpVy","preKeyId":261}},"BZ1d30h1eljI0iuoaTwTeK7KFjorIakv6gKdQ22WB6Z3":{"registrationId":72,"currentRatchet":{"ephemeralKeyPair":{"pubKey":"BTvnD9vEqoDeE6GCk5Q+QcZJenYOrluo5+uPs2X26sIJ","privKey":"uAUNWytl05i47w293BrcNnprpsBNXGiUqU9+sQb9Plo="},"lastRemoteEphemeralKey":"BSUYnBADUqEaXRBh0vmKOEcgAg0oLytXZbEJlhhglZ4m","previousCounter":0,"rootKey":"LhYrT+TtpqvsuB9AYQvXfi8aMFf5RtDQ7FNtoFedaWQ="},"indexInfo":{"baseKey":"BZ1d30h1eljI0iuoaTwTeK7KFjorIakv6gKdQ22WB6Z3","baseKeyType":1,"closed":1749381114570,"used":1749381112564,"created":1749381112564,"remoteIdentityKey":"BXL+CsVmitldasCMt6AK4K78orebqThZTxZA/wqknRAN"},"_chains":{"BTvnD9vEqoDeE6GCk5Q+QcZJenYOrluo5+uPs2X26sIJ":{"chainKey":{"counter":0,"key":"ig0nAGUwxiau0cjCwXtuQ6RLmBfDzgjOqt8BJ6X3OWE="},"chainType":1,"messageKeys":{}}},"pendingPreKey":{"signedKeyId":1,"baseKey":"BZ1d30h1eljI0iuoaTwTeK7KFjorIakv6gKdQ22WB6Z3","preKeyId":251}},"BfDp2CKM7ycWJnuayOZblOQnncLExuQtwVF3Cl+mwq5c":{"registrationId":72,"currentRatchet":{"ephemeralKeyPair":{"pubKey":"Bfq++wHh/fon2SMe2+Ov3yqqHk18fk+OxAnT2CcV59sE","privKey":"wBtTcbt41/vijxf/OFMN+GQKN+RtgGzf3Ud1BfdcHEY="},"lastRemoteEphemeralKey":"BSUYnBADUqEaXRBh0vmKOEcgAg0oLytXZbEJlhhglZ4m","previousCounter":0,"rootKey":"8Wl2qhWSrLIBJYxFEEBZ0udLe2et3pE+BoX0bQfKAZE="},"indexInfo":{"baseKey":"BfDp2CKM7ycWJnuayOZblOQnncLExuQtwVF3Cl+mwq5c","baseKeyType":1,"closed":1749381116592,"used":1749381114568,"created":1749381114568,"remoteIdentityKey":"BXL+CsVmitldasCMt6AK4K78orebqThZTxZA/wqknRAN"},"_chains":{"Bfq++wHh/fon2SMe2+Ov3yqqHk18fk+OxAnT2CcV59sE":{"chainKey":{"counter":1,"key":"GgzO2S6yOMbi/aJXcR21PBKJLIs6O3Q6HeuMLU7dxkY="},"chainType":1,"messageKeys":{}}},"pendingPreKey":{"signedKeyId":1,"baseKey":"BfDp2CKM7ycWJnuayOZblOQnncLExuQtwVF3Cl+mwq5c","preKeyId":257}},"BU48OgBg4Vtqj/Z/Ch0/ipTf4eqxwpihg0Xve1DqPmMR":{"registrationId":72,"currentRatchet":{"ephemeralKeyPair":{"pubKey":"BUI0Lz26ZfJttEf2Yi+wW0wTju7GRHpwurBGfLpsvNwu","privKey":"wCjw/x84lQLK84wIeaVCy/HHgM3OnjrR2Om1QXGuAks="},"lastRemoteEphemeralKey":"BSUYnBADUqEaXRBh0vmKOEcgAg0oLytXZbEJlhhglZ4m","previousCounter":0,"rootKey":"IadXW+WGyEHugs5GGt5e9a+EQT3OOWFCV8sFYHnGcYY="},"indexInfo":{"baseKey":"BU48OgBg4Vtqj/Z/Ch0/ipTf4eqxwpihg0Xve1DqPmMR","baseKeyType":1,"closed":1749381325508,"used":1749381116590,"created":1749381116590,"remoteIdentityKey":"BXL+CsVmitldasCMt6AK4K78orebqThZTxZA/wqknRAN"},"_chains":{"BUI0Lz26ZfJttEf2Yi+wW0wTju7GRHpwurBGfLpsvNwu":{"chainKey":{"counter":1,"key":"u70yVp3TeDjS2HQ52faht5lLwP1iflMqBCnxkzcFCX0="},"chainType":1,"messageKeys":{}}},"pendingPreKey":{"signedKeyId":1,"baseKey":"BU48OgBg4Vtqj/Z/Ch0/ipTf4eqxwpihg0Xve1DqPmMR","preKeyId":254}},"BWKxHkqThSFzyJ3uV6CK6ng6U7FvdDaAsONW/8BIUhQJ":{"registrationId":72,"currentRatchet":{"ephemeralKeyPair":{"pubKey":"BdX2wvD2HT7gpkXhABI4MX3sdOGJQKnuH03PSn0Z8CY/","privKey":"ENOynQ3+eB6npHlboSgxLTXhGP70Ks4RoEZAi3kGCkM="},"lastRemoteEphemeralKey":"BSUYnBADUqEaXRBh0vmKOEcgAg0oLytXZbEJlhhglZ4m","previousCounter":0,"rootKey":"sZ5fMn3A+Mo2MOoS23cAATXRoo45cLWXHoyPsKEFaLY="},"indexInfo":{"baseKey":"BWKxHkqThSFzyJ3uV6CK6ng6U7FvdDaAsONW/8BIUhQJ","baseKeyType":1,"closed":1749382869183,"used":1749381325507,"created":1749381325507,"remoteIdentityKey":"BXL+CsVmitldasCMt6AK4K78orebqThZTxZA/wqknRAN"},"_chains":{"BdX2wvD2HT7gpkXhABI4MX3sdOGJQKnuH03PSn0Z8CY/":{"chainKey":{"counter":6,"key":"ul1ssrY5GWOBo8nlZsI0dZDSVEFph7qecVKg+ANGeTI="},"chainType":1,"messageKeys":{}}},"pendingPreKey":{"signedKeyId":1,"baseKey":"BWKxHkqThSFzyJ3uV6CK6ng6U7FvdDaAsONW/8BIUhQJ","preKeyId":302}},"BQ4TbBQwSzh/WoXNbRi8/9jiS/kadZ1nsj6zdYVWwjVM":{"registrationId":72,"currentRatchet":{"ephemeralKeyPair":{"pubKey":"BWAirn4SPNlje3Br/quD9mlzUk1UEe2CP41CfZ7uQs1k","privKey":"MHCydeNemrBgQX3APTyqWi8ajLllxMgbkBuRRQktGHY="},"lastRemoteEphemeralKey":"BSUYnBADUqEaXRBh0vmKOEcgAg0oLytXZbEJlhhglZ4m","previousCounter":0,"rootKey":"ax4rWQaMo8HgDksPWqQiTlBQBGsHOuUOJHMIIPsBtz4="},"indexInfo":{"baseKey":"BQ4TbBQwSzh/WoXNbRi8/9jiS/kadZ1nsj6zdYVWwjVM","baseKeyType":1,"closed":-1,"used":1749382869181,"created":1749382869181,"remoteIdentityKey":"BXL+CsVmitldasCMt6AK4K78orebqThZTxZA/wqknRAN"},"_chains":{"BWAirn4SPNlje3Br/quD9mlzUk1UEe2CP41CfZ7uQs1k":{"chainKey":{"counter":5,"key":"oYixpm3FOHTx2hQSk5ug5hsgdKTkYdAppDW22kGPsXg="},"chainType":1,"messageKeys":{}}},"pendingPreKey":{"signedKeyId":1,"baseKey":"BQ4TbBQwSzh/WoXNbRi8/9jiS/kadZ1nsj6zdYVWwjVM","preKeyId":316}}},"version":"v1"}