{"_sessions":{"BekJTk3uOj77UGdpq+7JPjTYhCDLOy+AH5RNUK/f8Lpo":{"registrationId":6007,"currentRatchet":{"ephemeralKeyPair":{"pubKey":"BQEjjNYYXthoKTfzz6HbbB0M9QlhsOQ2kpK7eDDHTFUs","privKey":"ePjpEK1ISBUMBH1244wd4DnMVY/1pvaf7fXMrJcTgX8="},"lastRemoteEphemeralKey":"Be0YV1KbZVGAqez+ljt/a+CWmy9eY0R5n0xOvhocMQAN","previousCounter":0,"rootKey":"GayPaeUJiDYd6UfitJDQn4pfDPQ28zDgjAC2+n0t2y4="},"indexInfo":{"baseKey":"BekJTk3uOj77UGdpq+7JPjTYhCDLOy+AH5RNUK/f8Lpo","baseKeyType":1,"closed":-1,"used":1749274780781,"created":1749274780781,"remoteIdentityKey":"BThzDy2iUi8JLx5KVDMTbTIG69b/OJtYgTMO0yqIE55/"},"_chains":{"BQEjjNYYXthoKTfzz6HbbB0M9QlhsOQ2kpK7eDDHTFUs":{"chainKey":{"counter":93,"key":"zPTbUeckzkmQDIhlVuU6MiA5RmPwHtVluTNoCtlApd0="},"chainType":1,"messageKeys":{}}},"pendingPreKey":{"signedKeyId":1,"baseKey":"BekJTk3uOj77UGdpq+7JPjTYhCDLOy+AH5RNUK/f8Lpo"}}},"version":"v1"}