{"_sessions":{"BcShc1EPXX99wzVBIz4yKU+ETDhTNp93p/QwiV+vwUpD":{"registrationId":208,"currentRatchet":{"ephemeralKeyPair":{"pubKey":"BeyLIE23jnyXCOEuEBrZ8gV08GZzeCTJ7/GMoU24XVBD","privKey":"qHvakylIk7YKxu+RDlj4DnR7mqj4qTdh9ZJYgMzxvnI="},"lastRemoteEphemeralKey":"BQCS+sdYYUS5nKuxDvIfWbJ7NA1no0tcHn7cEsLifJlk","previousCounter":0,"rootKey":"MEUjRthCje70bUtkXAX3D4HUYyf9fiseqgayzGA7mmU="},"indexInfo":{"baseKey":"BcShc1EPXX99wzVBIz4yKU+ETDhTNp93p/QwiV+vwUpD","baseKeyType":1,"closed":-1,"used":1749274780728,"created":1749274780728,"remoteIdentityKey":"BRXe6P981y3IvYSyG274LPlKInQy0CDTZXqwGMZFmqFx"},"_chains":{"BeyLIE23jnyXCOEuEBrZ8gV08GZzeCTJ7/GMoU24XVBD":{"chainKey":{"counter":11,"key":"d+544OBJrVwfJ0PEZgL+a7FNL791/bfbSTqNyhzdnlo="},"chainType":1,"messageKeys":{}}},"pendingPreKey":{"signedKeyId":1,"baseKey":"BcShc1EPXX99wzVBIz4yKU+ETDhTNp93p/QwiV+vwUpD"}}},"version":"v1"}