{"_sessions":{"BT3PJYEvzn3nPki0WqwGQiTtP+nSe1Eyp1GiUGk5U/0k":{"registrationId":1524085461,"currentRatchet":{"ephemeralKeyPair":{"pubKey":"Beh5oBBxVT4sIeJuHv4pol4TidkLSL2p77c3jjF/yr9T","privKey":"oK2t6MEL3a6ptxaACiKS8aZMQvZ2Lz9yKfL0N7Hom1Y="},"lastRemoteEphemeralKey":"BWl6RBnrK7XEibmzZ10ZNDaq3XdOKzzdob/SiovRh7h4","previousCounter":0,"rootKey":"6NAm3myYUH8r7J1oZrXcelS3mJMyB92Ci0rzSW4GzYM="},"indexInfo":{"baseKey":"BT3PJYEvzn3nPki0WqwGQiTtP+nSe1Eyp1GiUGk5U/0k","baseKeyType":1,"closed":-1,"used":1749285555974,"created":1749274780857,"remoteIdentityKey":"BTPQQowF6FTDswd5LhNZaTNOGcy3cUiAVHAw6ryhhYsA"},"_chains":{"BUflRq4ZlpoA6hBqVAybefl/pEIbuen98E4tM2v+LJ0S":{"chainKey":{"counter":0},"chainType":2,"messageKeys":{}},"BWl6RBnrK7XEibmzZ10ZNDaq3XdOKzzdob/SiovRh7h4":{"chainKey":{"counter":0,"key":"Wz4xY8T5lN1Y1h056L6m0RG2X1cFBqCRcyx+U3DfoV0="},"chainType":2,"messageKeys":{}},"Beh5oBBxVT4sIeJuHv4pol4TidkLSL2p77c3jjF/yr9T":{"chainKey":{"counter":82,"key":"Nm2Adwz0liAsAP3HmwukdizIDiFTrviyM31ktnPZGNc="},"chainType":1,"messageKeys":{}}}}},"version":"v1"}