{"_sessions":{"Begjc0eaVekQMnjdvfdFL/dGZPqo6UyiOQZaYbib7iwE":{"registrationId":791379349,"currentRatchet":{"ephemeralKeyPair":{"pubKey":"BceUc+4v1Li0soj2psuCXxhqSmlVa7LQpwtelamCby4B","privKey":"wPazMjMEh1L3AEwQZW9uPKlhwYGsmmXk+z/qJBEIUGg="},"lastRemoteEphemeralKey":"Bef0zhxf1ri3/okAw3gp3lF/rhv3PTtanCNBlFfwL2M1","previousCounter":0,"rootKey":"Aeiv5fxPztElfOcx5mVP9ybEdY29Vvacg4Zd2ui7UiE="},"indexInfo":{"baseKey":"Begjc0eaVekQMnjdvfdFL/dGZPqo6UyiOQZaYbib7iwE","baseKeyType":1,"closed":-1,"used":1749274781001,"created":1749274781001,"remoteIdentityKey":"BYyGLE1aAVjiyu024zrotM34ejRwIb4oJ3bypgphHfFU"},"_chains":{"BceUc+4v1Li0soj2psuCXxhqSmlVa7LQpwtelamCby4B":{"chainKey":{"counter":93,"key":"5xZJfulqGaKMPM0RWQNpI61Py550WcWAFDmdzzjx0/A="},"chainType":1,"messageKeys":{}}},"pendingPreKey":{"signedKeyId":1,"baseKey":"Begjc0eaVekQMnjdvfdFL/dGZPqo6UyiOQZaYbib7iwE","preKeyId":9047591}}},"version":"v1"}