{"_sessions":{"BTqY8JnHkcnd59V/Pxt0aGC0ga9l8/0C0GdxphP6QTZx":{"registrationId":1159738336,"currentRatchet":{"ephemeralKeyPair":{"pubKey":"BWo5QMbhrxREtbjE+1mefrmoMYZX+KxiP2iwz810jjcc","privKey":"IOnlsrJz1Sz5bAyRrK1RgpGooClEQqloZaTwsnUus2U="},"lastRemoteEphemeralKey":"BfxHA6syxb9dpmcB+vQnPWK9DH9YBtBgstTFP6J3DChh","previousCounter":0,"rootKey":"/TvS7lrH9t5EAs0hibkrQ5FVLdczUyek9fQJwgKIGNM="},"indexInfo":{"baseKey":"BTqY8JnHkcnd59V/Pxt0aGC0ga9l8/0C0GdxphP6QTZx","baseKeyType":1,"closed":-1,"used":1749274780949,"created":1749274780949,"remoteIdentityKey":"BT8tyPyS6qHXAqy7ZDfQ1zUXPNZHpkChCyxKfW4UPa0b"},"_chains":{"BWo5QMbhrxREtbjE+1mefrmoMYZX+KxiP2iwz810jjcc":{"chainKey":{"counter":93,"key":"cEaMZ6rq8us6fywHTpBWgAXUyzluHBUMjwL8WJFYqoY="},"chainType":1,"messageKeys":{}}},"pendingPreKey":{"signedKeyId":42,"baseKey":"BTqY8JnHkcnd59V/Pxt0aGC0ga9l8/0C0GdxphP6QTZx","preKeyId":5036601}}},"version":"v1"}