{"_sessions":{"BYFLHacDNQZpkhHtoTiPR6DxMEJu3pz14F7WujEmO0kD":{"registrationId":1070329880,"currentRatchet":{"ephemeralKeyPair":{"pubKey":"Bd9f/FdkTcPcpjMWonffA+3YMZwO1Q0LRnUtkRqUOKoz","privKey":"CH5yoriVsxT0zS8CxTXsdsIJwBfJSp6G9wa/VKwYhmA="},"lastRemoteEphemeralKey":"Bf/Ch4ro5Q2nZDdi6mTqOCV2qZ1Ok+jLTHHsbX0ETpxJ","previousCounter":0,"rootKey":"If7zKY7mQ5O1Tc8b1EMVDLTTeb/JG8AjTCb7/c5dxDs="},"indexInfo":{"baseKey":"BYFLHacDNQZpkhHtoTiPR6DxMEJu3pz14F7WujEmO0kD","baseKeyType":1,"closed":-1,"used":1749274780778,"created":1749274780778,"remoteIdentityKey":"BUBjNHJnWSNnb2eAZvqwx0UEIQnKkWeVTzKeVBIBdOd0"},"_chains":{"Bd9f/FdkTcPcpjMWonffA+3YMZwO1Q0LRnUtkRqUOKoz":{"chainKey":{"counter":93,"key":"k77556DtMFrgaXRHRP0RZw9yr8CT4RQHBPrxqEICyEA="},"chainType":1,"messageKeys":{}}},"pendingPreKey":{"signedKeyId":1,"baseKey":"BYFLHacDNQZpkhHtoTiPR6DxMEJu3pz14F7WujEmO0kD"}}},"version":"v1"}