{"_sessions":{"BcYME12wxt/JZrTFUnb3WOIQuFunKrSe1Whgv/Oj+Dti":{"registrationId":1010444503,"currentRatchet":{"ephemeralKeyPair":{"pubKey":"BSmptZGxMSXLh8EJfYgNa70uKEhp4F9mBmZuuz6B9N4t","privKey":"sEeGRrL0Lk3UZrpm/w/v8+imB2KFW3HNPLVEaX4zJmE="},"lastRemoteEphemeralKey":"BeCcve71/8zTpa3YiM3lV4VJKI6LaolRlnq7RPYulU8v","previousCounter":0,"rootKey":"2l1vx8nMASDSpVPgK+zJOswG19zrL1UMfQPEuitm3zU="},"indexInfo":{"baseKey":"BcYME12wxt/JZrTFUnb3WOIQuFunKrSe1Whgv/Oj+Dti","baseKeyType":1,"closed":1749284409171,"used":1749274781039,"created":1749274781039,"remoteIdentityKey":"BXl8Cpiq3/fsoFrWcRkC07t4yiv6/W+E9hJstahbKo8v"},"_chains":{"BSmptZGxMSXLh8EJfYgNa70uKEhp4F9mBmZuuz6B9N4t":{"chainKey":{"counter":9,"key":"R5om9SGLSipKCweOsnzUO/IPELS9X1cos63zwemTN6o="},"chainType":1,"messageKeys":{}}},"pendingPreKey":{"signedKeyId":0,"baseKey":"BcYME12wxt/JZrTFUnb3WOIQuFunKrSe1Whgv/Oj+Dti"}},"BRf0f/SKQZi22m0Zq8XBaaO0uGuQmOVEDwzGPRBl53Q6":{"registrationId":1010444503,"currentRatchet":{"ephemeralKeyPair":{"pubKey":"BZmVFFECya8cWsUWXWavnDPtOJB3PkjLqD1PaeFJhgkK","privKey":"GH9EeQbgX7gqHe2vGsvWpHNOMQMrfxuVRCfXI9yG3Vk="},"lastRemoteEphemeralKey":"BeCcve71/8zTpa3YiM3lV4VJKI6LaolRlnq7RPYulU8v","previousCounter":0,"rootKey":"PvtAQEYp7sldwWua4fNNEUPuzg+cCtFr7rwAywY1eJU="},"indexInfo":{"baseKey":"BRf0f/SKQZi22m0Zq8XBaaO0uGuQmOVEDwzGPRBl53Q6","baseKeyType":1,"closed":1749383154830,"used":1749284409167,"created":1749284409167,"remoteIdentityKey":"BXl8Cpiq3/fsoFrWcRkC07t4yiv6/W+E9hJstahbKo8v"},"_chains":{"BZmVFFECya8cWsUWXWavnDPtOJB3PkjLqD1PaeFJhgkK":{"chainKey":{"counter":80,"key":"BK25rXZV/ObH3gKohQcQm4d9X9Vtl5PomOEpBMzaY9o="},"chainType":1,"messageKeys":{}}},"pendingPreKey":{"signedKeyId":0,"baseKey":"BRf0f/SKQZi22m0Zq8XBaaO0uGuQmOVEDwzGPRBl53Q6"}},"BRA5BNf0zPPJFDNX2f8BOZTDwqQx8+VshabyBmfAHMph":{"registrationId":1010444503,"currentRatchet":{"ephemeralKeyPair":{"pubKey":"BSdPUbhQt2ejj7TtOhLN8aVxB5sDeRf9XiWPDiwqBPk/","privKey":"8L8y9ziDeHWST/BQhAF9xXAQo9/SutntOgc7VNWze38="},"lastRemoteEphemeralKey":"BeCcve71/8zTpa3YiM3lV4VJKI6LaolRlnq7RPYulU8v","previousCounter":0,"rootKey":"MF23rFfPqYKozaM3EK95VOdMjrjkcAGdx3lIPu+fDmE="},"indexInfo":{"baseKey":"BRA5BNf0zPPJFDNX2f8BOZTDwqQx8+VshabyBmfAHMph","baseKeyType":1,"closed":1749383156062,"used":1749383154828,"created":1749383154828,"remoteIdentityKey":"BXl8Cpiq3/fsoFrWcRkC07t4yiv6/W+E9hJstahbKo8v"},"_chains":{"BSdPUbhQt2ejj7TtOhLN8aVxB5sDeRf9XiWPDiwqBPk/":{"chainKey":{"counter":0,"key":"mcjvSEtaUjJbLq9kGUlvAVkZ98/K+5A34xE5BucMFDM="},"chainType":1,"messageKeys":{}}},"pendingPreKey":{"signedKeyId":0,"baseKey":"BRA5BNf0zPPJFDNX2f8BOZTDwqQx8+VshabyBmfAHMph"}},"BWCZ2jnM0fNnJ1rETYME/XOjW7S5hEjL+mQCuWByWDgS":{"registrationId":1010444503,"currentRatchet":{"ephemeralKeyPair":{"pubKey":"BdqpJJGtEtLJgAN8Zw2TfHvPVaLtGaFUSGAksIJfI65p","privKey":"yDQ5YpX4FrWFmPnD/hCEEdd4a+IkzO65N/yCyt7j5Xo="},"lastRemoteEphemeralKey":"BeCcve71/8zTpa3YiM3lV4VJKI6LaolRlnq7RPYulU8v","previousCounter":0,"rootKey":"lga9UTyoUIkra/YWJ4KbAqjHWi/qojXPfB9ysS66bVY="},"indexInfo":{"baseKey":"BWCZ2jnM0fNnJ1rETYME/XOjW7S5hEjL+mQCuWByWDgS","baseKeyType":1,"closed":-1,"used":1749383156060,"created":1749383156060,"remoteIdentityKey":"BXl8Cpiq3/fsoFrWcRkC07t4yiv6/W+E9hJstahbKo8v"},"_chains":{"BdqpJJGtEtLJgAN8Zw2TfHvPVaLtGaFUSGAksIJfI65p":{"chainKey":{"counter":1,"key":"X0qawkXKEXoflxETfXNygSqCgp6sIq5PSC5Ka4NJHEc="},"chainType":1,"messageKeys":{}}},"pendingPreKey":{"signedKeyId":0,"baseKey":"BWCZ2jnM0fNnJ1rETYME/XOjW7S5hEjL+mQCuWByWDgS"}}},"version":"v1"}