{"_sessions":{"Bduq1fJ15llqMjU56T+BcghKaN2BG3V77MRtGi4KdYkU":{"registrationId":610898460,"currentRatchet":{"ephemeralKeyPair":{"pubKey":"BaxKFtwuAGlENgJkDnBkLQ+bJCuBx2jXgs159+P3Wa97","privKey":"+BxpKpuMbLVM55rtDTRotf5sr37SROlxJWcF1qlav2c="},"lastRemoteEphemeralKey":"BSEpkTh9uD5hhMnOPvKEGjeWDM3CGWKx7C2QUlRtsKJu","previousCounter":0,"rootKey":"ae0SgACNQwYVLglKmzIjv9jkvKuhmdaauBlglwrySc8="},"indexInfo":{"baseKey":"Bduq1fJ15llqMjU56T+BcghKaN2BG3V77MRtGi4KdYkU","baseKeyType":1,"closed":-1,"used":1749274780909,"created":1749274780909,"remoteIdentityKey":"BWM3clISbRRSYIU1rzJDT6EzEfllU/mxLdQ1w59uj29w"},"_chains":{"BaxKFtwuAGlENgJkDnBkLQ+bJCuBx2jXgs159+P3Wa97":{"chainKey":{"counter":93,"key":"hn7XqS9ZjUGM3LKN2+KVAJX2uot/8Qn2npWHUonRowM="},"chainType":1,"messageKeys":{}}},"pendingPreKey":{"signedKeyId":2,"baseKey":"Bduq1fJ15llqMjU56T+BcghKaN2BG3V77MRtGi4KdYkU","preKeyId":16718814}}},"version":"v1"}