{"_sessions":{"Ba6LeD4/wdv62byw1ESo33HEFI+hw1/uG44WWwgDJsVz":{"registrationId":10209,"currentRatchet":{"ephemeralKeyPair":{"pubKey":"BSF4oCKPOlfZ70JoHLYe8YaaY47+IlvjWuQdxJH53fUN","privKey":"OCOoNhvpYvQfbHMZtPson6qQCsf9yyAkcTh3znllwmg="},"lastRemoteEphemeralKey":"BZ9ZOW5d8wo/ujIl2XgJHHI0U7be5/2e5hGihkEQkpJ4","previousCounter":0,"rootKey":"LkoOa4U8MGKTn4s9NIXTnof+UGfkx6ZSiDntS+dkKgU="},"indexInfo":{"baseKey":"Ba6LeD4/wdv62byw1ESo33HEFI+hw1/uG44WWwgDJsVz","baseKeyType":1,"closed":-1,"used":1749274780664,"created":1749274780664,"remoteIdentityKey":"BYGN9aU42x2nehakyG8MF54njHWFmC5ITgibWJdFzgZu"},"_chains":{"BSF4oCKPOlfZ70JoHLYe8YaaY47+IlvjWuQdxJH53fUN":{"chainKey":{"counter":93,"key":"LoL0jDlKi6bgcl3afz7iVD4FXL+j8qjVsWFnD3QzJp4="},"chainType":1,"messageKeys":{}}},"pendingPreKey":{"signedKeyId":1,"baseKey":"Ba6LeD4/wdv62byw1ESo33HEFI+hw1/uG44WWwgDJsVz","preKeyId":190}}},"version":"v1"}