{"_sessions":{"Bbqg1MfH/of8O86k0+WL2AYoBahBqeRin0kOE1OJXRQ6":{"registrationId":125,"currentRatchet":{"ephemeralKeyPair":{"pubKey":"BTATWaTtN1a+gReNEq1yxxgtOU57CKyhE5MSmfgMCipx","privKey":"0JrKFlxemIewj8X/VC6FX9y3pWaH4BIjAZ5nX9k/y2o="},"lastRemoteEphemeralKey":"BZmWCrd0irU8bSud3ZVVlK1drnPza18akJ0jqD51fmAf","previousCounter":0,"rootKey":"uDD5mCZ3iY1ilVNbQePsUkMjipzUidxZKPFmzC0hARM="},"indexInfo":{"baseKey":"Bbqg1MfH/of8O86k0+WL2AYoBahBqeRin0kOE1OJXRQ6","baseKeyType":1,"closed":-1,"used":1749274780724,"created":1749274780724,"remoteIdentityKey":"BUEH1TVTJXF0wMqBzrjuYoDkwCkB5lScE42iVexkqZJp"},"_chains":{"BTATWaTtN1a+gReNEq1yxxgtOU57CKyhE5MSmfgMCipx":{"chainKey":{"counter":19,"key":"2yC8UubKqwH69dOxgfVwSZq2+1h42H8p79xy+ZLDNgk="},"chainType":1,"messageKeys":{}}},"pendingPreKey":{"signedKeyId":1,"baseKey":"Bbqg1MfH/of8O86k0+WL2AYoBahBqeRin0kOE1OJXRQ6"}}},"version":"v1"}