{"_sessions":{"BXLVUmTl+KRHs5amO+HFaKZc1H0nr3lIpSSng2eYOo4X":{"registrationId":1540121,"currentRatchet":{"ephemeralKeyPair":{"pubKey":"BeMW2ZWsGOv8KB4EqPojpMnq//r6wHdK6xgdBEcqrhF4","privKey":"6O2/z6Y41KFv6fKQwNFH1fx02B2gu8Cb1q1Y6tUURnM="},"lastRemoteEphemeralKey":"BYTIk91ap9w2X09UsThmrWcbCFfjHWi4uQH/Omc9AKwr","previousCounter":0,"rootKey":"HxonPVz5x8W9D/B+HFefIOyhv3kxNhv6A0XIgSPzARc="},"indexInfo":{"baseKey":"BXLVUmTl+KRHs5amO+HFaKZc1H0nr3lIpSSng2eYOo4X","baseKeyType":1,"closed":-1,"used":1749274780821,"created":1749274780821,"remoteIdentityKey":"BadUsjRGJv8DLSfr8eG1Jcz4q6zHb4U+err3T8oa/7Yu"},"_chains":{"BeMW2ZWsGOv8KB4EqPojpMnq//r6wHdK6xgdBEcqrhF4":{"chainKey":{"counter":65,"key":"G5sNaJ5cOXUvL1nOLFRUhJKqHwLn2BEnOXzKizZvKhE="},"chainType":1,"messageKeys":{}}},"pendingPreKey":{"signedKeyId":0,"baseKey":"BXLVUmTl+KRHs5amO+HFaKZc1H0nr3lIpSSng2eYOo4X","preKeyId":3998529}}},"version":"v1"}