{"_sessions":{"BUdtJkrGakddlb4ccbg2TQK/AnfS1S9a21Srh/wS+7AM":{"registrationId":104,"currentRatchet":{"ephemeralKeyPair":{"pubKey":"BXWLXnrcyeWg9A2wx9DNO4GYGBigMxZQ3VyVyfbmA/4X","privKey":"GLT9VsShvzHOsa5jQXDpX7OVeEEcDicHe95rruwoj3Y="},"lastRemoteEphemeralKey":"BRwOWuxCza0Uh+Nwe19BUexI+5H847pvsspzenjAYAJZ","previousCounter":0,"rootKey":"1dtVLUfM/xAMABShlzGfHXWcJp6KqcaWsKXS+f5eOUA="},"indexInfo":{"baseKey":"BUdtJkrGakddlb4ccbg2TQK/AnfS1S9a21Srh/wS+7AM","baseKeyType":1,"closed":-1,"used":1749274780705,"created":1749274780705,"remoteIdentityKey":"BUmXV32SrMUqZReBGz5iXheSIp4BoBh/3dtzB+08wRdk"},"_chains":{"BXWLXnrcyeWg9A2wx9DNO4GYGBigMxZQ3VyVyfbmA/4X":{"chainKey":{"counter":93,"key":"RyfS2UlS49/1N8vLi0kH1DXdjmpl6sGkh0WYFeUYAUU="},"chainType":1,"messageKeys":{}}},"pendingPreKey":{"signedKeyId":1,"baseKey":"BUdtJkrGakddlb4ccbg2TQK/AnfS1S9a21Srh/wS+7AM"}}},"version":"v1"}