{"_sessions":{"BRprTd4GPHEcuQ/fyc1nS648r3X7tRTX4YNOx07OUgJ0":{"registrationId":1407677368,"currentRatchet":{"ephemeralKeyPair":{"pubKey":"Be2OiyY8Sw1Fgju0laBX5xRLv0KF9+HgbgT+bM6Vrtxn","privKey":"QD3U3J3afLzaQPua76Kx3PjZ5ISwITyN27MggtLON3M="},"lastRemoteEphemeralKey":"Bfj2dEgHw/tCYlZLwVqhQ5e5+fI7Q9joCXuI+G/sVVx8","previousCounter":0,"rootKey":"qE6LUDzW4fhfnaiHm6HF4PnAQtIFZZncoBX8vv54dmM="},"indexInfo":{"baseKey":"BRprTd4GPHEcuQ/fyc1nS648r3X7tRTX4YNOx07OUgJ0","baseKeyType":1,"closed":-1,"used":1749274781261,"created":1749274781261,"remoteIdentityKey":"BWnQuEYc3OHUQislg5We/NliLc76mAp0Bc1Z/MlZWcQk"},"_chains":{"Be2OiyY8Sw1Fgju0laBX5xRLv0KF9+HgbgT+bM6Vrtxn":{"chainKey":{"counter":93,"key":"E/4wnxWtanJxAhi8EXx6Yb6uwlYVdnrx6o6U46Y0pl0="},"chainType":1,"messageKeys":{}}},"pendingPreKey":{"signedKeyId":0,"baseKey":"BRprTd4GPHEcuQ/fyc1nS648r3X7tRTX4YNOx07OUgJ0"}}},"version":"v1"}