{"_sessions":{"Be1PfvWtq2GK6Xm5HmBrU4ghra8amHwQuinu6meI1a5o":{"registrationId":644059957,"currentRatchet":{"ephemeralKeyPair":{"pubKey":"BVBQfMBANR5k03Fj38dYQ9gV/FxEY1MyJJKhNsH4p2Iu","privKey":"UDaOLCcR80yOqX208tlQ8yJlAtjmBfRskLESBSa5dX8="},"lastRemoteEphemeralKey":"Bbzu272AGs/q/ZRnAVccWCJa4NVEHOzRQFINt5JLtpwk","previousCounter":0,"rootKey":"v3qIq0Y09UPwnmIQ+yKmTUIHbmofJoWRSxEn6DM/Cws="},"indexInfo":{"baseKey":"Be1PfvWtq2GK6Xm5HmBrU4ghra8amHwQuinu6meI1a5o","baseKeyType":1,"closed":-1,"used":1749274781067,"created":1749274781067,"remoteIdentityKey":"BTcc1G8FBJV+Ff9VvQFT3bKufGsjEazBFjogUx5P0CMc"},"_chains":{"BVBQfMBANR5k03Fj38dYQ9gV/FxEY1MyJJKhNsH4p2Iu":{"chainKey":{"counter":76,"key":"Etf/sJL6EWdv2H5QBv75Pruy7CiCiPn++hAZ19Vz74s="},"chainType":1,"messageKeys":{}}},"pendingPreKey":{"signedKeyId":1,"baseKey":"Be1PfvWtq2GK6Xm5HmBrU4ghra8amHwQuinu6meI1a5o"}}},"version":"v1"}