{"_sessions":{"BSYFAxgl8ZyPUCeeZ8qWPTPY1NDOJcEQ/e43PhphKAtb":{"registrationId":1830451728,"currentRatchet":{"ephemeralKeyPair":{"pubKey":"Bf3JhtJzYB3q3nFm4q1oFILE0j/dgcsmsiPzSTvYFhMc","privKey":"qJYjTzu5icHgtl+3oqQVrgjf9BQbS0AVWNbCrehaeFY="},"lastRemoteEphemeralKey":"BamYTQkALwOtR89lJDNmkApftDHJB5PstqVvZHQoen4U","previousCounter":0,"rootKey":"CqRuTo6zYX+5E+DDWyGmHZF/518JgR4Z1UaL9V7K+sk="},"indexInfo":{"baseKey":"BSYFAxgl8ZyPUCeeZ8qWPTPY1NDOJcEQ/e43PhphKAtb","baseKeyType":1,"closed":-1,"used":1749274781095,"created":1749274781095,"remoteIdentityKey":"BVFZvIOWkbCHFbXLH1H0NbzN77OLkuROmB49bVOembQw"},"_chains":{"Bf3JhtJzYB3q3nFm4q1oFILE0j/dgcsmsiPzSTvYFhMc":{"chainKey":{"counter":93,"key":"s3KoXIxpeQ9SBlppWMw53ArdaYHscrnsYiJRA+Ija9Y="},"chainType":1,"messageKeys":{}}},"pendingPreKey":{"signedKeyId":1,"baseKey":"BSYFAxgl8ZyPUCeeZ8qWPTPY1NDOJcEQ/e43PhphKAtb","preKeyId":12007586}}},"version":"v1"}