{"_sessions":{"BdCaIxJX6/Y3OFR+jMpoC4ivcl7CcP1Ht5DflXRDbpl6":{"registrationId":1866097368,"currentRatchet":{"ephemeralKeyPair":{"pubKey":"BZXJqiV17hSQlF7GRjBlUTCDX36qkRYYwqMBPKXE80hR","privKey":"2FDKEpdplMYyHiLNSuVywkx8ppYxr0dP8xhOYr6QzGI="},"lastRemoteEphemeralKey":"BX1JBt79qTCmL1dnCDy//Bjhp729A+M65E+DkBKsDvVN","previousCounter":0,"rootKey":"dAiDABsCjvzqfcJ/JTMjwzUahxYmAExDXFyxTIJF2b8="},"indexInfo":{"baseKey":"BdCaIxJX6/Y3OFR+jMpoC4ivcl7CcP1Ht5DflXRDbpl6","baseKeyType":1,"closed":-1,"used":1749274780853,"created":1749274780853,"remoteIdentityKey":"BZhvrwe3hSq4K3vSfnQxGdikOg0O+0jR1nf7g6BOEHUV"},"_chains":{"BZXJqiV17hSQlF7GRjBlUTCDX36qkRYYwqMBPKXE80hR":{"chainKey":{"counter":93,"key":"EHobIcINDadr7hMadsv0eHnVwpI4STBGe7aKOiUJ+Ss="},"chainType":1,"messageKeys":{}}},"pendingPreKey":{"signedKeyId":2,"baseKey":"BdCaIxJX6/Y3OFR+jMpoC4ivcl7CcP1Ht5DflXRDbpl6","preKeyId":2186825}}},"version":"v1"}