{"_sessions":{"BafWTFNgcCUgMHXMHIXQ3/XAN5Mi+r+J8uWcIWHj9Y1E":{"registrationId":1147734936,"currentRatchet":{"ephemeralKeyPair":{"pubKey":"BerDnHm9nrE0HRthWWP/ha8iWio59lOl8GI+XcHtHkAP","privKey":"KJfUgkn+ZC/B+y4fDoJf2rRxJOqurOphzyR9c1ZULE8="},"lastRemoteEphemeralKey":"BYYfqYZ5sjWdoIL4hgxVTkfTPH4lzx/LC1Bm/22+0oFy","previousCounter":0,"rootKey":"0EI/tlgMTCSP1GIvyhBTXP63Tzyh2GrcWtily8VpFJM="},"indexInfo":{"baseKey":"BafWTFNgcCUgMHXMHIXQ3/XAN5Mi+r+J8uWcIWHj9Y1E","baseKeyType":1,"closed":-1,"used":1749274781140,"created":1749274781140,"remoteIdentityKey":"BcnELq6KtHeeNeyFIyNLtXcv6LfqmLkI4u0seoBDpKoD"},"_chains":{"BerDnHm9nrE0HRthWWP/ha8iWio59lOl8GI+XcHtHkAP":{"chainKey":{"counter":93,"key":"QZSeQu7nIBEFD50/yOZ9kCVe9AK7sB0uK++MXIE0EoU="},"chainType":1,"messageKeys":{}}},"pendingPreKey":{"signedKeyId":0,"baseKey":"BafWTFNgcCUgMHXMHIXQ3/XAN5Mi+r+J8uWcIWHj9Y1E"}}},"version":"v1"}