{"_sessions":{"Beuki+Gwn0oqD5RgHGPY2j9g2gvU/MVm4STkfCjYGT8x":{"registrationId":914105538,"currentRatchet":{"ephemeralKeyPair":{"pubKey":"BeUKAW38pv6uqjehj1U2+pUFhvdzURlHjkq0/exKReRm","privKey":"EJrEq9NSahcyfD89fEwJEZW5tygEa2sSnv2aDxtrWW4="},"lastRemoteEphemeralKey":"BVIIbfsHVAEojk+dtlSluNIngFpLRMtS3lvAiGHj5Es/","previousCounter":0,"rootKey":"kXgLGPft7bWHJh8Bilf9vPdu1wzKM0Xm+uNtxA/6WEk="},"indexInfo":{"baseKey":"Beuki+Gwn0oqD5RgHGPY2j9g2gvU/MVm4STkfCjYGT8x","baseKeyType":1,"closed":-1,"used":1749274781017,"created":1749274781017,"remoteIdentityKey":"BQCsoe+WBJ5HrJnJbhI3LHVae8JAY/1oLwFfPWwmfIIH"},"_chains":{"BeUKAW38pv6uqjehj1U2+pUFhvdzURlHjkq0/exKReRm":{"chainKey":{"counter":93,"key":"+ji4v1AcuBPuf4J2BGOPYTspYk8bM2r3e5z/obci7v4="},"chainType":1,"messageKeys":{}}},"pendingPreKey":{"signedKeyId":2,"baseKey":"Beuki+Gwn0oqD5RgHGPY2j9g2gvU/MVm4STkfCjYGT8x","preKeyId":1707412}}},"version":"v1"}