{"_sessions":{"BZnrTJyN1XyD/CY6uJE+5gU/dXRowzZ4pog/kg8qhkpF":{"registrationId":52,"currentRatchet":{"ephemeralKeyPair":{"pubKey":"BXsJHlw71FYDVUWPJGYAGiWptehBI4Wwna++EV7LffdX","privKey":"UEfznvi0ZPs29YXSpg/rbVbUAeVHWxfCzq1uLJ+QLnk="},"lastRemoteEphemeralKey":"Belx8DEB0lBUVaF0NRSioGpiGsmlwoXJqiuuimaUJDJ0","previousCounter":0,"rootKey":"G+WOsjkTH/C+Eijf73PTRKLBPSIeTAwsJ1Te6jEoy8c="},"indexInfo":{"baseKey":"BZnrTJyN1XyD/CY6uJE+5gU/dXRowzZ4pog/kg8qhkpF","baseKeyType":1,"closed":1749296187798,"used":1749274780798,"created":1749274780798,"remoteIdentityKey":"BfAvJUVrvhlAUcdCGHI5cZc0JuMeOxY9t5sDcB8KiOEG"},"_chains":{"BXsJHlw71FYDVUWPJGYAGiWptehBI4Wwna++EV7LffdX":{"chainKey":{"counter":12,"key":"PIZDm5tOH36EngVpv63yiUhjIVDkuDJpX1NCMS3jQGY="},"chainType":1,"messageKeys":{}}},"pendingPreKey":{"signedKeyId":1,"baseKey":"BZnrTJyN1XyD/CY6uJE+5gU/dXRowzZ4pog/kg8qhkpF"}},"BSCZEfnWWvFhO8SHQug7jpxtSaEZVHWyB2UDulVq0bBn":{"registrationId":52,"currentRatchet":{"ephemeralKeyPair":{"pubKey":"BQBsL81EQDXRw+eSjygTn4QIdODnpr+Dfe3gFr12UUYF","privKey":"+D/VIB/PBur8l7KFgUa3odn3Gayl43u6j0/YCc5N/XE="},"lastRemoteEphemeralKey":"Belx8DEB0lBUVaF0NRSioGpiGsmlwoXJqiuuimaUJDJ0","previousCounter":0,"rootKey":"nBM7l9AsWN7YVUIvPOwyGb5LOeof5mpKS7PJDD18tBU="},"indexInfo":{"baseKey":"BSCZEfnWWvFhO8SHQug7jpxtSaEZVHWyB2UDulVq0bBn","baseKeyType":1,"closed":1749296188576,"used":1749296187797,"created":1749296187797,"remoteIdentityKey":"BfAvJUVrvhlAUcdCGHI5cZc0JuMeOxY9t5sDcB8KiOEG"},"_chains":{"BQBsL81EQDXRw+eSjygTn4QIdODnpr+Dfe3gFr12UUYF":{"chainKey":{"counter":0,"key":"XmxAb5D6DYBX2mBtl96fJla9zC1zVjnlQ6rCcB2/WTU="},"chainType":1,"messageKeys":{}}},"pendingPreKey":{"signedKeyId":1,"baseKey":"BSCZEfnWWvFhO8SHQug7jpxtSaEZVHWyB2UDulVq0bBn"}},"BZh+UTd1MXvrRWdzHQfOomsSL6Ak8xX6vWzzBznahfQV":{"registrationId":52,"currentRatchet":{"ephemeralKeyPair":{"pubKey":"BVwx4qw6cg4h1i9j0LDKgOMB7OhlZdqapx5xjLWEmbBL","privKey":"6HddwxEeThHUdkJEgA9124w9emtLTSMbOghiLu/L31o="},"lastRemoteEphemeralKey":"Belx8DEB0lBUVaF0NRSioGpiGsmlwoXJqiuuimaUJDJ0","previousCounter":0,"rootKey":"T82CYbdiXtBy2LSq1rBM65or0dAaeZHWF6olYkoNpeQ="},"indexInfo":{"baseKey":"BZh+UTd1MXvrRWdzHQfOomsSL6Ak8xX6vWzzBznahfQV","baseKeyType":1,"closed":1749296189577,"used":1749296188574,"created":1749296188574,"remoteIdentityKey":"BfAvJUVrvhlAUcdCGHI5cZc0JuMeOxY9t5sDcB8KiOEG"},"_chains":{"BVwx4qw6cg4h1i9j0LDKgOMB7OhlZdqapx5xjLWEmbBL":{"chainKey":{"counter":0,"key":"INcO/AHPpTdyDHofRWv2sci/n14NZWxErL+snWDdfxo="},"chainType":1,"messageKeys":{}}},"pendingPreKey":{"signedKeyId":1,"baseKey":"BZh+UTd1MXvrRWdzHQfOomsSL6Ak8xX6vWzzBznahfQV"}},"BYFDDwh5TMXuzfQlb0dRhjcknyukLTKKd9egIRnnJYZF":{"registrationId":52,"currentRatchet":{"ephemeralKeyPair":{"pubKey":"BZNO7fHwHMyB47qZhPaX2L6gFdZbOsnaQFlZ8cAJIEt3","privKey":"GBwNHGiDt+w2mZ1cFwPT09rrzj8A835eujliZZedrHY="},"lastRemoteEphemeralKey":"Belx8DEB0lBUVaF0NRSioGpiGsmlwoXJqiuuimaUJDJ0","previousCounter":0,"rootKey":"gBaSXgml92c6GWd+hAEVxVrfBCW2I2VxHG3SskO6oMU="},"indexInfo":{"baseKey":"BYFDDwh5TMXuzfQlb0dRhjcknyukLTKKd9egIRnnJYZF","baseKeyType":1,"closed":1749296190544,"used":1749296189575,"created":1749296189575,"remoteIdentityKey":"BfAvJUVrvhlAUcdCGHI5cZc0JuMeOxY9t5sDcB8KiOEG"},"_chains":{"BZNO7fHwHMyB47qZhPaX2L6gFdZbOsnaQFlZ8cAJIEt3":{"chainKey":{"counter":0,"key":"P92M7ihgYRC55ClIQ8NOymZRsqt1aAqcUO5I0I6VmRs="},"chainType":1,"messageKeys":{}}},"pendingPreKey":{"signedKeyId":1,"baseKey":"BYFDDwh5TMXuzfQlb0dRhjcknyukLTKKd9egIRnnJYZF"}},"BYD+QgHlFdrUpP/2kTX3ErtRJCo0lGJPF06cj0isfiNE":{"registrationId":52,"currentRatchet":{"ephemeralKeyPair":{"pubKey":"BX9bYhtcB7pCDodmwyc7ZaqI+ZBmPpUziNgou4ddYmkE","privKey":"EDvHz2JFH1e5GNFMmfvF5NMfBWg145ZFUQQBLJU7xkY="},"lastRemoteEphemeralKey":"Belx8DEB0lBUVaF0NRSioGpiGsmlwoXJqiuuimaUJDJ0","previousCounter":0,"rootKey":"Le3bJG2LvYn2iDNm5XdPDdqCSNlFpuYY2N6V7BCLzlg="},"indexInfo":{"baseKey":"BYD+QgHlFdrUpP/2kTX3ErtRJCo0lGJPF06cj0isfiNE","baseKeyType":1,"closed":1749296191411,"used":1749296190542,"created":1749296190542,"remoteIdentityKey":"BfAvJUVrvhlAUcdCGHI5cZc0JuMeOxY9t5sDcB8KiOEG"},"_chains":{"BX9bYhtcB7pCDodmwyc7ZaqI+ZBmPpUziNgou4ddYmkE":{"chainKey":{"counter":0,"key":"0TSI/l43IEjbYnEjkY8VUoObf0s7T35aoHuh46EIw0c="},"chainType":1,"messageKeys":{}}},"pendingPreKey":{"signedKeyId":1,"baseKey":"BYD+QgHlFdrUpP/2kTX3ErtRJCo0lGJPF06cj0isfiNE"}},"BQue8rRQPpoOJHOjDdF8llEYnAubd9h8nVE73yOkktIg":{"registrationId":52,"currentRatchet":{"ephemeralKeyPair":{"pubKey":"BTuBDfKcw9uSpdrrfZnqxyByXK+Y4ZTXqOrOEzjnENVU","privKey":"2On2xiH0/Yyr23W8TXai30flHg/YVSxZeyK9OaYN43g="},"lastRemoteEphemeralKey":"Belx8DEB0lBUVaF0NRSioGpiGsmlwoXJqiuuimaUJDJ0","previousCounter":0,"rootKey":"GaucLFLYNWVSz+8HuZrYdg/1KTOw9GWsQAj53/h8Ewk="},"indexInfo":{"baseKey":"BQue8rRQPpoOJHOjDdF8llEYnAubd9h8nVE73yOkktIg","baseKeyType":1,"closed":1749345709016,"used":1749296191409,"created":1749296191409,"remoteIdentityKey":"BfAvJUVrvhlAUcdCGHI5cZc0JuMeOxY9t5sDcB8KiOEG"},"_chains":{"BTuBDfKcw9uSpdrrfZnqxyByXK+Y4ZTXqOrOEzjnENVU":{"chainKey":{"counter":12,"key":"U+zzv5Z9gxbyCoI32X4q5sqib+K9OHdH8+BdBhHiEQc="},"chainType":1,"messageKeys":{}}},"pendingPreKey":{"signedKeyId":1,"baseKey":"BQue8rRQPpoOJHOjDdF8llEYnAubd9h8nVE73yOkktIg"}},"BQBlf0fqa+MoNFFf5I8VIfn1zkxhToGmWYuD18D4bRpJ":{"registrationId":52,"currentRatchet":{"ephemeralKeyPair":{"pubKey":"BYLUHUl/ZNzDdF7zVA3FQLexWDCA2x8Kc1swN20MPRZC","privKey":"wHXN/uDsnfCsiWOVfSulyP3Im8rovSXx0Hj+mSCPt0E="},"lastRemoteEphemeralKey":"Belx8DEB0lBUVaF0NRSioGpiGsmlwoXJqiuuimaUJDJ0","previousCounter":0,"rootKey":"Mh9yJ6is1oDdeEfuDWiA6V2mBx7G2SnOEMVpUcle/10="},"indexInfo":{"baseKey":"BQBlf0fqa+MoNFFf5I8VIfn1zkxhToGmWYuD18D4bRpJ","baseKeyType":1,"closed":1749345710363,"used":1749345709014,"created":1749345709014,"remoteIdentityKey":"BfAvJUVrvhlAUcdCGHI5cZc0JuMeOxY9t5sDcB8KiOEG"},"_chains":{"BYLUHUl/ZNzDdF7zVA3FQLexWDCA2x8Kc1swN20MPRZC":{"chainKey":{"counter":0,"key":"rHiiA9YwYr8vMO6RS1hECXTNjIuO/Z4zuMfaicO3ot0="},"chainType":1,"messageKeys":{}}},"pendingPreKey":{"signedKeyId":1,"baseKey":"BQBlf0fqa+MoNFFf5I8VIfn1zkxhToGmWYuD18D4bRpJ"}},"BVNBK4C7pyl0F8kmNnklh8Vv55mcvLIuxopcuGe1LtJr":{"registrationId":52,"currentRatchet":{"ephemeralKeyPair":{"pubKey":"BZWA1cwKfNm4U3VFOTcHAyxc/Kj5HnAsZoO3bf5fsrhT","privKey":"INTouKcr1bY+2s24aPR0B2WakNN/jNaxMgLP23eH+3A="},"lastRemoteEphemeralKey":"Belx8DEB0lBUVaF0NRSioGpiGsmlwoXJqiuuimaUJDJ0","previousCounter":0,"rootKey":"rDWU+HijDjpPmbReRGX+KRdfgwunQPMBFenWP1ghYR0="},"indexInfo":{"baseKey":"BVNBK4C7pyl0F8kmNnklh8Vv55mcvLIuxopcuGe1LtJr","baseKeyType":1,"closed":1749345711422,"used":1749345710361,"created":1749345710361,"remoteIdentityKey":"BfAvJUVrvhlAUcdCGHI5cZc0JuMeOxY9t5sDcB8KiOEG"},"_chains":{"BZWA1cwKfNm4U3VFOTcHAyxc/Kj5HnAsZoO3bf5fsrhT":{"chainKey":{"counter":-1,"key":"h5gg8Hj8gc0ydmT9j8SjD7IaLr0tL6xlMezycd46u8s="},"chainType":1,"messageKeys":{}}},"pendingPreKey":{"signedKeyId":1,"baseKey":"BVNBK4C7pyl0F8kmNnklh8Vv55mcvLIuxopcuGe1LtJr"}},"BeGFjecKZTPj6LMME4+HHhusURYMdwUIfwNjyBwOPfpq":{"registrationId":52,"currentRatchet":{"ephemeralKeyPair":{"pubKey":"BYvwKULGfJy4cPDnqCaOIOmirkL8uaorl5qRjFMkY70N","privKey":"wJ7hyjytB6FUFYhgknkOkniYNoTwwzRSEKj2P7CllkA="},"lastRemoteEphemeralKey":"Belx8DEB0lBUVaF0NRSioGpiGsmlwoXJqiuuimaUJDJ0","previousCounter":0,"rootKey":"3nEDjvE2ZIjvz7fnimkhGRktllLjNahknvrwg+Xkgfk="},"indexInfo":{"baseKey":"BeGFjecKZTPj6LMME4+HHhusURYMdwUIfwNjyBwOPfpq","baseKeyType":1,"closed":1749358949238,"used":1749345711421,"created":1749345711421,"remoteIdentityKey":"BfAvJUVrvhlAUcdCGHI5cZc0JuMeOxY9t5sDcB8KiOEG"},"_chains":{"BYvwKULGfJy4cPDnqCaOIOmirkL8uaorl5qRjFMkY70N":{"chainKey":{"counter":7,"key":"uvcAgtupETKd43XXiw4ggAxTYipl12TjHuQ7qSD9UTc="},"chainType":1,"messageKeys":{}}},"pendingPreKey":{"signedKeyId":1,"baseKey":"BeGFjecKZTPj6LMME4+HHhusURYMdwUIfwNjyBwOPfpq"}},"Bd5yCOM3BKPTMreHyg5sr6KkfsIKBVJajfsBWYd+ewRq":{"registrationId":52,"currentRatchet":{"ephemeralKeyPair":{"pubKey":"BeD8DAXja0a/UDwfq/MumgJkooxm3DnsSHRugOiPKtUF","privKey":"OEXOe/fRS3Nkw8BNrhe7LDHfKdz4XfLwxqZ9OHZI7WA="},"lastRemoteEphemeralKey":"Belx8DEB0lBUVaF0NRSioGpiGsmlwoXJqiuuimaUJDJ0","previousCounter":0,"rootKey":"pOdBk44bBfZLrlYHpM++4iB8WbvmfuUymL5HsaCywvA="},"indexInfo":{"baseKey":"Bd5yCOM3BKPTMreHyg5sr6KkfsIKBVJajfsBWYd+ewRq","baseKeyType":1,"closed":1749358998980,"used":1749358949237,"created":1749358949237,"remoteIdentityKey":"BfAvJUVrvhlAUcdCGHI5cZc0JuMeOxY9t5sDcB8KiOEG"},"_chains":{"BeD8DAXja0a/UDwfq/MumgJkooxm3DnsSHRugOiPKtUF":{"chainKey":{"counter":2,"key":"6efCcj9jpEdpaxnFlml8oMqT1Q+Ln/BVKCMUogi+57w="},"chainType":1,"messageKeys":{}}},"pendingPreKey":{"signedKeyId":1,"baseKey":"Bd5yCOM3BKPTMreHyg5sr6KkfsIKBVJajfsBWYd+ewRq"}},"BabIFJgXOOjZa3P0zSPKwaTWXjcdOcODD7lu9sQfkVYG":{"registrationId":52,"currentRatchet":{"ephemeralKeyPair":{"pubKey":"Bcg65NzN4O7iGT+5NerWy1rm5DN50xK7mvG5/QzrRigi","privKey":"UB16QkHP1y4d0rpdhSTv3Vbtd/mn/KNBEH2zvLPXlVY="},"lastRemoteEphemeralKey":"Belx8DEB0lBUVaF0NRSioGpiGsmlwoXJqiuuimaUJDJ0","previousCounter":0,"rootKey":"tgsTIhmfTnm9qjvfBKrsvk3cD6zjC5nnFOGgCvTXZKM="},"indexInfo":{"baseKey":"BabIFJgXOOjZa3P0zSPKwaTWXjcdOcODD7lu9sQfkVYG","baseKeyType":1,"closed":1749359000182,"used":1749358998979,"created":1749358998979,"remoteIdentityKey":"BfAvJUVrvhlAUcdCGHI5cZc0JuMeOxY9t5sDcB8KiOEG"},"_chains":{"Bcg65NzN4O7iGT+5NerWy1rm5DN50xK7mvG5/QzrRigi":{"chainKey":{"counter":0,"key":"/8iVnLGfnMyoKvuujCjfFzeRMngs8k4gFDCmsKL1uqs="},"chainType":1,"messageKeys":{}}},"pendingPreKey":{"signedKeyId":1,"baseKey":"BabIFJgXOOjZa3P0zSPKwaTWXjcdOcODD7lu9sQfkVYG"}},"Bc3eXmHl/aQtGHh/+Zel3yFiftuf7RHnu8D57dJO3cBP":{"registrationId":52,"currentRatchet":{"ephemeralKeyPair":{"pubKey":"BTyjWeo5Q5V3g5rUxCMgQXumXgAsJQcE5WsAVrxbe4sL","privKey":"AJXW3zIvDRhuIjnptdd7HqhPr5EFoWvlXtLYzizBHEQ="},"lastRemoteEphemeralKey":"Belx8DEB0lBUVaF0NRSioGpiGsmlwoXJqiuuimaUJDJ0","previousCounter":0,"rootKey":"j9J4pZ29Y9EoTXP00329XmcNNTp/IT7Y7cH/fe39XLw="},"indexInfo":{"baseKey":"Bc3eXmHl/aQtGHh/+Zel3yFiftuf7RHnu8D57dJO3cBP","baseKeyType":1,"closed":1749359570945,"used":1749359000180,"created":1749359000180,"remoteIdentityKey":"BfAvJUVrvhlAUcdCGHI5cZc0JuMeOxY9t5sDcB8KiOEG"},"_chains":{"BTyjWeo5Q5V3g5rUxCMgQXumXgAsJQcE5WsAVrxbe4sL":{"chainKey":{"counter":14,"key":"PDkghX3XwaUJDwaITe8xx6nGbjwyMajXZvaoeoBg8jM="},"chainType":1,"messageKeys":{}}},"pendingPreKey":{"signedKeyId":1,"baseKey":"Bc3eXmHl/aQtGHh/+Zel3yFiftuf7RHnu8D57dJO3cBP"}},"Bdxkb2a3VNIrVxErgM/czTAK6UC5lc4WTEGjk78jGbc9":{"registrationId":52,"currentRatchet":{"ephemeralKeyPair":{"pubKey":"Bb66QDhVT11u32GUJBs8UbtEQScYJ4x5NEBiPaUxP7Y3","privKey":"uHBMyMd03jgp1rP/zG5joxd32q/2Yla9IYC6OZO7bkU="},"lastRemoteEphemeralKey":"Belx8DEB0lBUVaF0NRSioGpiGsmlwoXJqiuuimaUJDJ0","previousCounter":0,"rootKey":"46wafeZB+0aP80pGC1TL/oW3qkD1K88zFmdG4y8NOuo="},"indexInfo":{"baseKey":"Bdxkb2a3VNIrVxErgM/czTAK6UC5lc4WTEGjk78jGbc9","baseKeyType":1,"closed":1749367085945,"used":1749359570943,"created":1749359570943,"remoteIdentityKey":"BfAvJUVrvhlAUcdCGHI5cZc0JuMeOxY9t5sDcB8KiOEG"},"_chains":{"Bb66QDhVT11u32GUJBs8UbtEQScYJ4x5NEBiPaUxP7Y3":{"chainKey":{"counter":10,"key":"AsBIRwRq/cTfAvQh70YjlKAOlAOuayJV2J5rLYwB6PM="},"chainType":1,"messageKeys":{}}},"pendingPreKey":{"signedKeyId":1,"baseKey":"Bdxkb2a3VNIrVxErgM/czTAK6UC5lc4WTEGjk78jGbc9"}},"Bax5OXJ06fMVq6wRcrD5fkb60E5hRMZSLfwX+dJ+7jYq":{"registrationId":52,"currentRatchet":{"ephemeralKeyPair":{"pubKey":"Ba13jE6/BO4uHH6YEpqSDo5FLzF/l1Xys2EtJgxqBgR5","privKey":"COohZR9vG2Pz9RYzZKM8qJ5vPCejq6x1Ks8XtVDTmVc="},"lastRemoteEphemeralKey":"Belx8DEB0lBUVaF0NRSioGpiGsmlwoXJqiuuimaUJDJ0","previousCounter":0,"rootKey":"74+9q5aIWvG1YJyYQrW3lYnpHcx2wr3/PKMtXXkHr3U="},"indexInfo":{"baseKey":"Bax5OXJ06fMVq6wRcrD5fkb60E5hRMZSLfwX+dJ+7jYq","baseKeyType":1,"closed":1749367103264,"used":1749367085942,"created":1749367085942,"remoteIdentityKey":"BfAvJUVrvhlAUcdCGHI5cZc0JuMeOxY9t5sDcB8KiOEG"},"_chains":{"Ba13jE6/BO4uHH6YEpqSDo5FLzF/l1Xys2EtJgxqBgR5":{"chainKey":{"counter":2,"key":"einWBKcQRUx18IFx35uG/aSlU+NwjphbONSXcv37XkY="},"chainType":1,"messageKeys":{}}},"pendingPreKey":{"signedKeyId":1,"baseKey":"Bax5OXJ06fMVq6wRcrD5fkb60E5hRMZSLfwX+dJ+7jYq"}},"BSP+HvC5Aqpgrg8H1P9ZHB3k+w4w8642rfgJUj3mDpRB":{"registrationId":52,"currentRatchet":{"ephemeralKeyPair":{"pubKey":"BeOkTaoGooo8qqzGmUemqASSQ8eUc9/AFNLEoAzd1KsZ","privKey":"mA0CJBuZ8834ruEhDC8hV8VCl+8weldkwuu+NXr1m24="},"lastRemoteEphemeralKey":"BWxP9HDI3m4iew4D82uMfor3eO0VyTrh9iTSPX5KkhIE","previousCounter":1,"rootKey":"HUJok4ehHPT0P+lDks4aypA9FznnBIvNIrnuxLJK/f4="},"indexInfo":{"baseKey":"BSP+HvC5Aqpgrg8H1P9ZHB3k+w4w8642rfgJUj3mDpRB","baseKeyType":1,"closed":-1,"used":1749371698528,"created":1749367103263,"remoteIdentityKey":"BfAvJUVrvhlAUcdCGHI5cZc0JuMeOxY9t5sDcB8KiOEG"},"_chains":{"BWxP9HDI3m4iew4D82uMfor3eO0VyTrh9iTSPX5KkhIE":{"chainKey":{"counter":0,"key":"2Wx6otuSxHQxenGeJW8ME7Px5ItozUtuV/6Gk5DsuGo="},"chainType":2,"messageKeys":{}},"BeOkTaoGooo8qqzGmUemqASSQ8eUc9/AFNLEoAzd1KsZ":{"chainKey":{"counter":22,"key":"z/V2yqMvtbJoIOhlt3GucPyHaqlkK0MzX2iY5fWjIPU="},"chainType":1,"messageKeys":{}}}}},"version":"v1"}