{"_sessions":{"BU6nSuzXcRUrWJ5Qqmro19+UVBkWqbTd6JPN+GiP/us2":{"registrationId":92943915,"currentRatchet":{"ephemeralKeyPair":{"pubKey":"BayYxUtowJAxUZ1PGZxWsE4P+0qCh8AG2F3bmGMg0Iks","privKey":"KGryaU4E2tXSczVY+ZWscz6F8MIrNYAMM45jlYslj38="},"lastRemoteEphemeralKey":"BftSEY8pwDp1FBwUgQHU6iA+XMasJPi4fPiQDniw2NRR","previousCounter":0,"rootKey":"/QdyKT6XjujSkXoxHDStXVjoyJ8T4qGNeJyQFaMBEkc="},"indexInfo":{"baseKey":"BU6nSuzXcRUrWJ5Qqmro19+UVBkWqbTd6JPN+GiP/us2","baseKeyType":1,"closed":-1,"used":1749274781063,"created":1749274781063,"remoteIdentityKey":"BaRMqebhLbbrNHi3NyTESUgtSu+9Ijb4EqdKDOWRXvVE"},"_chains":{"BayYxUtowJAxUZ1PGZxWsE4P+0qCh8AG2F3bmGMg0Iks":{"chainKey":{"counter":93,"key":"X6jwQMZRngd2iGnXdttODO4OM1uyI/T38NYmr0Vq/X0="},"chainType":1,"messageKeys":{}}},"pendingPreKey":{"signedKeyId":2,"baseKey":"BU6nSuzXcRUrWJ5Qqmro19+UVBkWqbTd6JPN+GiP/us2"}}},"version":"v1"}