{"_sessions":{"Ba7y+f0xXzqv/aucGANecvj+hj5T48PVdqU2SqgFeNta":{"registrationId":1166985357,"currentRatchet":{"ephemeralKeyPair":{"pubKey":"Bc9DcM8vbgR3htQN2paOiEli7MAJ0zMOCqdkEpp5RkpS","privKey":"YPnnfDceAIbWHg9LZKO8h34z9+JqNiwCD+TeFcfAmnQ="},"lastRemoteEphemeralKey":"BQsz2RA/NK8vPzCVa2tJjmH5xxkLc2C2PXlfyx+2JfIV","previousCounter":0,"rootKey":"6g39sODXMOQ4oJO5F1KmMhAvvfLaTUWN+u5fcN0GGu4="},"indexInfo":{"baseKey":"Ba7y+f0xXzqv/aucGANecvj+hj5T48PVdqU2SqgFeNta","baseKeyType":1,"closed":-1,"used":1749274781144,"created":1749274781144,"remoteIdentityKey":"BYHBefxmGptV0SUKzVWby3rRxemhM768hYvKJdmoBQVd"},"_chains":{"Bc9DcM8vbgR3htQN2paOiEli7MAJ0zMOCqdkEpp5RkpS":{"chainKey":{"counter":93,"key":"hHGoCLSIgETru1yALLMGP4YJ9Co2celE8J41LEEpsHM="},"chainType":1,"messageKeys":{}}},"pendingPreKey":{"signedKeyId":6,"baseKey":"Ba7y+f0xXzqv/aucGANecvj+hj5T48PVdqU2SqgFeNta","preKeyId":11163594}}},"version":"v1"}