{"_sessions":{"Bcm1HoR4Tp4Kt+ZSClad8MHH1rKbhSbLG0SGHMCamv5e":{"registrationId":12400,"currentRatchet":{"ephemeralKeyPair":{"pubKey":"BfoPPjkAkN1EJIx4cD5K0K/ZHDvcBdTiQM3Q05YT8Ql9","privKey":"wC5gz76Ux0TKRGCURDJ4VP2HL76z4tuYyiPaZlwBnU4="},"lastRemoteEphemeralKey":"BadavFK4rTbypVbCkNHyT9zLlcSevbysjXeKfsp0u7Z1","previousCounter":0,"rootKey":"v+SoSqjtjSXuL+D6vuU9M7y++WocsUA5CGPKXGSMLKw="},"indexInfo":{"baseKey":"Bcm1HoR4Tp4Kt+ZSClad8MHH1rKbhSbLG0SGHMCamv5e","baseKeyType":1,"closed":-1,"used":1749274780802,"created":1749274780802,"remoteIdentityKey":"Bf+B+agXq5G5jljQgyiy0Ix7eAQ9Lw87xJmYp9xETt4K"},"_chains":{"BfoPPjkAkN1EJIx4cD5K0K/ZHDvcBdTiQM3Q05YT8Ql9":{"chainKey":{"counter":93,"key":"/E54RRGFRbtlV4a6scbWJIKuZcxs3JEyCEDbLAim418="},"chainType":1,"messageKeys":{}}},"pendingPreKey":{"signedKeyId":1,"baseKey":"Bcm1HoR4Tp4Kt+ZSClad8MHH1rKbhSbLG0SGHMCamv5e"}}},"version":"v1"}