{"_sessions":{"BZbfwAK02BrY9KolMKOsmt7rJdlrz8HiNSF49Qkf4FEA":{"registrationId":1170421765,"currentRatchet":{"ephemeralKeyPair":{"pubKey":"BVVth24xQEP5kQKq6hBoSb4z/1aeCQ4CNVnxEZVKLv03","privKey":"oNY7qs5vd7X1i0gZUPoo6cQa77DBTdGMD7coFe2Y5mw="},"lastRemoteEphemeralKey":"BUfJJzZnSFJ9UhVATR+HxmCAlrGYP+rok9rs4E8dzw4/","previousCounter":0,"rootKey":"gxTBPZXzWqMVRa5awC33zuKF0AT5Th93jKXGmhMdCLI="},"indexInfo":{"baseKey":"BZbfwAK02BrY9KolMKOsmt7rJdlrz8HiNSF49Qkf4FEA","baseKeyType":1,"closed":-1,"used":1749274781257,"created":1749274781257,"remoteIdentityKey":"Bfh3TUOhiGBYEJxrzPfA5BSE8ZwCFMF80chxR5JlMvZi"},"_chains":{"BVVth24xQEP5kQKq6hBoSb4z/1aeCQ4CNVnxEZVKLv03":{"chainKey":{"counter":93,"key":"D0qwwETBCf49nCIMf2DtOAYQWiNmO29AkbKTxVQ9pTQ="},"chainType":1,"messageKeys":{}}},"pendingPreKey":{"signedKeyId":8,"baseKey":"BZbfwAK02BrY9KolMKOsmt7rJdlrz8HiNSF49Qkf4FEA"}}},"version":"v1"}