{"_sessions":{"BZg5OYLc/4M5LoNK1yXytbZhSg2c3u3ssE2l4/tsV4Ah":{"registrationId":122699033,"currentRatchet":{"ephemeralKeyPair":{"pubKey":"BSbs75TdSH9720sj1d3Kl2oHrzSdNYD297CW8g3JgyRs","privKey":"eOq0+VQUJ/kwAMP3f9UKk1vA/3PBpgb1uS09TEHzEU8="},"lastRemoteEphemeralKey":"BR+sXJtiyuw20GMMIK9LtarnnjwP4BYc0/taqMoXEco6","previousCounter":0,"rootKey":"9ZKVtxjSLGjKmwdjDQrnFj9OnkOIWd+hlswpwNA8W7Y="},"indexInfo":{"baseKey":"BZg5OYLc/4M5LoNK1yXytbZhSg2c3u3ssE2l4/tsV4Ah","baseKeyType":1,"closed":-1,"used":1749274781193,"created":1749274781193,"remoteIdentityKey":"BdgUnS3w6KHGQDOin2sZOnpY0MKlhgqZdUdZUe07IRtZ"},"_chains":{"BSbs75TdSH9720sj1d3Kl2oHrzSdNYD297CW8g3JgyRs":{"chainKey":{"counter":93,"key":"/UuPMvH0Ze/qlG6TxzoXpZu4Lzl5cbOKZggkkx1y5uc="},"chainType":1,"messageKeys":{}}},"pendingPreKey":{"signedKeyId":6,"baseKey":"BZg5OYLc/4M5LoNK1yXytbZhSg2c3u3ssE2l4/tsV4Ah","preKeyId":7679323}}},"version":"v1"}