{"_sessions":{"BX9wK/vItGo0zfWy9drqcXamxITa2ScVUa7c+qpmhc5I":{"registrationId":253,"currentRatchet":{"ephemeralKeyPair":{"pubKey":"Be7FdAXEmlO+/LuN0OGCdUbAd7STbssU6wQDEcXKDZ56","privKey":"OIUcTo24JXpTrbGd/PnOCQYks3tADaADzjS/zZf09n4="},"lastRemoteEphemeralKey":"Bd5ID5QQJWWOWmyp1jBduzBeZaaVnsGxwnBFp33RPig4","previousCounter":0,"rootKey":"ICBWonoz1JCfjL2ihULOCz+7CI/+iAWZ4LyBLyX2igA="},"indexInfo":{"baseKey":"BX9wK/vItGo0zfWy9drqcXamxITa2ScVUa7c+qpmhc5I","baseKeyType":1,"closed":-1,"used":1749274780756,"created":1749274780756,"remoteIdentityKey":"BcLVolE20NkLgPa/eUphDauuI78PqIqS2e+T0Ew9EfYQ"},"_chains":{"Be7FdAXEmlO+/LuN0OGCdUbAd7STbssU6wQDEcXKDZ56":{"chainKey":{"counter":93,"key":"nS9rGO/z1g3HyR4CndFLv9Hv/HEAR2NSj/RdOwHb4cw="},"chainType":1,"messageKeys":{}}},"pendingPreKey":{"signedKeyId":1,"baseKey":"BX9wK/vItGo0zfWy9drqcXamxITa2ScVUa7c+qpmhc5I"}}},"version":"v1"}