{"_sessions":{"BeLpWCKiP0oc17S6b8oydQpH0tUudW6MrgInO+3CpUdg":{"registrationId":2006384908,"currentRatchet":{"ephemeralKeyPair":{"pubKey":"BcCNoRjzaRKxWqJUAkPP/QpjYnOecFiCwa1SIa0XM3lN","privKey":"OPKyY6TO/ERj5s39kKcVEizO98pR7YqBi9Cu60vsgF4="},"lastRemoteEphemeralKey":"BaQ1aLaCEvPt/edOtT8/nLcUahvw/qi+BLuE2n7X90Jr","previousCounter":0,"rootKey":"3rXw858ijq47k2GLQenY9g/KqRahwzqMFQRDbLgpcTw="},"indexInfo":{"baseKey":"BeLpWCKiP0oc17S6b8oydQpH0tUudW6MrgInO+3CpUdg","baseKeyType":1,"closed":-1,"used":1749274781103,"created":1749274781103,"remoteIdentityKey":"BfIYUf+KAJafkcTEnJTS9Jl9oETc8sVs19ZPjF+vP18Q"},"_chains":{"BcCNoRjzaRKxWqJUAkPP/QpjYnOecFiCwa1SIa0XM3lN":{"chainKey":{"counter":93,"key":"V45DTYh8HQTCoNLGyatgaeBlHsVhGueDP08f8t7G8d8="},"chainType":1,"messageKeys":{}}},"pendingPreKey":{"signedKeyId":13,"baseKey":"BeLpWCKiP0oc17S6b8oydQpH0tUudW6MrgInO+3CpUdg","preKeyId":14128246}}},"version":"v1"}