{"_sessions":{"BXrlCBJu8ELL3L1slar/CZ3Prvh/WATbQ+6N3eLxbbYz":{"registrationId":2062837988,"currentRatchet":{"ephemeralKeyPair":{"pubKey":"Ber6NkZtfU4w2z8AwslGd134UJ0nR9vOWMwX4WG202gX","privKey":"6Fq+SXsdRSgIEMO3b/6nkO4b71dUDn14JQ/8F665EmU="},"lastRemoteEphemeralKey":"BYGnmNQzcT/Z5T3ovOznSU64Ta+hSuTJ7xcIQV1v+Zh6","previousCounter":0,"rootKey":"49qJ+Idcf92akmtHTGKO6rhlVMWLQuknYFuJjSq2tCw="},"indexInfo":{"baseKey":"BXrlCBJu8ELL3L1slar/CZ3Prvh/WATbQ+6N3eLxbbYz","baseKeyType":1,"closed":-1,"used":1749274780810,"created":1749274780810,"remoteIdentityKey":"BZqv71Lxu/sLm9tXZjORpGb33hH0+s/ZV8Y4Mh5Afpd0"},"_chains":{"Ber6NkZtfU4w2z8AwslGd134UJ0nR9vOWMwX4WG202gX":{"chainKey":{"counter":93,"key":"Pi9FLqP4BX7c51M5Eg0e7XHBKSvnIcPo+mdAnGe8Wk8="},"chainType":1,"messageKeys":{}}},"pendingPreKey":{"signedKeyId":2,"baseKey":"BXrlCBJu8ELL3L1slar/CZ3Prvh/WATbQ+6N3eLxbbYz","preKeyId":14043192}}},"version":"v1"}