{"_sessions":{"BYyvNcDOhC1qUHOogDYKjnHynlAkktnca5V/BJe1J+tt":{"registrationId":4675,"currentRatchet":{"ephemeralKeyPair":{"pubKey":"BbbT8JEX04BrZalOpwOFaHU76t2P725cEqDzPT6qkHYp","privKey":"YCDKABWp8PVImGsg6jemPFnA9M/QtIVVkIOQoYfw3HA="},"lastRemoteEphemeralKey":"BUDukgbHt8B4Rc0Qig/4vE7Sys0deDrBeVc3BwQ0w3NM","previousCounter":0,"rootKey":"LlJTPcwoCnmujMBDrfZ/jmnECfoNsREJwIgxJymb+L8="},"indexInfo":{"baseKey":"BYyvNcDOhC1qUHOogDYKjnHynlAkktnca5V/BJe1J+tt","baseKeyType":1,"closed":-1,"used":1749274780786,"created":1749274780786,"remoteIdentityKey":"BW8TX9axCd20+L9El6uRmwE3A9P5/WZGyo2mH/JgDc1H"},"_chains":{"BbbT8JEX04BrZalOpwOFaHU76t2P725cEqDzPT6qkHYp":{"chainKey":{"counter":93,"key":"yTGn49+I0Vak3PuBO9jE0SEYLShquXmjRhkQ/8ibuK8="},"chainType":1,"messageKeys":{}}},"pendingPreKey":{"signedKeyId":6,"baseKey":"BYyvNcDOhC1qUHOogDYKjnHynlAkktnca5V/BJe1J+tt","preKeyId":3372}}},"version":"v1"}