{"_sessions":{"BQW+IEG8VS9czysQpCj8KyVWiUiPQz7HjYczPSk8DVEJ":{"registrationId":113901372,"currentRatchet":{"ephemeralKeyPair":{"pubKey":"BbPsOvOYZv6Z3erqkPgMpG9YOT2bpyu1gZGeUcW3pLtW","privKey":"cFDOm+bijEyKMKMxbY147AlENHaIuGehU0I1Sb26c2k="},"lastRemoteEphemeralKey":"BXqAz6q8KxuvUop3iJ79BcA42vkrizXXdlyGFUQdafYC","previousCounter":0,"rootKey":"X1sspYyS96PimPCTyjVy5JgrGyV4DiAmckofKhlRDIk="},"indexInfo":{"baseKey":"BQW+IEG8VS9czysQpCj8KyVWiUiPQz7HjYczPSk8DVEJ","baseKeyType":1,"closed":-1,"used":1749274780954,"created":1749274780954,"remoteIdentityKey":"BTfa0Wwup6e1HsyUp8uvOY1ZHMtlz3K/q2KqzQClvLIL"},"_chains":{"BbPsOvOYZv6Z3erqkPgMpG9YOT2bpyu1gZGeUcW3pLtW":{"chainKey":{"counter":93,"key":"mGkknPQTzWsKnfBihEP9S/LFKx7ufUldzNavf75fNeg="},"chainType":1,"messageKeys":{}}},"pendingPreKey":{"signedKeyId":4,"baseKey":"BQW+IEG8VS9czysQpCj8KyVWiUiPQz7HjYczPSk8DVEJ","preKeyId":4498340}}},"version":"v1"}