{"_sessions":{"BR36OhlLcXC3zSTU39s53w8Jh5vNRUBszHjvmmdCImFz":{"registrationId":264050587,"currentRatchet":{"ephemeralKeyPair":{"pubKey":"BbCrgBa1DqByusiSap6c1im4rVxdw8lMXE5EJgEjEIZT","privKey":"IG6uUyFTX9uaumEaTjhJYv4yx+9rfbonLljjVRGbKXI="},"lastRemoteEphemeralKey":"BVJGWQXuqJqHIXMeZ6sLnOlgOd7iMfee6HnnUELFiMdr","previousCounter":0,"rootKey":"TZOytp4VcVl+9V2mcQq1A6PbMbVywGx0DIBTaglcB2A="},"indexInfo":{"baseKey":"BR36OhlLcXC3zSTU39s53w8Jh5vNRUBszHjvmmdCImFz","baseKeyType":1,"closed":1749360458724,"used":1749274781091,"created":1749274781091,"remoteIdentityKey":"BVgLntWO+jL/V4c34kwblbbdQCN8MeIVNIWU0N9a1Z4U"},"_chains":{"BbCrgBa1DqByusiSap6c1im4rVxdw8lMXE5EJgEjEIZT":{"chainKey":{"counter":59,"key":"G1lYA8d+Q0ROPcSNNn9V7OxCcnVJKtLCcYPsN7qZpUs="},"chainType":1,"messageKeys":{}}},"pendingPreKey":{"signedKeyId":1,"baseKey":"BR36OhlLcXC3zSTU39s53w8Jh5vNRUBszHjvmmdCImFz","preKeyId":6582354}},"Ba3ew2UeO7Z60Ck6TG+mhm3QKDcuMivdSWD0IK4Jirk8":{"registrationId":264050587,"currentRatchet":{"ephemeralKeyPair":{"pubKey":"BQIpawT5ww8t1z4oxqtOA6xxLOlfcKqftYylDwPDyPcN","privKey":"yLX4CR2xzhoNHL/OoRwNaMPxgQ5Aw0qYFPvhuDy9L1k="},"lastRemoteEphemeralKey":"BVJGWQXuqJqHIXMeZ6sLnOlgOd7iMfee6HnnUELFiMdr","previousCounter":0,"rootKey":"SGR2Zk+t6z1K4giqAmuhz2/HHgCIKDGwqkvdmiK6yOI="},"indexInfo":{"baseKey":"Ba3ew2UeO7Z60Ck6TG+mhm3QKDcuMivdSWD0IK4Jirk8","baseKeyType":1,"closed":1749360460605,"used":1749360458719,"created":1749360458719,"remoteIdentityKey":"BVgLntWO+jL/V4c34kwblbbdQCN8MeIVNIWU0N9a1Z4U"},"_chains":{"BQIpawT5ww8t1z4oxqtOA6xxLOlfcKqftYylDwPDyPcN":{"chainKey":{"counter":0,"key":"QeE/AHPXiquJhAfS0+gQX8820/J7+1azjB0Wpw0Y3WM="},"chainType":1,"messageKeys":{}}},"pendingPreKey":{"signedKeyId":1,"baseKey":"Ba3ew2UeO7Z60Ck6TG+mhm3QKDcuMivdSWD0IK4Jirk8","preKeyId":6582192}},"BSRE+aswYCp/w6AZ0ExHAXY7MWbZl9BWmUzDCijUiOpe":{"registrationId":264050587,"currentRatchet":{"ephemeralKeyPair":{"pubKey":"BdNb9jC69EiNSESjo5rzHvSnqkauLC9yqQOwARy24IxW","privKey":"qC+mlmrhqglgGkwdYesLJWwJic6GDL6fhVn3WMUQsno="},"lastRemoteEphemeralKey":"BVJGWQXuqJqHIXMeZ6sLnOlgOd7iMfee6HnnUELFiMdr","previousCounter":0,"rootKey":"xdKu6OrelugrTSAALQypwfvb81qzNRi5lCwM+KoMeho="},"indexInfo":{"baseKey":"BSRE+aswYCp/w6AZ0ExHAXY7MWbZl9BWmUzDCijUiOpe","baseKeyType":1,"closed":1749360461689,"used":1749360460603,"created":1749360460603,"remoteIdentityKey":"BVgLntWO+jL/V4c34kwblbbdQCN8MeIVNIWU0N9a1Z4U"},"_chains":{"BdNb9jC69EiNSESjo5rzHvSnqkauLC9yqQOwARy24IxW":{"chainKey":{"counter":0,"key":"6VcUXE+jOuHJ8rIJAl76/Q/grzJBaR0y76xUkZDZgBg="},"chainType":1,"messageKeys":{}}},"pendingPreKey":{"signedKeyId":1,"baseKey":"BSRE+aswYCp/w6AZ0ExHAXY7MWbZl9BWmUzDCijUiOpe","preKeyId":6582117}},"BXcswydfU66ihe97MWEOUeYYtYk+4Q40aD/FMS7ibvVY":{"registrationId":264050587,"currentRatchet":{"ephemeralKeyPair":{"pubKey":"BdYm/LNrhGklQuMa1eeIdW00C82JtdpdE6au/B+IN9kT","privKey":"uLaCttIIHN0uSqbCb91YUy5EzwZv0OHdBbShReI8HGk="},"lastRemoteEphemeralKey":"BVJGWQXuqJqHIXMeZ6sLnOlgOd7iMfee6HnnUELFiMdr","previousCounter":0,"rootKey":"iyNHiiP8lDN/CZilbBNtFShxd8maGll6T6SwhIWXM/E="},"indexInfo":{"baseKey":"BXcswydfU66ihe97MWEOUeYYtYk+4Q40aD/FMS7ibvVY","baseKeyType":1,"closed":1749360462809,"used":1749360461687,"created":1749360461687,"remoteIdentityKey":"BVgLntWO+jL/V4c34kwblbbdQCN8MeIVNIWU0N9a1Z4U"},"_chains":{"BdYm/LNrhGklQuMa1eeIdW00C82JtdpdE6au/B+IN9kT":{"chainKey":{"counter":1,"key":"RUT2tqxRwWKIQdjZz8E3AgvRj7cm/aJs1xXSGv/Efo0="},"chainType":1,"messageKeys":{}}},"pendingPreKey":{"signedKeyId":1,"baseKey":"BXcswydfU66ihe97MWEOUeYYtYk+4Q40aD/FMS7ibvVY","preKeyId":6582274}},"BVxPdeB9VIiDAVKA0Ww6mxQa6KsoqxQG4l8qsWbTBgU2":{"registrationId":264050587,"currentRatchet":{"ephemeralKeyPair":{"pubKey":"Bfk/yD14fwkIjR/Fn/VzUYiPzJhYw/qqG9lWIWgHaDQ5","privKey":"aJNZ8Kh3M5Iu5dYwne6YZMZNy7rTK9XghlNL4FKJnlk="},"lastRemoteEphemeralKey":"BYZcK/pG4Y5SMiQkBEWF4uv96xWdcTei7P8YJXqK9MU+","previousCounter":12,"rootKey":"6teaPGTV/XM0KVrtNBU8Kb4IjAfsUspByUZSKALTU2Q="},"indexInfo":{"baseKey":"BVxPdeB9VIiDAVKA0Ww6mxQa6KsoqxQG4l8qsWbTBgU2","baseKeyType":1,"closed":-1,"used":1749375675946,"created":1749360462807,"remoteIdentityKey":"BVgLntWO+jL/V4c34kwblbbdQCN8MeIVNIWU0N9a1Z4U"},"_chains":{"BYZcK/pG4Y5SMiQkBEWF4uv96xWdcTei7P8YJXqK9MU+":{"chainKey":{"counter":1,"key":"mfE8cQ9L/EeP6YcWpNdqpGUClJSI1LwmjhyrHGUgrEI="},"chainType":2,"messageKeys":{}},"Bfk/yD14fwkIjR/Fn/VzUYiPzJhYw/qqG9lWIWgHaDQ5":{"chainKey":{"counter":16,"key":"558+B++8DVWcyLhDdlJuVVSwbUG+opow9Ss/f5Ug0QA="},"chainType":1,"messageKeys":{}}}}},"version":"v1"}