{"_sessions":{"BQZyr6agyLUrNqP10vkQsBP0EEFYjT2j8iqydPEWcNU/":{"registrationId":315540064,"currentRatchet":{"ephemeralKeyPair":{"pubKey":"BUWDskQrexezYG4RLtK/XTBOPYQQ0+ievbuZ7uiOB24g","privKey":"wDATqWKqphiJZDueW+A/En14mP7As6L+6i09DBfA9Vc="},"lastRemoteEphemeralKey":"BftNbGJaDNvBKG0mjVmXiWuJwDo/jPSFpELgVgMNa+E+","previousCounter":0,"rootKey":"dvhR0aKTiUHc5PXVh1+flOIqC06/az6GEL5hO+UDVEM="},"indexInfo":{"baseKey":"BQZyr6agyLUrNqP10vkQsBP0EEFYjT2j8iqydPEWcNU/","baseKeyType":1,"closed":-1,"used":1749274780831,"created":1749274780831,"remoteIdentityKey":"BUTQncXwdJr473vQHwK4FY1g5Ncchw4i7Yy/H6zdRRIr"},"_chains":{"BUWDskQrexezYG4RLtK/XTBOPYQQ0+ievbuZ7uiOB24g":{"chainKey":{"counter":93,"key":"knLtDn5OO3H3acqN5aL2v6/junJyt8Gg/puPmVFRIQc="},"chainType":1,"messageKeys":{}}},"pendingPreKey":{"signedKeyId":0,"baseKey":"BQZyr6agyLUrNqP10vkQsBP0EEFYjT2j8iqydPEWcNU/","preKeyId":5680653}}},"version":"v1"}