{"_sessions":{"BbTRHTMzQsauiL8hNQr62mEpTzo3+wkultxxzes7wotK":{"registrationId":184,"currentRatchet":{"ephemeralKeyPair":{"pubKey":"BfzWqD05j6bJ9thYGw5Ks9y7rj8xag7+aZVN+Jau/Toh","privKey":"eFOIOU3+VIT5zhCtnHsRj84mcxHPGcPzVmwxahTFv1c="},"lastRemoteEphemeralKey":"BQ7IhpqsIoW2gVOXa5xBS3p9wrQiLWOr8f2JG6TZJDwi","previousCounter":0,"rootKey":"xMz89DvvQzrp0cZqEKHWWSo/bIOvrcPghoeLpqr10Qk="},"indexInfo":{"baseKey":"BbTRHTMzQsauiL8hNQr62mEpTzo3+wkultxxzes7wotK","baseKeyType":1,"closed":-1,"used":1749274780736,"created":1749274780736,"remoteIdentityKey":"BUe7pVeYpgApiRDjTb0C3xyJ/wOFVmzmvAknij6ILTBg"},"_chains":{"BfzWqD05j6bJ9thYGw5Ks9y7rj8xag7+aZVN+Jau/Toh":{"chainKey":{"counter":32,"key":"Wpa4nDhpR8u+o/gQen/rewfAFBOcZILoVk9YI1GevEQ="},"chainType":1,"messageKeys":{}}},"pendingPreKey":{"signedKeyId":1,"baseKey":"BbTRHTMzQsauiL8hNQr62mEpTzo3+wkultxxzes7wotK"}}},"version":"v1"}