{"_sessions":{"BXkTBVK0shWG7N+suGUDo1ntIqnFD+6Pp7UFF/y/JBt8":{"registrationId":876853926,"currentRatchet":{"ephemeralKeyPair":{"pubKey":"BWk4iknkkZ+DAPDLi4mCYXkDOgUbA/Et/xtLvA1SpLZX","privKey":"6Kpuv27erw+RgunYcw+f4vdK+dMn4sm/PX83ZwzSK2I="},"lastRemoteEphemeralKey":"Be5+Fh340EMAQxCzDApvwaTSYAePVk3hg1AA3A1Bssxj","previousCounter":9,"rootKey":"WqISASPfHDqAieXSGwVnCz4Rxa7TZc3iO3frQGT/BWk="},"indexInfo":{"baseKey":"BXkTBVK0shWG7N+suGUDo1ntIqnFD+6Pp7UFF/y/JBt8","baseKeyType":1,"closed":-1,"used":1749380517383,"created":1749274781022,"remoteIdentityKey":"BXsVf5ChDIwQ4czr2ByKdSBxjjW5v0yrJrZVARO7qMpT"},"_chains":{"BZPJnHYYvFX+M3EaR52oOMbzzo036QVTXM7JpAmNKekm":{"chainKey":{"counter":0},"chainType":2,"messageKeys":{}},"Be5+Fh340EMAQxCzDApvwaTSYAePVk3hg1AA3A1Bssxj":{"chainKey":{"counter":0,"key":"6Rw0a7xi9IJv09d5Has/ssgThnMFrzruQTT4zJnhOaE="},"chainType":2,"messageKeys":{}},"BWk4iknkkZ+DAPDLi4mCYXkDOgUbA/Et/xtLvA1SpLZX":{"chainKey":{"counter":16,"key":"/M9rHrTCcl/1iZtJECkCwJfO79ApPnWWnsrf++mvNMI="},"chainType":1,"messageKeys":{}}}}},"version":"v1"}