{"_sessions":{"Bex4l2UgKhbS6QFHoqCKrDUGmDocwkeF6MsU14uouPpq":{"registrationId":1017750312,"currentRatchet":{"ephemeralKeyPair":{"pubKey":"BQ6fB2rRklxSlGk1OtaAND4FzJjt1s0VhKFPQWK9i6lG","privKey":"GJwEHA3xdDqPhJVTyIJe3XZITHt/tN3ggEDJqJeWpnI="},"lastRemoteEphemeralKey":"BYqEtSWkY7pRXwN1OUu0Tdhaq0hXUyRXuCQ1UigUNkEJ","previousCounter":0,"rootKey":"XHwc9MCGx1fJ0CT1XSYOsdN16HMxzb29CK4c8dDHvko="},"indexInfo":{"baseKey":"Bex4l2UgKhbS6QFHoqCKrDUGmDocwkeF6MsU14uouPpq","baseKeyType":1,"closed":-1,"used":1749274781279,"created":1749274781279,"remoteIdentityKey":"BdbUeod8DoYJbMUuPWoER5g0NIV/pOOSPEHcmxHxCYhV"},"_chains":{"BQ6fB2rRklxSlGk1OtaAND4FzJjt1s0VhKFPQWK9i6lG":{"chainKey":{"counter":93,"key":"dxufZ3b228lPyWfsji5w2TbIkqJXgvuFgcexgNBmdlw="},"chainType":1,"messageKeys":{}}},"pendingPreKey":{"signedKeyId":4,"baseKey":"Bex4l2UgKhbS6QFHoqCKrDUGmDocwkeF6MsU14uouPpq","preKeyId":13557940}}},"version":"v1"}