{"_sessions":{"BVlkMOUdc2rqP2ojFWFXnxwgxCnaWeQgKR8lFJGISS5T":{"registrationId":817914541,"currentRatchet":{"ephemeralKeyPair":{"pubKey":"BS0r0OjhHU1ALspICkEyjYViBiAnWXlv9q0dESOLuHlD","privKey":"WE/hOeSlnS0C3jacJ/oTLDwFXSrAEEcsI/DmsWjZsGU="},"lastRemoteEphemeralKey":"BfnX7+9zfUrmee04/eVSWWlBolepaB94bPFQ1DsDoFhx","previousCounter":0,"rootKey":"zQ69fJVJwSjDEtHbTRwD8SG11MfH1sL2M8WWM8PU5iY="},"indexInfo":{"baseKey":"BVlkMOUdc2rqP2ojFWFXnxwgxCnaWeQgKR8lFJGISS5T","baseKeyType":1,"closed":-1,"used":1749274781254,"created":1749274781254,"remoteIdentityKey":"BbGLTLDzs5BSh6BDwsKti0Py8u26t6pEpQAwTagDKos5"},"_chains":{"BS0r0OjhHU1ALspICkEyjYViBiAnWXlv9q0dESOLuHlD":{"chainKey":{"counter":93,"key":"PYjXYna6gQmZ8ugtUtnZBtcE97pzx2elY0m0DwD95is="},"chainType":1,"messageKeys":{}}},"pendingPreKey":{"signedKeyId":5,"baseKey":"BVlkMOUdc2rqP2ojFWFXnxwgxCnaWeQgKR8lFJGISS5T","preKeyId":15209149}}},"version":"v1"}