{"_sessions":{"BRUM+iOoV/BenI7pJxLrF74Oy3kN8FVJUU/Z/5FcPpQP":{"registrationId":711902410,"currentRatchet":{"ephemeralKeyPair":{"pubKey":"BTYb3x8HnUd4RZ3UWH7hcRT9hIpqkWK4VNZEhUJiiKIj","privKey":"QH81VsAhJzqK3YwFqX42mFN8M7ofDlFwT771H4j1vnA="},"lastRemoteEphemeralKey":"BVRhY3hFJmFc128EqseYlBQeWgAH9mHvrigOxQK2EUkv","previousCounter":0,"rootKey":"BR+5rFiMNLcMAvisQ2ibltScod7ZG618Mm42vO+tF9M="},"indexInfo":{"baseKey":"BRUM+iOoV/BenI7pJxLrF74Oy3kN8FVJUU/Z/5FcPpQP","baseKeyType":1,"closed":-1,"used":1749274781086,"created":1749274781086,"remoteIdentityKey":"Bfj95IF6EeWpgGZQEp5mxV4OqA2DPnygL/zWBgkRm9tB"},"_chains":{"BTYb3x8HnUd4RZ3UWH7hcRT9hIpqkWK4VNZEhUJiiKIj":{"chainKey":{"counter":93,"key":"GuNJEn4s1OEZk5qOhPqosHTWziEBrsXSFKgscCxv+Po="},"chainType":1,"messageKeys":{}}},"pendingPreKey":{"signedKeyId":0,"baseKey":"BRUM+iOoV/BenI7pJxLrF74Oy3kN8FVJUU/Z/5FcPpQP","preKeyId":14038410}}},"version":"v1"}