{"_sessions":{"BRSYsuvXc4ELwHhkAfXsXeVNgDfD1Yi8cCuulozORrEr":{"registrationId":1920722874,"currentRatchet":{"ephemeralKeyPair":{"pubKey":"BfzJjBds4rXSJPPmsrXXUZl9nsxdJsA1WjzZdmOID290","privKey":"6KyzTikFVjofZUNWLGXfZCbtnBbMoB9dLycQKP25FV4="},"lastRemoteEphemeralKey":"BTBAVwvHA/vLdS7M7kPL6Ndt0kP7cNZchbhaPYwMAJEk","previousCounter":0,"rootKey":"bvw55oqLMTX+ruEwr9OH3EGHxxA86ffixhiEXbiU0Xc="},"indexInfo":{"baseKey":"BRSYsuvXc4ELwHhkAfXsXeVNgDfD1Yi8cCuulozORrEr","baseKeyType":1,"closed":-1,"used":1749274780939,"created":1749274780939,"remoteIdentityKey":"BYk06xSXtV8Vx9YXL/MwWF/LAr3XGj8JKVqn6VoXxx0v"},"_chains":{"BfzJjBds4rXSJPPmsrXXUZl9nsxdJsA1WjzZdmOID290":{"chainKey":{"counter":93,"key":"UAiboaEHgX9RFoLCVZGsDe0G7pcVlw39R6oWT4UzaRY="},"chainType":1,"messageKeys":{}}},"pendingPreKey":{"signedKeyId":2,"baseKey":"BRSYsuvXc4ELwHhkAfXsXeVNgDfD1Yi8cCuulozORrEr"}}},"version":"v1"}