{"_sessions":{"Bd0/GVwNm745tpPi900uyqHaPoI9dXm8o5JStj3N8nZ6":{"registrationId":996000240,"currentRatchet":{"ephemeralKeyPair":{"pubKey":"BTFp+lsFFPgQ2wD+wwsb9SgZlGj2IZ7OQKTGLr3iS1gY","privKey":"4JWj443q/DDlnc8fusJQrtGcR+YYeHscZIYWbXPcpWE="},"lastRemoteEphemeralKey":"BfJUIjVN8A8hBq5Jr9cC86gh3vpxIZph/ih0eThEbZgl","previousCounter":0,"rootKey":"zo9sQzIBZvn1wHkyXHgKZwCbPEIKq2NBPfoikEX0vQM="},"indexInfo":{"baseKey":"Bd0/GVwNm745tpPi900uyqHaPoI9dXm8o5JStj3N8nZ6","baseKeyType":1,"closed":-1,"used":1749274781005,"created":1749274781005,"remoteIdentityKey":"BSxFaOKGhTBU9mUvuR69UpjIIPhYOY+KtoCcWJhWzBx4"},"_chains":{"BTFp+lsFFPgQ2wD+wwsb9SgZlGj2IZ7OQKTGLr3iS1gY":{"chainKey":{"counter":93,"key":"dpwptcIbHqaM7e1Lh4FPHLJglP0QuJZ8oeahOgsA5wg="},"chainType":1,"messageKeys":{}}},"pendingPreKey":{"signedKeyId":3,"baseKey":"Bd0/GVwNm745tpPi900uyqHaPoI9dXm8o5JStj3N8nZ6","preKeyId":14904552}}},"version":"v1"}