{"_sessions":{"Bc0FpgUR+oQvXRGBQuxJicuRgPPJypoDmKpEWctF2H0r":{"registrationId":152082879,"currentRatchet":{"ephemeralKeyPair":{"pubKey":"BV8iH9UrqD+zwf/6bIe7l668LOu7k+hiXeyoQFb47s1O","privKey":"+OGJV7sprb9OPTEZvs9qxCI/uoWn6/0UAozqdUBbxnY="},"lastRemoteEphemeralKey":"Bb8V7qqLy4H3Fgvg8T3m8NjROKedHXG59mOmttMtovVT","previousCounter":0,"rootKey":"dYhtuNn8y7qvPT95HdmBiS1ShGX9kT3ZMk0nfy5AuwQ="},"indexInfo":{"baseKey":"Bc0FpgUR+oQvXRGBQuxJicuRgPPJypoDmKpEWctF2H0r","baseKeyType":1,"closed":-1,"used":1749274781099,"created":1749274781099,"remoteIdentityKey":"BXXvPvl2EkEhGuV82GVSC/uRlneFmK0fZTHBQJ7bnJc/"},"_chains":{"BV8iH9UrqD+zwf/6bIe7l668LOu7k+hiXeyoQFb47s1O":{"chainKey":{"counter":93,"key":"NhwDgfQ18210/Y85xQhBRt03UiXdMtmPw3fnWWJ4PCo="},"chainType":1,"messageKeys":{}}},"pendingPreKey":{"signedKeyId":0,"baseKey":"Bc0FpgUR+oQvXRGBQuxJicuRgPPJypoDmKpEWctF2H0r"}}},"version":"v1"}