{"_sessions":{"BWf5DsQ3yBoB2z+sk9D61pXmXdJfx1SFHj4QaIJjbyJ0":{"registrationId":185,"currentRatchet":{"ephemeralKeyPair":{"pubKey":"BdOFu68NrkxzzbmWbcSQbKCbdkopgLyXsY9ra0hGwX4e","privKey":"sO0Yg1f9YmgXDldI5WrtvcP9z+mog3vfiDVlYFjtaHY="},"lastRemoteEphemeralKey":"Be9gKG323NLZsteYBLTFM+xhPxf/DfJ4DaAUNTe6uY04","previousCounter":0,"rootKey":"MLBDyHRBRzYxm8zaGDXeGMWUU133LpREnJoleo+vQLk="},"indexInfo":{"baseKey":"BWf5DsQ3yBoB2z+sk9D61pXmXdJfx1SFHj4QaIJjbyJ0","baseKeyType":1,"closed":-1,"used":1749274780740,"created":1749274780740,"remoteIdentityKey":"BbOhDHMSCBHK1taOb7UUmNGV2lkpgiBG61DhVCCuYQJk"},"_chains":{"BdOFu68NrkxzzbmWbcSQbKCbdkopgLyXsY9ra0hGwX4e":{"chainKey":{"counter":33,"key":"ncvhbmC5i0U7iQfe0caSjW3wMGBBy2tCr/eSHFvHKS8="},"chainType":1,"messageKeys":{}}},"pendingPreKey":{"signedKeyId":1,"baseKey":"BWf5DsQ3yBoB2z+sk9D61pXmXdJfx1SFHj4QaIJjbyJ0"}}},"version":"v1"}