{"_sessions":{"BeqB+/DsnKta5OffHmid25houQz/4MeEZzaD9BvhuI8Q":{"registrationId":1553129912,"currentRatchet":{"ephemeralKeyPair":{"pubKey":"BZb45OpxSE1r/XnaKn9tJs0H5jxeyRUTFnj72FQy91UW","privKey":"AMqkke+SqhlC7c1S+gfzXSMzvdfP+RXsdrtUkFGvL2Q="},"lastRemoteEphemeralKey":"BfOmfLbxvecRqbL+iWNWocrrM7Vdz+28wuKkl6I+o4lX","previousCounter":0,"rootKey":"go5RDNhXESQlM2JDbr/8k5LdR5gZnDj2ZAGS7zAo+uA="},"indexInfo":{"baseKey":"BeqB+/DsnKta5OffHmid25houQz/4MeEZzaD9BvhuI8Q","baseKeyType":1,"closed":-1,"used":1749274781236,"created":1749274781236,"remoteIdentityKey":"Bbt75nbdh+PwDvnbF1JR/0Dfz6xPy69vwKCvac0fLhZJ"},"_chains":{"BZb45OpxSE1r/XnaKn9tJs0H5jxeyRUTFnj72FQy91UW":{"chainKey":{"counter":93,"key":"iLLFyzWBB3lGEONohkK1i3cCASlQU6WyOT5ddpMzO18="},"chainType":1,"messageKeys":{}}},"pendingPreKey":{"signedKeyId":0,"baseKey":"BeqB+/DsnKta5OffHmid25houQz/4MeEZzaD9BvhuI8Q"}}},"version":"v1"}