{"_sessions":{"BauPwqyEDsIkTdVRRvuboq3NvllwSJp/N+7tPdtFGgFo":{"registrationId":1376643091,"currentRatchet":{"ephemeralKeyPair":{"pubKey":"BXIv9fZNQFPov7B5XDKR4qSwUVtBmtTXkSGbnKPOnSp0","privKey":"oJrysKAu28AbpyWXmBtXU2DWaA8ey4jcjISRC3r0/ms="},"lastRemoteEphemeralKey":"BZo21poeN4U6hxZa1BwiK54pS+UWrC4AWvWuyqJhJMBT","previousCounter":2,"rootKey":"UVbbtKI62beUDWTXd9fpKOnDYzzgQZYnX92SdYRCSzg="},"indexInfo":{"baseKey":"BauPwqyEDsIkTdVRRvuboq3NvllwSJp/N+7tPdtFGgFo","baseKeyType":1,"closed":-1,"used":1749274816849,"created":1749274781214,"remoteIdentityKey":"BTPjr8oUQgjMj0IJwDwCNGXWxnTNFP68D1s9IEOFwvtb"},"_chains":{"BZo21poeN4U6hxZa1BwiK54pS+UWrC4AWvWuyqJhJMBT":{"chainKey":{"counter":0,"key":"Q45PA0dcCVCUe6NLUA0s5W62x7lQvkj8JXuTDFII2KQ="},"chainType":2,"messageKeys":{}},"BXIv9fZNQFPov7B5XDKR4qSwUVtBmtTXkSGbnKPOnSp0":{"chainKey":{"counter":90,"key":"BW45z/WMLrpwOoBG5//VCnKv4foXi0TSeQwZde6LSZg="},"chainType":1,"messageKeys":{}}}}},"version":"v1"}