{"_sessions":{"BZKhWDtth/IgyExRQHe44cHo9EOihPaYklrljpwgUHZJ":{"registrationId":1233435425,"currentRatchet":{"ephemeralKeyPair":{"pubKey":"BWJ+N8rbgnh446bQ6eLwyq6OXpHiRm5VDC/MvD6bEyMH","privKey":"kL2jcG7oji7Rv1XyMHHl9Uu/pqb66FF2SMmEsX6HOEM="},"lastRemoteEphemeralKey":"BRslLh9KY+6FBwbrjtitP/77EOsDoJ79mckFe36BJoVJ","previousCounter":0,"rootKey":"eCCHs3mHajizBBReQhmw3ynb1uC8ilXfDzBacJIsUug="},"indexInfo":{"baseKey":"BZKhWDtth/IgyExRQHe44cHo9EOihPaYklrljpwgUHZJ","baseKeyType":1,"closed":-1,"used":1749274781153,"created":1749274781153,"remoteIdentityKey":"BY/y2T8eiswB93gok0rJzJrXC4Y5GaEWXrJnTPq1B+Rd"},"_chains":{"BWJ+N8rbgnh446bQ6eLwyq6OXpHiRm5VDC/MvD6bEyMH":{"chainKey":{"counter":93,"key":"gFjpoHxnQOEyiELkGbmNboJnUOLh1+SpkahlKn8BxiY="},"chainType":1,"messageKeys":{}}},"pendingPreKey":{"signedKeyId":19,"baseKey":"BZKhWDtth/IgyExRQHe44cHo9EOihPaYklrljpwgUHZJ","preKeyId":3471402}}},"version":"v1"}