{"_sessions":{"BYPe5/7bXjXQVpnwuRNZedp9+eclt0joLJI4JUnTrnBk":{"registrationId":227452373,"currentRatchet":{"ephemeralKeyPair":{"pubKey":"BTJLT+oZAjYDWDfuvHehqEn8BEXT2ibamOtMTm71IwV6","privKey":"MM5wv20iPhJiQi9x72iKtwab2FRHwQ5RJFmG3awQe3s="},"lastRemoteEphemeralKey":"BeybQTwoeYVWoH1rcu2SJakujmH419WKo5QzPTHoyiFq","previousCounter":0,"rootKey":"aTvUanwptxndnLBzeThG4s7g4JmT10nqcui6jRR8z/8="},"indexInfo":{"baseKey":"BYPe5/7bXjXQVpnwuRNZedp9+eclt0joLJI4JUnTrnBk","baseKeyType":1,"closed":-1,"used":1749274781287,"created":1749274781287,"remoteIdentityKey":"Bbl5JWC0mVE+aJzj7A7b8Hp85d0yiLncxVhSNH6RLYQH"},"_chains":{"BTJLT+oZAjYDWDfuvHehqEn8BEXT2ibamOtMTm71IwV6":{"chainKey":{"counter":93,"key":"xSTIopy95lHR4M2mAEtLmtL13NW7A+Wp4rP1yKgxT4Y="},"chainType":1,"messageKeys":{}}},"pendingPreKey":{"signedKeyId":0,"baseKey":"BYPe5/7bXjXQVpnwuRNZedp9+eclt0joLJI4JUnTrnBk"}}},"version":"v1"}