{"_sessions":{"BYK4/8BxcqdkooH7urofPz5gu5jhmPra5tUb98BVvo9L":{"registrationId":49083221,"currentRatchet":{"ephemeralKeyPair":{"pubKey":"BSlpl+TXDvieaQzX0HuCFkSeD1KXSDe0svK5wfLnaYpd","privKey":"iKtoSJ1NwVeP/HP04Isg70vaHa/YQyfSbCPJDne/qV8="},"lastRemoteEphemeralKey":"BaiDqWV+9M5LGaAMPidCxV0gzRI7tpNPzbfbhMNrxE8o","previousCounter":33,"rootKey":"oo+k+cQaxiHaGqL7S16MEI9Drk34jpv808z4eTAkU8g="},"indexInfo":{"baseKey":"BYK4/8BxcqdkooH7urofPz5gu5jhmPra5tUb98BVvo9L","baseKeyType":1,"closed":-1,"used":1749352719368,"created":1749274781026,"remoteIdentityKey":"BbrOfLqOsSfj30QPLNOdNPvvNhzFgWhRh/NLR7Vc/g1Y"},"_chains":{"BaiDqWV+9M5LGaAMPidCxV0gzRI7tpNPzbfbhMNrxE8o":{"chainKey":{"counter":0,"key":"RhBDNeW0RfGqOmQDSfwMrolxrGK0dABvLrpbUytdE4I="},"chainType":2,"messageKeys":{}},"BSlpl+TXDvieaQzX0HuCFkSeD1KXSDe0svK5wfLnaYpd":{"chainKey":{"counter":59,"key":"amXzuAa5Dr5nZE7/saladkg0xa7vKmvOBFAJgq9PHlE="},"chainType":1,"messageKeys":{}}}}},"version":"v1"}