{"_sessions":{"BQJXjOK0DKUsqYHQGJqhZZGiF2Ze8SZRn51Km6Qy00xi":{"registrationId":109041009,"currentRatchet":{"ephemeralKeyPair":{"pubKey":"BT6qsi9bLF/YTrf6n3DWRGotjQhFeMuOAgxswMsusIYX","privKey":"iDN3mCICV4wDU4NMhH5z8H1Rx4EElMHw0ji5TTh1KFs="},"lastRemoteEphemeralKey":"BXUVSfD/sWOfmuvSX347c+29iQ0fEIEqX4zZG+OqUGFp","previousCounter":0,"rootKey":"eO+pDkwoyqDrvqDQFf5kaWOtAg7rPMyJ3tZIDDLWrlg="},"indexInfo":{"baseKey":"BQJXjOK0DKUsqYHQGJqhZZGiF2Ze8SZRn51Km6Qy00xi","baseKeyType":1,"closed":-1,"used":1749274781050,"created":1749274781050,"remoteIdentityKey":"Bbyv8qUnzcmzs+TF3CnxZ+8a3H/oavOeh6/7EDbDFc5w"},"_chains":{"BT6qsi9bLF/YTrf6n3DWRGotjQhFeMuOAgxswMsusIYX":{"chainKey":{"counter":93,"key":"JOrFrdTlSQXnFRgYMQVlfbuBSKCYkaAJ4v3BOPkfFc8="},"chainType":1,"messageKeys":{}}},"pendingPreKey":{"signedKeyId":6,"baseKey":"BQJXjOK0DKUsqYHQGJqhZZGiF2Ze8SZRn51Km6Qy00xi","preKeyId":560962}}},"version":"v1"}