{"_sessions":{"Ba3DlWEmLfBVKE/jekfpNLFZI9Kq1dP/x+O99fYX7ecC":{"registrationId":1443732204,"currentRatchet":{"ephemeralKeyPair":{"pubKey":"BTWH+d8PFV6WFSuyxdq0tqSZSZOwBFMj8ufe2ccYkzNU","privKey":"OKesKcPwc/PqG6xcfBnNPcDsNPK0/wtvW2yr115cqlw="},"lastRemoteEphemeralKey":"BfuAHJKFdcM/0bpQY2Tpftii8rCj9fRyIsCq6GGyfoIW","previousCounter":0,"rootKey":"H/fOPDfauw3Vkmf5gLMEsGEmKFW9SJzSevQvPf1VR8A="},"indexInfo":{"baseKey":"Ba3DlWEmLfBVKE/jekfpNLFZI9Kq1dP/x+O99fYX7ecC","baseKeyType":1,"closed":-1,"used":1749274781233,"created":1749274781233,"remoteIdentityKey":"BZdIhhYJ+maKtPyFljiKSWPea5G7p0w94QyjAAAX9jEE"},"_chains":{"BTWH+d8PFV6WFSuyxdq0tqSZSZOwBFMj8ufe2ccYkzNU":{"chainKey":{"counter":93,"key":"VtESSN6DdXWu9/DbeAxT65eVkNDprYqxo5YzmkHTYOc="},"chainType":1,"messageKeys":{}}},"pendingPreKey":{"signedKeyId":1,"baseKey":"Ba3DlWEmLfBVKE/jekfpNLFZI9Kq1dP/x+O99fYX7ecC"}}},"version":"v1"}