{"_sessions":{"BVrD44DAmELLeGGpflJlhpUA3KirD3qACNv+d6Pg7Dt7":{"registrationId":915544741,"currentRatchet":{"ephemeralKeyPair":{"pubKey":"Be9wE+su6nIBhHTd3mbQ9xS+85yzRCE+A0ZhQIXlRGMf","privKey":"eFYUdT1Awid5xlJgUSavc0DOvRTUvHnY6kT5oU0LLU8="},"lastRemoteEphemeralKey":"Barn0RC9+P9w2P8AC1YYFnzIBn8evG+L1ZurpEvtfl5x","previousCounter":41,"rootKey":"3xzCF/Xy9l8KC7OI/YqjWxyNhfKovbjyiZsHuSaAh9I="},"indexInfo":{"baseKey":"BVrD44DAmELLeGGpflJlhpUA3KirD3qACNv+d6Pg7Dt7","baseKeyType":1,"closed":-1,"used":1749380894139,"created":1749274780994,"remoteIdentityKey":"BTbLPZ/IN7BPNedjjU0n+Jq3m9dHXuqwe3sa3kRNIdNO"},"_chains":{"BYSHEJ9kTYCmFBU5BBxN+5UMWG84dzEbgGWw/mNk24tw":{"chainKey":{"counter":0},"chainType":2,"messageKeys":{}},"BRSWShY8VrtfycntlJ+0vhIOUTUIq7kt+juq5UovBNRu":{"chainKey":{"counter":0},"chainType":2,"messageKeys":{}},"BfVtyuPyjSPP4pngz+OjkvYseJPgW0ZPkfyBfotLfhUu":{"chainKey":{"counter":0},"chainType":2,"messageKeys":{}},"Barn0RC9+P9w2P8AC1YYFnzIBn8evG+L1ZurpEvtfl5x":{"chainKey":{"counter":0,"key":"/8sQER8og7kF3gj0cJ25JH4kYWAVWg8tG/6al9+4xVw="},"chainType":2,"messageKeys":{}},"Be9wE+su6nIBhHTd3mbQ9xS+85yzRCE+A0ZhQIXlRGMf":{"chainKey":{"counter":16,"key":"gtWf9so5k95xdEHeH5lEgDpbFFTHndz+m+PbTeePkWw="},"chainType":1,"messageKeys":{}}}}},"version":"v1"}