{"_sessions":{"BeArGCDfjDQNF4nurkDmW/50KDinnH/iue+3QONZqyJx":{"registrationId":61612453,"currentRatchet":{"ephemeralKeyPair":{"pubKey":"Bea8dFx5kqtCfCmojpuMMTuhoSRNZzcFvvDFikMeQbsd","privKey":"yMoetpuXMr/4GH4/oq7LGG087fF/fEiBv2kMWid0mnI="},"lastRemoteEphemeralKey":"BRwjE7Xx1VvgVs4N1H42G2Yoae4w/P3Pge6k3zRatJBl","previousCounter":0,"rootKey":"Kd9zfVfhmUlocAP9WbJ+NcH21Rai+F2pl1o73eqrCUI="},"indexInfo":{"baseKey":"BeArGCDfjDQNF4nurkDmW/50KDinnH/iue+3QONZqyJx","baseKeyType":1,"closed":-1,"used":1749274780848,"created":1749274780848,"remoteIdentityKey":"BWy76rqdzHFwnwjISVsa13I8WXc3AdO0YhWCWsMC2q9I"},"_chains":{"Bea8dFx5kqtCfCmojpuMMTuhoSRNZzcFvvDFikMeQbsd":{"chainKey":{"counter":93,"key":"IVA4Tgucm0G9IsGaR39ITo42zmyfa5SL4Zu8cPjHajM="},"chainType":1,"messageKeys":{}}},"pendingPreKey":{"signedKeyId":13950796,"baseKey":"BeArGCDfjDQNF4nurkDmW/50KDinnH/iue+3QONZqyJx","preKeyId":2574}}},"version":"v1"}