{"version":37,"hash":{"type":"Buffer","data":"wXP3NuKTDqU16LkdFn8kclgd1XR0HhA9OLRSNFKRvX7PQ760TBTMeMtXFXupUef8X0SsO0t7W1Qenr3cuUjOZWBC76CzOlDYBv6HS7baNszipOTV2CtS/zrEKb+GDRIje16RZPzxJ1BCKPg63fv4pM/HTg4bi9CR7kOl6izGtio="},"indexValueMap":{"Jq4BqIfNPwjF0JQf2L39QhAaW6F70MHXxxXyiWYgTfE=":{"valueMac":{"type":"Buffer","data":"pkzXqbFeATtQHDBjTMs2cVS1tng3dRHuETrFxMdsqSc="}},"LqpelrEvnQ/9qIVj46oJzs+VuAO3izVv32vfYdBHn70=":{"valueMac":{"type":"Buffer","data":"58qscaxrfspWZh+Z/K/MZO/V2nrDBDWopSoaFeDaPbc="}},"632csTPqetgaEbEFRGIGaU+d6FeCJTwb/tegIPVtGxM=":{"valueMac":{"type":"Buffer","data":"46z8gYc2tF7aTmiGKxiCAn5bi4BLx6d7umilCkq1fkM="}},"4xMRNms2T76qiABWEBP9lngTl3aRjmiEevnL4L6wf0g=":{"valueMac":{"type":"Buffer","data":"7mQGfgTopGvTgaI6pCsuJ5Ek/Cz3gRQZJ77nMqBG4Fs="}}}}