{"version":95,"hash":{"type":"Buffer","data":"1ZZtA7+u3MZMhE0Q+i4A84+/XaZgGJ9rI0U9KzYVswscX3pnXSKx05S+Q7iSqhEwHQsb8XscFM9FUmYihWPhYw/iwBOo9IqyogiQghssDzjCcWcXxFkRjUN4USC4gGwC/7KEfPQ70LbjfU4DPZUfMpoPC0lXUEOV9Dkjgwx4A+g="},"indexValueMap":{"G4dDngczjDXBlTVg/d3cQ7T0JXFUY0JecU+1Jjd7XGM=":{"valueMac":{"type":"Buffer","data":"0Wx2zO9w5nHlFERRt04v0Fco4EJhQ1e1hjd3pSQkvMk="}},"HqqC29LbMv2HevKxTe86RjRG0ghaqE7Fb/R+M1LfSyc=":{"valueMac":{"type":"Buffer","data":"flybFTQAG/8s+e/pW52yvS3JdvBjjEhi/mRDw0sqdto="}},"HxIP+l3F7erPY11YTMgI289b4jsslBFjW5Ssa+sRQ9k=":{"valueMac":{"type":"Buffer","data":"6xgDUNMthmXO0IjLHzNK+v29wayrJItfsqxGHA2/rkQ="}},"J4a4G1YbOQ7FPpqANZlFrANhS/wVq3MbQW6LFizcdEM=":{"valueMac":{"type":"Buffer","data":"9jADDIXd/a/JkylKH9RkrG6bFlOq8btomCiIj5zGvmY="}},"KPx10UDvJsqKDSW/QeSVs27G+yn1uVMp5U4GxSmZNbo=":{"valueMac":{"type":"Buffer","data":"PpCfIK9lOrcI1aQDwpqP1oonb/A9YCm8H+qqUS3LVzA="}},"NccmOY4Aa1fIWSiWsP7Z+OebWalrJF7+wmZpk+kGcMk=":{"valueMac":{"type":"Buffer","data":"xm4gh6Zw789SE8yva5Zr9bNtC8WRCKjumnXJdqb5WDc="}},"RD65nHz7b0QJ0sZuCZuN0sT6iRc47l+bFdtJeRjfpEs=":{"valueMac":{"type":"Buffer","data":"KL1HV3B+LLeQaOb4fc895RxcQzbt/B69V4w6nPfArWQ="}},"SbB6jwg73ZUY/rBXTOOxMYQ/RMvDGTlrAkDsx0VS4Sg=":{"valueMac":{"type":"Buffer","data":"KEcNhwCL0VkusIojmiNkEH88eZ7vrPdnyHzP51/H6R4="}},"Wz/vBtKhv7souRyKgpQFanEOAZ2/ZE/HtUJ3NLm8RV8=":{"valueMac":{"type":"Buffer","data":"hGWgwEFKuOpRz/UhU5PBIrS8x7LUk9/usK9WAEHCNY0="}},"beBteHUfOG7XH1zj19CNpnCvFJlGlRSTlK9sTNYw2wA=":{"valueMac":{"type":"Buffer","data":"pIrX6Ic39N4e8WQm3EyEckt1cyJY6DkYzEVLlpSUpyk="}},"b4hBnKXd2jwskdJnxYxj/yf4u76FHNP6WgA80nm2CUo=":{"valueMac":{"type":"Buffer","data":"JslWuN+YuVjO7lo0kX5dGZNg2tQiSs0Kh5gvv12M4gU="}},"crIyAqXM2Ey5iF2qfp8heE+rgDglYY0z3hGRsTj3Ad8=":{"valueMac":{"type":"Buffer","data":"folbaWHSHzPFcLtu+UIqKafjX7HFieqpSyOUaCFbzM0="}},"hpLmyn8m2a+zR/pRvu7ECfO0MG5U4gC36mZ2VATK97E=":{"valueMac":{"type":"Buffer","data":"fqAkUYYphjr7yVWhOoeGMOSGyHaGIlyRtOsqTc8gRO0="}},"lL4zc3snhtJh11M6Vl6+P46ubYuZggmYHCZD4Uhi9eE=":{"valueMac":{"type":"Buffer","data":"nVREvhQbO/BJkON8a9K3rSQUl5WskLKNyvIxDG9YF7g="}},"l2jvdNVwM+PvGTgC1XNWSUi7dyrAw9Y9bJwI2id+YQs=":{"valueMac":{"type":"Buffer","data":"gZC7CH/4aQK1dezGBRhz/Wdf7r5VOWKx0v8BtfGPSIs="}},"qPYaS+7dE7kgHi5AgegBlNAiJr5XSlBkS4c5yiTdlsA=":{"valueMac":{"type":"Buffer","data":"MTW9ZOxy4RHc0VqP+O1nQZ0PXV4wF1c4HELQ8Nwu9e4="}},"sU2cLDLoCsEq6+9zz0tFgugiqfcnxrI/BCErUSvVBXs=":{"valueMac":{"type":"Buffer","data":"KEdheGqqO6pci8X5KxcM+eJM4NE4sEZQbfP5+bR2VxI="}},"wXdNa0DEEvIf2umekPddkWSAKdzYTi4gJ15vgcjiYlE=":{"valueMac":{"type":"Buffer","data":"hHXMB+s6nJWmvmynK0MDOQumn7aiSyj8BXo/cwvWbag="}},"11o9SpJJcUsshAGsnMkrEVJ7qUpqzIFMFEfJgAoVsJw=":{"valueMac":{"type":"Buffer","data":"rcMMPG/qu6k2YgqRSHL1tsDvl9bsB9AEOtttxN5gM5w="}},"4O/wpdbv3ZrcEOSfn29eQVwQ9ofq8dUBaHKJHSvZgEc=":{"valueMac":{"type":"Buffer","data":"sx1cXZUKS02Pigvd8ADLBYHAukwco+X5UA2lFMDbW/s="}},"5kmHbNDxv4vDO8oDEsUI/k3ay7NxniIJR7nk8pRFUTc=":{"valueMac":{"type":"Buffer","data":"McjL2M0LuBn8wnbl3hJ82rltOA3GaykIUdSt2an+zeE="}},"9O6MTA0Z9EF+x8BJHN4Q2gWJcNwQDCFgU7JK3FeeKhw=":{"valueMac":{"type":"Buffer","data":"xoWykQuI84y4hBoiBB2Xxq8RZMzIMH7qnC+ev0RAwdk="}},"94kv4tRPFO2h3+QUFwhLI4vMA5NpQFJ296efAsFXXFc=":{"valueMac":{"type":"Buffer","data":"T2Yj7Em4sFefdQmx4ofFjGFLtVpWc1xn93GpE+VgKuk="}},"+Kh7yNgd2OW2yB6UF7QmFUxTViK3uUZHXBQy3iY/Jyw=":{"valueMac":{"type":"Buffer","data":"msHEXG0BT4hem2Dgvt7zsTuFmmne+uWaQ3Nx36p27yo="}},"HVxjk5Kucn5Vgm2aGFS9jmni8S7bdWEde18BdEwB8WQ=":{"valueMac":{"type":"Buffer","data":"6MIEBetGydEsXZsQNcCYjWgwQXP+GjFCa8nqNQvAWUc="}},"QSobgpgilkVTPUkC1W1H0qWJxhep0AjOxOQdUlIks7U=":{"valueMac":{"type":"Buffer","data":"tOyBmw8t48ltd6Q5qd7+yPM8jbpG6Kg1KShqay4XrAw="}},"VT++4r9tXWcb7c0iRUdv+pemxxJ+JBQ0S4q4n2mJF9o=":{"valueMac":{"type":"Buffer","data":"wRvnGzMGg+yheZ4MnT3/rWCBnMp6OnouxHbhtSwzfMg="}},"T3qkOVwGsK/a2B5q8aN3wncQ156I4ZL62DfGhxGQ0ks=":{"valueMac":{"type":"Buffer","data":"Ol+fD4qJm3278CPlzJH/UI+UmucnYWjERsOe26q9l2g="}},"7sdLl6Ydt18SD0DXiIVAJEchXa0gCXZanY0l61Bo0Ww=":{"valueMac":{"type":"Buffer","data":"UObmpNH/5oDf/9YMqoARTvP/XHQ3EHt0CL61m7mI5Oo="}},"T4f0QHl943vimQ3F5kkcOGiEnP5T+Ju/kVA2ohpNUX8=":{"valueMac":{"type":"Buffer","data":"cwNszYQz5CxGjYS0pCfbg2En/uGwHC1H7eYBNpw/sis="}}}}