{"version":782,"hash":{"type":"Buffer","data":"Fh4hCuyoTaKpMkcGIKZkGm90sAz36W5LbAOvGU7rCCltBVmAssmhFxs6p+pX2znAObUBdVNe1g6bdOAvHzwXO1ZRdiRNV1GqasWRm3Pos0ByUKuueqrzpBdqbODUVpF3RmWq533n6nMoWgtrH4Yet++PKN/0FrpUuv00fTX+XXM="},"indexValueMap":{"AtLjUBcRHa+Bzwkx19r5OLCnTAWWS5Jpu/RnjS4N+2U=":{"valueMac":{"type":"Buffer","data":"fC6xZMjrtOMCjKb4UAuyhTuhSEp4CkIc5fgD8ouwdhk="}},"BTEojUJD3v0q6Ml2wxVHqVhiOK/CKcHZdp9UXbZ17ik=":{"valueMac":{"type":"Buffer","data":"BopfjIQVgrW54zX9OI8t9O2QwljhyXMTwjI9rzOSkzM="}},"B+KixKfPgiybwSdDzWdTt0YcMhijVDFl+7XtmtTNHak=":{"valueMac":{"type":"Buffer","data":"l1Y5/2uYhCgK9QzMTetGIq+FwSu8Z69zEyag7HckaIE="}},"GxirizfPmebqK5hPE/QvgmA6alrfqo3dGHO7/ijtkJw=":{"valueMac":{"type":"Buffer","data":"oOfy1QvapU/7CwgYjjB49tVYI41dc4G9b4RXi1uNjv4="}},"LEwhVj5zU8h5jY8T+5bVX7T5c67VWGvyTiVSpNJBkTI=":{"valueMac":{"type":"Buffer","data":"RZJpftDGItOpKPmXNk6aDcGRLmnkP9LeCemryecn1Ms="}},"S9emBiPNrGXkznKGKr1sie6tIK8JYHjTDsBZvHu6TnU=":{"valueMac":{"type":"Buffer","data":"/H/F9wz1au+qcF9/lUTuzxsxQoyT5GwaGp5jl/4eD9g="}},"TyeEiyBame2Y0KyqzYmFBh6iX3hkpitnZfjhyA+vbss=":{"valueMac":{"type":"Buffer","data":"aDUD7zQuFzqtO6XxJ9JjR6Hc3MHZknhC20UeBj+kMeY="}},"U3ikHTjf2LTwgZ+/Lfhc4lH7IOfNnZqRJp5Q6eRXnTg=":{"valueMac":{"type":"Buffer","data":"F6m+zT3wfk9s4PDK+dy9EMeh1GkGZswP9Lhm2J1Hado="}},"et6bsC8z2dtr4QxFzzOHlxeaEiLaYHxjiyWFfpxV86g=":{"valueMac":{"type":"Buffer","data":"ykMbTupdRQc1DqQtmDOIib/BRFB/UdX+q0d1nhFLZ8c="}},"gCB7mZRMEPFeCci1GaXRSTXyzjthbx1jT1jP07y8ewU=":{"valueMac":{"type":"Buffer","data":"RilaxZce300IJhTOJ+b7enCBlDEziHICH4Lnt1O7t+U="}},"g/mYh8cinfTuy64mgpasJji+WWw2L/fdxyNj99nK2qA=":{"valueMac":{"type":"Buffer","data":"N7huqDkV/ogU7L2XCYPlpKZa75EfxkayD9TkCZ+G0qE="}},"kzDB2W2zvrCdH4Po7c6HmqOd5wN+2QgSzX92/j5DTT0=":{"valueMac":{"type":"Buffer","data":"AnImgULbVh+aD8FTyh59/1VoL/3Lad/nVbmgbEEXGbA="}},"qahO6lBA0PhPZV7lB6E3n9V507d/fAhxUTo1oGK2HVQ=":{"valueMac":{"type":"Buffer","data":"9CXBl8i1ZqtW1IqvKV2wPhLmvr1kNoM9Jnzxr8/vj5E="}},"zJ+NwMMZlQzPWxGW6uXxWhpc/sFSFRtMfvwksk3pSo4=":{"valueMac":{"type":"Buffer","data":"E4cty646zRjNZcnvSrlwQ/qZtblukWHjZFpN9Wvdk+0="}},"0ihi0qcGiBehaJl+6zhT+pdHNIDctKiLJyuJFImW1pc=":{"valueMac":{"type":"Buffer","data":"gng4gvIGu/vaHXsdG6K53o8aZAMRjcAQgv0QujG96eo="}},"81rXsuXIFP9a+zEQpfFAbsVV/Ev+HO183U9uYsTLQc8=":{"valueMac":{"type":"Buffer","data":"uHNDqGaLNP0msqUKq3MvvHFJNJ8BRwXVSynrL5DaJpY="}},"9alW9UT33HF8lZqYs/5z6RE1q84XuhvZuVohzozfFB4=":{"valueMac":{"type":"Buffer","data":"6TunIcBZb5ZcxpQtYdvKxRX6ecm0pHKgbEG+7ol6NXI="}},"EJq6Sj1bt+eWNcEMWeX/HHiMTfxqZSsTnhcdMzDx/wU=":{"valueMac":{"type":"Buffer","data":"dfkrBy/Tfxx7xyW8R6tBpwwTexPAD/SuhYFo1UJ4dHY="}}}}