{"noiseKey":{"private":{"type":"Buffer","data":"SNzf9cwwyZdC4YIxW9WDbVhzw5SuhzfD1zjFQ6ZFAXk="},"public":{"type":"Buffer","data":"0hM5fNgtF946d0DqyB+F2KMfuMQGP1PKiDq48ofB9XQ="}},"pairingEphemeralKeyPair":{"private":{"type":"Buffer","data":"MIv5n3k1AruTWaD0aMoWW2L4aLuwGZt4sVzByRuq+W0="},"public":{"type":"Buffer","data":"bC5rRvReetc66injxaahTyNguMjyQuQWvxW549PWhXs="}},"signedIdentityKey":{"private":{"type":"Buffer","data":"CJHSmUrp5yBYQdY3Lc6nuqj8l45n7Jak4zT7JvlQNWg="},"public":{"type":"Buffer","data":"7aBuJHWDHQ62R+rLLr2AMgQH6tRM1LDku2X6czCDm30="}},"signedPreKey":{"keyPair":{"private":{"type":"Buffer","data":"8LMtMy61aAWNiLaRAm96JA/QAyxNCeTaLZTdOrbot0E="},"public":{"type":"Buffer","data":"b4wF07F0ZBr6DPP1/L/ZM19xU6vcM7we5UmQeMPNEmE="}},"signature":{"type":"Buffer","data":"BCxQkiR8FYTjaymRSV0kX2pw/JmnORN7fuIVXC1hzwwMRAuY4+ucm/P511ZjkzsBiLLPXLi4LPKgWB+BnGHqDw=="},"keyId":1},"registrationId":195,"advSecretKey":"9TG715MmQcz0/snnKCETAbvCmejlnwSiAfH7S10v5Fg=","processedHistoryMessages":[{"key":{"remoteJid":"6285168799825@s.whatsapp.net","fromMe":true,"id":"A65C674AF6BE923FA4FFD2446FCFE0B0"},"messageTimestamp":1747231350},{"key":{"remoteJid":"6285168799825@s.whatsapp.net","fromMe":true,"id":"941469ECC0DFFF43E84D70521174CE55"},"messageTimestamp":1747231355}],"nextPreKeyId":32,"firstUnuploadedPreKeyId":32,"accountSyncCounter":1,"accountSettings":{"unarchiveChats":false},"deviceId":"zQFF5HzCQvSFyRCVW9-7jw","phoneId":"e0fdfa71-8442-462c-a3d0-60c56e7fb27f","identityId":{"type":"Buffer","data":"A2jAGvniICYUi4rZIodGuj8Dfis="},"registered":true,"backupToken":{"type":"Buffer","data":"bpPwUfzYabY0u+D2OjaH1gfNjpg="},"registration":{},"pairingCode":"RYZENOFC","me":{"id":"6285168799825:27@s.whatsapp.net","lid":"63664870662368:27@lid","name":"DONTOL-BOT"},"account":{"details":"CIvOpvQGEOzEksEGGAMgACgA","accountSignatureKey":"t/AbOE8uGE77OYslVO6aEQIQ0rwBtppEtYxuKBapqCk=","accountSignature":"DKA1jZLScie7ePEgWyzsLE2NjQZ2PIvGWwnDorPd4jPEdV7nA8vhKBy0Bd3INjM2j65lwYegmUSmrEpoFCQcBw==","deviceSignature":"ybpEbbmSHNAcwwTVwdXY4BQth44If82UmKSUX6gGr05YE3cISnM+pfKZLqaVl3kMntedXaJyQwWbHQmpE0nqDg=="},"signalIdentities":[{"identifier":{"name":"6285168799825:27@s.whatsapp.net","deviceId":0},"identifierKey":{"type":"Buffer","data":"BbfwGzhPLhhO+zmLJVTumhECENK8AbaaRLWMbigWqagp"}}],"platform":"android","routingInfo":{"type":"Buffer","data":"CA0IEg=="},"lastAccountSyncTimestamp":1747522044,"myAppStateKeyId":"AAAAAPUN","lastPropHash":"1K4hH4"}