[{"senderKeyId":1633931932,"senderChainKey":{"iteration":315,"seed":"uTLHaAlkNTONGu+tqulUjB32hf9z1Ob/kZRnusAR/UA="},"senderSigningKey":{"public":"BXopCD1Uu2adUr4oPAQsuPCrAJPRe/zy22QIYi8ngigE"},"senderMessageKeys":[{"iteration":1,"seed":"SybRQRHgGscyKqm+YqTEw8Ir4i9uSUIknSo+Yu5ylmo="},{"iteration":3,"seed":"UDH9zNZQ2Q0D0gmZxyenot9xl/iu/8N5A6UETNimfAc="},{"iteration":5,"seed":"/6CtNw09AVjvBaZnJ4Jx4nTElsBsUHb4swqqhiq6O9w="},{"iteration":7,"seed":"SU6yT3v0sqRCTwQ7YYaglTZ0SXP1n3J/dKO5yKQSz/4="},{"iteration":9,"seed":"4j3gU+xu+ptUDgV4ySZ/BFjxQJUswZn5Un29FeIjJgo="},{"iteration":11,"seed":"abj9rUw/cAt0iIAuwgEaBzeu31jYpsd4OmVE0zBTOlQ="},{"iteration":13,"seed":"Iz8FV7aNk8nBljKRfG9tHdPpF3JhGt0lG8znsj99C2w="},{"iteration":15,"seed":"Plv8JVph6F4ZzJTb4gnzGDOUauSLXS81ZQbUXeJ+ZDA="},{"iteration":17,"seed":"WFSZ7FmioW6S4S0e4FDyp98pKs10P0KnUt0nRokEATE="},{"iteration":19,"seed":"aKe2EejeEe3USAgtfY3GrAAp9k6LuBCI70Hu1yMBIpg="},{"iteration":21,"seed":"O4w1x3P3jCw5+zvKqbvH5BBNWmU2jd1xxELRl4xp5LY="},{"iteration":23,"seed":"vxxbkWcFVvNI8lUjXYLlVsM8nDqW0eDJXzYLPJcn/14="},{"iteration":25,"seed":"jlznXjM6ZpNl/4BVmKEfV24UZZ2+uafmS6OhPtZEe+E="},{"iteration":27,"seed":"ljVZsL3azqhUKUAt6Pcv5Y1gfCyhB1s9Hyi0yyBV0U0="},{"iteration":29,"seed":"/QHicgcDlaNvOPocp5+/Xtdoc3dgoiDuL77W7t/81F0="},{"iteration":31,"seed":"eesXqAd5EmDLW5VsjWW68VS7lu4Din5k2rNsH6HZOHQ="},{"iteration":33,"seed":"3ZdLZ/0l+LR1d9nwW7Ft7X6tY3+G9/j7fTUlsJTVN2g="},{"iteration":35,"seed":"HsHOPrYQBHZShWATfj7kXsnK9uhw658E/YLHw0T0BGk="},{"iteration":37,"seed":"nZkL1WZFtQX/e73FscJO4pG27DE2ekXNu1f+G1l97ks="},{"iteration":39,"seed":"T6Oi0428fpUsDQKZFfHVfv/SRF16SD6glqv33LsI/wg="},{"iteration":41,"seed":"EhMkINmbT1u7LXFvNVgGP50xvQfBUHvwwXoss5N0+uk="},{"iteration":43,"seed":"kK1HoTFX5rc4SeJ/CcQdJi845HGbaHf0HAdlK9Ah7uE="},{"iteration":45,"seed":"mBujVE8Iac/X5kmgipbRPtTKel9EbloZp6aQd8ZdsBE="},{"iteration":47,"seed":"7iRoZNcLD8hdLmAKMvB5d5frrjFRcpsz0qujSO3Crug="},{"iteration":49,"seed":"4SqC37rD0JHUzZJJqGyvq8QZLWlkfRR4iqHWS4u/7JU="},{"iteration":51,"seed":"YHHlFmlwff4NHIZTx2Td6bEMulNKfaeyazXVxWg5pbk="},{"iteration":53,"seed":"LXSQlBYS43waBVecImACuWZLlauOIIFY8YfF3ux9GAs="},{"iteration":55,"seed":"pEnBpITJv0jcSBfB8zyaTLD9gC1UixFGwKwUgqtcPEE="},{"iteration":57,"seed":"Hx3ESJXJoXYgGVhgUKcau7HDsH6asuF/vX2llvGJBK4="},{"iteration":59,"seed":"xpC4DhZGNoXAh9QvL5TUpeHG2Q8olW8NXWMgWmAuDU4="},{"iteration":61,"seed":"UO7UA9hrMZNXYPiemvsn2MfQCQNtDRDfBotm2NaHRoA="},{"iteration":63,"seed":"gDOdtzscfKYIvCeU02epikwF/PNZ8vCwu4DhNdEkPCw="},{"iteration":65,"seed":"7m1R7nIgd9nFjStKXWl5LRz7q3tn+daorTMCsgTUjAM="},{"iteration":67,"seed":"5NiFE9ESQGA7DOpgou+EjelSmmXRFp3Y8Hnf9kXGV0o="},{"iteration":69,"seed":"36cYQ0snOoN4BCVAB8hHZUvVJ+IfYrHf2Sa+H1EjP/s="},{"iteration":71,"seed":"obYu780+BoUZhuJ+zf/8q7lCtiy7cMxUoyOaoUo9QQs="},{"iteration":73,"seed":"4iRAxElq71awwmttMFsQzIZ+HppLJN0OfVY6kNcid8Q="},{"iteration":75,"seed":"Czc0y9tmum6/t7+yifAShT4+lto0wEAMxxShIQf1GuI="},{"iteration":77,"seed":"MCDynk6rEAzv0UuibWPOnvuG4PC2D1eFQhYwyob6k+Y="},{"iteration":79,"seed":"ZBT0SATG7RXAALBYkp5JOKt4EdqQ61hj9cTPjV/YMas="},{"iteration":81,"seed":"CeYuv8DURpnFH6Af+CQ22871Lye/jk1b8RPy0v9MW38="},{"iteration":83,"seed":"lbttuEMMhNZypJegxzGU/UtwX+2u1E23ni2KX4HCVOw="},{"iteration":85,"seed":"fWkLKZjOdzLZSmx9nLtq1HEyrV54uchmu7o71qZ9U78="},{"iteration":87,"seed":"uba15YeKQK3uh4bZrJbTLB3hNJ2TiQYaPbmCZ/bD45k="},{"iteration":89,"seed":"NHgknyf4DfzAXlp7PUYiCw1U+F0iULWzhTHTI6vS5Gg="},{"iteration":91,"seed":"Eu1vUc0z6oyzCDEyzChvxrRdVbgroKl1LQsCZgwUaro="},{"iteration":93,"seed":"l6tZe4TusLhuArysHzQR+PnR9l/EuOrIjDm4k+drPq0="},{"iteration":95,"seed":"obu5XcoBN3Ch13MSrGwOxNqC36kH5ssbfITFsLlYuN0="},{"iteration":97,"seed":"GOCFbgziZqfiKwsrILkZNtTSmK3AI+TR+z/8a5nRALU="},{"iteration":99,"seed":"jG32pu1feJbwYMlzEB7lPvhsnVmXVAf8Hv+UuGenKkc="},{"iteration":101,"seed":"ZOQIsLqKUabmFwY6jHZKZlHUq+bS8ry4q/6OFzZrmd8="},{"iteration":103,"seed":"EDbcZaZmpaIu+xoZQn2pCjxZULm43g/qEcPYMO183uU="},{"iteration":105,"seed":"LNgp7J3JZZdH1luHeO4Q6oXgmQR2SpkMah8LNqexPyM="},{"iteration":107,"seed":"YOfuQotg23tu77VfKi2FNd1B2VMXKkAUEw36MlHvdZ0="},{"iteration":109,"seed":"I3b3thnT22AjFxFdGPTb8r4nujSRSBrVmTBUZJktqIQ="},{"iteration":111,"seed":"f+X4wM5t2Mr9QVg2nNfg/arENT++Sffm9qX9GdVIz/0="},{"iteration":113,"seed":"f1VeTV5BW4invKnzFKbF/O06wnkUQA/+ccfrzZfcr3Y="},{"iteration":115,"seed":"Q1BLjA/wVpzeJSARqBmlpg32EWCBrDiffm0ECFnoDXg="},{"iteration":117,"seed":"/AQC6lZ0QDoeBIpgKbVSQ9gP/5GpalBdsdxsG1/MHR0="},{"iteration":119,"seed":"ndskPlkGwBHUDsrWbfPTJR325AmDzeZpCByBGNFoLqk="},{"iteration":121,"seed":"dZFGtUzxveu12GRsMvxIawAWnZ2jUXH1Rzb/KnMGFu8="},{"iteration":123,"seed":"oc11nZyvJ3bJlxU/CWq0/UDCuqOepqkQhZ6fG3G6Yrg="},{"iteration":125,"seed":"ghKZplrbHjlSYrVf8hRDVOq/X0CY0JxMSm5M2/p2F3E="},{"iteration":127,"seed":"KocD/Z2R8SBShpvOI7ra5cBDpy9G9DAWQ1KHDy3fOmM="},{"iteration":129,"seed":"WQXGvXgUveU5Q4qp64Byfwd/fEB1gppAenhrkHhQup8="},{"iteration":131,"seed":"EpP8ziuVdkk75WFHWCR1HoH/0Q0MetGc2f6P28ebghA="},{"iteration":133,"seed":"iCymVtOf0IlskgC5E836ouN1b1W+6fr5WzB20KrXRUM="},{"iteration":135,"seed":"TviH1ZgoS+K9jXrgUMSSdP9xsekbL9oumDC2x3FOKHw="},{"iteration":137,"seed":"OCX5xsC0mT+cEZzLassRlTffkO2XXgtTkOsQc8nZedA="},{"iteration":139,"seed":"0zPpF1WdYUVP8xHgYlCPeNLoICr8FhJbnh3gg4Mrj4Y="},{"iteration":141,"seed":"zb9hpmUTAA+mXIBOhhpL5WK6pM2Eh9f/a0kyFVmiBO8="},{"iteration":143,"seed":"ALSEmL7bS3uOC8GKjsVRZnJPSsCttO5K+bCi268XLsU="},{"iteration":145,"seed":"imp8+PKA049Lj3/o+uAv1THyR3dP5eWrKPyv6kmTr5Y="},{"iteration":147,"seed":"5SNFBh0I2xrKoWQGD1Yy37RhFQNuGAWYXVB8vjtjVhM="},{"iteration":149,"seed":"dM8QuDQgFK7hAJ5iMgpxAHm09sJG9jWsddGLvN/o0vc="},{"iteration":151,"seed":"skGHkN/Phuh5AIZGNWCOYWbQE5C25w9QkyZ/n/cD1+Y="},{"iteration":153,"seed":"fIdAmBKdjeQA5nrXHGLRcYMD/e9P3Ifg1xzbSARX7B0="},{"iteration":155,"seed":"SMMF3HlRoQA8GUBiZgedcvl8HzuivhEBOgtdsnto8gg="},{"iteration":157,"seed":"OulPYCwKPoA1+fAgDhJPaofD+oeVunhmryFCnEM6114="},{"iteration":159,"seed":"QR/qDSh0co7roh/Dd3ryHfzxrVZV2YqETMwL0QIqet4="},{"iteration":161,"seed":"AVZajJiHwCZCVKSSbxpjOkxS5iLRE/p/qUFkR9F1uic="},{"iteration":163,"seed":"zPoHHOCTU9zZa2rNqxjZs7ippozH54iintXGhEs9Vv4="},{"iteration":165,"seed":"R3a4cNXnDNSoUzFhFqNXZtSFBC9LyFLD/4TkasuIfn4="},{"iteration":167,"seed":"S1seAYv7eV9HEPJLDLUBmyQ7W8C1jgY1gPx4jeLeWM0="},{"iteration":169,"seed":"D206lnyLIOOu4Fry45IMm3+6eBaaS2dOk1oVPpBZE9g="},{"iteration":171,"seed":"P0lzJ30a16Js2RKbvsFhH8/sCg0u3HMQtvDb+YhwJqQ="},{"iteration":173,"seed":"D749ePO2kdnypGlvEicPQb/1PKuzRSXNcKaasAWJIWE="},{"iteration":175,"seed":"S6/nC8GzM99RmIq2PWyoQ/wzpaIyO4a4EAtyFlg0q8M="},{"iteration":177,"seed":"8Tc50OZsrbQvWhsqkv6IOPgLLtxksO1n2lrwrFPWCwU="},{"iteration":179,"seed":"OpBi5cz6nkRc8uc/4FX0pf0e8pM4vGQuEXlDegc/25Y="},{"iteration":181,"seed":"Hbo/FJb93ZU5RGnb3LB4ARJfD5/SOyiFSyVqovW/Blo="},{"iteration":183,"seed":"Pb1ut/0xnZpAYpO86JhSlAJNj408ZZH9KL/hy1lUYE4="},{"iteration":185,"seed":"FZyj0tnzolgp5WoPQsqJQmygGG8T2o4IeMnWguy4pj8="},{"iteration":187,"seed":"FAdro1cGQYSE9xoMk8iqXbo5B3nq3FDF3LADjDEFQ6M="},{"iteration":189,"seed":"g9myLNxaQJ3lCsouQRkVdfksu1A0+ma711NK0hJhGlw="},{"iteration":191,"seed":"PXqRt9iSAMWimiGVmf7YWKRNfNckwjfwxpN+IDYyNeU="},{"iteration":193,"seed":"C37zOhXHiV7KKkwyIge3owEbyrFaEohbODfjRwZEgsM="},{"iteration":195,"seed":"/hsUZTDGj//9/bRrMzqdoip2sBn2jl6B5Z8r5DsOae4="},{"iteration":197,"seed":"qxdhHvglirZTU0ykldK7Pp+lsecNrW5y4NlB++qP3eY="},{"iteration":199,"seed":"oDU0g3Q4QmH5rF2oJmRtDBv1uCBKS4zv4x3LWWh2jfQ="},{"iteration":201,"seed":"304JsFRiK+3D4ixSZf4oVv+TP2f/XLBbveIb63aLxcg="},{"iteration":203,"seed":"Ximcie0dgYeq74mzGpyNms/U5Py2js2aYDujPYyuucE="},{"iteration":205,"seed":"nHmwoYY5B2aNKuOb83hVxk4T9AW5m9gepIxG/GtCIDg="},{"iteration":207,"seed":"tLLAQ05eGPqHsFe2dDh9iNI+4hUEC8SWr97HLnACLOM="},{"iteration":209,"seed":"PoL9Pc7VQJKuNZMck75kya4EO+5yhBdLntvUNGdV3+I="},{"iteration":211,"seed":"wCQFCJ3ClXAk/YEWB49SgBOYNcUX1hWPDncqSYCPbDc="},{"iteration":213,"seed":"m+roGrGZzAZOmFcOQx2T3lmwTtTBKr+sz2Dj/3Pq028="},{"iteration":215,"seed":"eLw97gx99+Prr63n2iUu4E1elhSlt/CIP/GIDQIfpk4="},{"iteration":217,"seed":"fKrNRCHZcvHjpDuZjU7RTbS9wrbNL13f6UzNzNTLJCM="},{"iteration":219,"seed":"mhQJS42oZTpVsEE2OiB5xik/GoaUkLAraGDADbAum9U="},{"iteration":221,"seed":"io6CMXW6vD0vpL5oB9pLqT9Jw4YShYEzVleEyLlMGZc="},{"iteration":223,"seed":"fj+RojcBfPgEgsdgvjD094so4bZe8lhPrsc8M616xaI="},{"iteration":225,"seed":"qaI//0vhXbSklsj22cVWY8VglEuD4xHfOZfBDNPQCpI="},{"iteration":227,"seed":"IkZLzq2oWvQH9dw8M8Ew7JMsMYuMma6eKEkx5F72cB8="},{"iteration":229,"seed":"WcCYi4VciHulu+HeGT3/U2D8wrw0xNgz9BY5WPHTAU8="},{"iteration":231,"seed":"Ty/nUrZ3rLt0auMqaL3UtEXp0OtOGKbF+1Wnc7h940U="},{"iteration":233,"seed":"XNZ1qIkHIJf2dWyQW6KC0MlnnnzxtWAkXmoK8B1ei0Y="},{"iteration":235,"seed":"AkVe42rgDjmWN5zyeYV+hXAC2HypqdukSeS/Ls6WFL0="},{"iteration":237,"seed":"0yQSjLJML2Pa96gqj93NQNwoBu0fy9SGndivaSsNvTY="},{"iteration":239,"seed":"J6FvMRZnxrHpKf1SRc3pr1oef9Jnl6iSQpXbwVNr7Uo="},{"iteration":241,"seed":"fHIlNwG31w/lZ+IW5Qo2qu1qENsAatmtccR/8kG87io="},{"iteration":243,"seed":"4YKLvsPmtLAlRL48rmwFZfRyhjOG7h64s8++CxdTXA4="},{"iteration":245,"seed":"whGkvhlpbNWZwBqhz8E4cM9XkXaBXW9MHGJu0N1C65E="},{"iteration":247,"seed":"DO3Dv8V4rMECrioXHykQ8KuI0hKO+bCrLP95F8qyuzo="},{"iteration":249,"seed":"UkIU94jchAI7SvbSdfJLtUn4/JZ+dTedHu4lggVCcqs="},{"iteration":251,"seed":"766FNuzULMJrD55hMcKrF9HyjOZp4+mgsIjvQ1qykVg="},{"iteration":253,"seed":"gGaO4ZLTg/dmnXxKUrKL/bLk6D1XZZDUZPB/1/12bDc="},{"iteration":255,"seed":"0j8UtkC31/7/RNPcwHl+3qywUW6Oy8zZZOqS45uXu6M="},{"iteration":257,"seed":"23z65Td03CKC/3MNOSW7stPWiqdQV4sBJXSE5SZEZIg="},{"iteration":259,"seed":"bMlXJUxylvEAvzXL3ZMRZfH6eiZir2mB0Ew1alml2SY="},{"iteration":261,"seed":"x17cRqvbHanf5aPRk2zJCNygRBZ9qk6zJ/VaHWLLxSY="},{"iteration":263,"seed":"tSGUShVujokcSAlsm6QKAetkY6qbACQMqIAFDsCFY1Y="},{"iteration":265,"seed":"KD0GwwWS9RV0TePowQJlhSY6TzveUQFOiUEOhfz1dsg="},{"iteration":267,"seed":"Op7aX2gyvcKetiptcYRuIIK6qdJDY6QLm2t68bdSSWU="},{"iteration":269,"seed":"e0iyx8i7xPfbPwSxJYY2BMDkZQkQzuAK5z+6jPxAX2o="},{"iteration":271,"seed":"yGHOz3GcNZFVJuSEAkVW9IinGsSokc99qZ85SZW8VTM="},{"iteration":273,"seed":"+9hlQYVx3I7JiM35Jx4pVBxVMH5PfWFWZGDWqoios5U="},{"iteration":275,"seed":"f72y3lqSh9U3dba8NQZF15eKy2BFLCzQPEh2u4VzZ6M="},{"iteration":277,"seed":"T/UqnnyuYs5GdGJVYkq28uxH7mYnGCQ/jvQnk4ugJb4="},{"iteration":279,"seed":"G4tS5yBoveFRAx+W7VOdk6RzmjMuE5XpGDkYpc1RH64="},{"iteration":281,"seed":"R+T/eyL9H7wZwC169R6NOr41H+qe7OxDl8iAIw1WI7A="},{"iteration":283,"seed":"KYT+brDhv3D6ukpMa2tR4o4W64VhKdz0wmG7d8e/kOo="},{"iteration":285,"seed":"uW4QdCWJPmyHACdl3EGSEyoYDdM7xDXhbCVmIFIv2M0="},{"iteration":287,"seed":"UsmljmwN9hMpCJNxQFWQQDrlgldXAD+JRJAiRZf/7wI="},{"iteration":289,"seed":"iZv3EfYr9IwbUBCS73vAkbXvQTslcXVAjTb+MQe5UVs="},{"iteration":291,"seed":"qFek3yZUzuMAiysaPOlyYjA9oaZ9+ZwzXUt475DP8is="},{"iteration":293,"seed":"MtWY/kooeT8Hn6AiBG0UEXUmIl7AIEP0fxULf5svrds="},{"iteration":295,"seed":"OTFy1S6Nfqb4RIGMIr6mJTJRcJW7iuHYEe4TLGp+KnM="},{"iteration":297,"seed":"VzN9rwlUIrXRzz1Mncm3tC/0W3JmYQnP36FETXdah6I="},{"iteration":299,"seed":"R4sD+ZzXuYZdy+bQRDPv35ME8kbboB3RogEFksDf0NI="},{"iteration":301,"seed":"bDzB6tS3q174CUXVti32mjOyatRdXvR5/NAbtueUvtk="},{"iteration":303,"seed":"EsRjPgKgzXw7KL1iBeH5DfC9kinBlC5sS4iCLhDu698="},{"iteration":305,"seed":"OK7TEOqpLVofDrnB3S2zN4lfrH4lIWKk05YDXT++2E0="},{"iteration":307,"seed":"e3i96HrJ2hbcT/icNNqZ/W+OpebaBNsUDeHxcrqZS90="},{"iteration":309,"seed":"Q2hAiEesRNUHlxNgzYspIxUi7Fm521XCB6jDEaoViOo="},{"iteration":311,"seed":"Y6ltWXBctJycn9pWJM7qn+MPlmHY+Cby5k+59a2TJyQ="},{"iteration":313,"seed":"YpCkxITWSLgl1P7oRlBUdfmYCvLoFHrT6okMdLDBEGA="}]},{"senderKeyId":1633931932,"senderChainKey":{"iteration":1,"seed":"LrO4kdqmSDeJXrYAYI3fRSNN8OpwShhLvOMozLYrCMg="},"senderSigningKey":{"public":"BXopCD1Uu2adUr4oPAQsuPCrAJPRe/zy22QIYi8ngigE"}}]