[{"senderKeyId":619564649,"senderChainKey":{"iteration":6,"seed":"p9vxFls3MWQGiHpUawh9tdBeevBNYizWfZ+J7UhTt54="},"senderSigningKey":{"public":"BRSTVWVREhm0+6n/3AO3tX/Cx7PhlWCfK/H92Qh79uJW"},"senderMessageKeys":[]},{"senderKeyId":79027578,"senderChainKey":{"iteration":12,"seed":"8S+vNn3iJSlmA5xoTmK2NJSMYU1aXEL6JhXzbkejMeA="},"senderSigningKey":{"public":"BZglp6rqNGxs/fFmogjLxQ7r9722sUoVst9z1Wx4KNpP"},"senderMessageKeys":[]},{"senderKeyId":1525697638,"senderChainKey":{"iteration":1,"seed":"0hVGgVEjLcodnB39AMG1/lMw7tH/nNYLBMhcclO0G1o="},"senderSigningKey":{"public":"BZdLgs4GDlRK+w42z0XT1X/MPiCNGhh7b75DOoG5oAha"},"senderMessageKeys":[]},{"senderKeyId":575732271,"senderChainKey":{"iteration":1,"seed":"LgwSfZMlsAcrPN3PuPdOau/sJ4pieSSH9TCRafTiGFQ="},"senderSigningKey":{"public":"BQAI18zucGvTLoMmnVqy0KctVktin2lIQumuQLCuWjJX"}},{"senderKeyId":608311536,"senderChainKey":{"iteration":5,"seed":"Kbrj0fztCCQ0yTIvuXiXs9qtxbL6LA7Ec9kJ7BRbJMY="},"senderSigningKey":{"public":"BWYxu0iH8HA8l+qDq8HYMkka9PtKFbTlY4qoxyhlguVM"}}]