[{"senderKeyId":406311954,"senderChainKey":{"iteration":3,"seed":"tANmcUDMJiXbJ8565/NnJJalgZSyo7LnAKneOke+koQ="},"senderSigningKey":{"public":"BbL1EgQo57jFMV//uOlDAh2XU/JjZ8Da8rOkIn/CCKdB"},"senderMessageKeys":[]},{"senderKeyId":917067412,"senderChainKey":{"iteration":11,"seed":"3yCvA2Mq+v7j50kMBSqe+hzDJRlBjvEQf72acsCPocg="},"senderSigningKey":{"public":"Be+HtuNYux/AarzIMC1fRjL75R37rFWFNwWCgYGbFBF3"},"senderMessageKeys":[]},{"senderKeyId":917067412,"senderChainKey":{"iteration":2,"seed":"5ijR1spE8VGK/GdnWQRzho/Dqils+0bR7Jy+3tr4p10="},"senderSigningKey":{"public":"Be+HtuNYux/AarzIMC1fRjL75R37rFWFNwWCgYGbFBF3"},"senderMessageKeys":[]},{"senderKeyId":377765155,"senderChainKey":{"iteration":7,"seed":"sXHf7nAtU6TUDftFHZfJ3NJnMGfw9TbS1Gew4dvgogA="},"senderSigningKey":{"public":"BdZH2/vOe5a8T/Zn5eyjbo58LDTXvX2XaAQTqh6XNQYQ"},"senderMessageKeys":[]},{"senderKeyId":377765155,"senderChainKey":{"iteration":2,"seed":"wLfYBHnaOM/djAjB9+xntI/G+i9SwX8moVjIEx02K84="},"senderSigningKey":{"public":"BdZH2/vOe5a8T/Zn5eyjbo58LDTXvX2XaAQTqh6XNQYQ"}}]