[{"senderKeyId":995979660,"senderChainKey":{"iteration":135,"seed":"5WxYlwFg+Cwfp3OhGhS01iteKHGfwmZlxb2izeloK0k="},"senderSigningKey":{"public":"BX3I6+L2C8YUBX4c4T2knXJ5CRBM9bo02tc5u51DvcJ7"},"senderMessageKeys":[{},{},{},{},{},{},{},{},{},{},{},{},{},{},{},{},{},{},{},{},{},{},{},{},{},{},{},{},{},{},{},{},{},{},{},{},{},{},{},{},{},{},{},{},{},{},{},{},{},{},{},{},{},{},{},{},{},{},{},{},{},{},{},{},{},{},{},{},{},{},{},{},{},{},{},{},{},{}]},{"senderKeyId":995979660,"senderChainKey":{"iteration":101,"seed":"4ZuJ768pkUNE8cPfOyMKIIBKgJoi6e/+YXjFpjf2zgc="},"senderSigningKey":{"public":"BX3I6+L2C8YUBX4c4T2knXJ5CRBM9bo02tc5u51DvcJ7"},"senderMessageKeys":[]},{"senderKeyId":995979660,"senderChainKey":{"iteration":105,"seed":"fDB2bwYl9rkxCOSPhm5B3kkY4z5wqx2s8UUrR9SMTJU="},"senderSigningKey":{"public":"BX3I6+L2C8YUBX4c4T2knXJ5CRBM9bo02tc5u51DvcJ7"},"senderMessageKeys":[]},{"senderKeyId":995979660,"senderChainKey":{"iteration":113,"seed":"8qqscDC9Hsfg8/jTi2wUaIyad6mnkgjYyScBCIAEwu4="},"senderSigningKey":{"public":"BX3I6+L2C8YUBX4c4T2knXJ5CRBM9bo02tc5u51DvcJ7"},"senderMessageKeys":[]},{"senderKeyId":995979660,"senderChainKey":{"iteration":115,"seed":"50EJciFHeg8955KW5sn0GGqMA/2+eBiB08DFapP7k7U="},"senderSigningKey":{"public":"BX3I6+L2C8YUBX4c4T2knXJ5CRBM9bo02tc5u51DvcJ7"},"senderMessageKeys":[]}]