[{"senderKeyId":1086320730,"senderChainKey":{"iteration":9,"seed":"Lc9cD2Lb9IPZcf26w3W/YgC7IaJZpXuGNFjbdfacO08="},"senderSigningKey":{"public":"BT/iwhvAaSh2ACTYKsGgvZa6Py5ZIXVuYH6Cwvx9d1oB"},"senderMessageKeys":[]},{"senderKeyId":149531435,"senderChainKey":{"iteration":3,"seed":"/4uGgEVUd86CuKaQ68P1m2jQSCL3T+VcIL6pdqpkR40="},"senderSigningKey":{"public":"BbvAW5AlHhQBroFADTROmw2WZFFW34MFvs+5lbs6i2wQ"},"senderMessageKeys":[]},{"senderKeyId":1204006821,"senderChainKey":{"iteration":1,"seed":"Yv4q1TWQdDmESyBTjx0hsRYQND7c1wuOlhIWga5s/Zs="},"senderSigningKey":{"public":"BXk4N2twZ9ABtq5nNkaDyKMVTthth5r5sNDXzMJyL4ta"},"senderMessageKeys":[]},{"senderKeyId":581415738,"senderChainKey":{"iteration":15,"seed":"jZGCKwltEe3ebA8KU3XyDWuxZUd7yZOiK86vjFAE5zI="},"senderSigningKey":{"public":"BRhcNGWzt0Jp59viTYTncxPvJf/VAs7MGHMmlp6MJQ5Q"}},{"senderKeyId":581415738,"senderChainKey":{"iteration":10,"seed":"InlfzynJGVCrhAKPOyMtZ4ZkQyBIWp+bR4UGahYH03I="},"senderSigningKey":{"public":"BRhcNGWzt0Jp59viTYTncxPvJf/VAs7MGHMmlp6MJQ5Q"}}]