[{"senderKeyId":1600374237,"senderChainKey":{"iteration":17,"seed":"E0q2WYJ/8ULiyBhQwiUm52kYoaXd4cDHB/k39LHRhrs="},"senderSigningKey":{"public":"BUyEpr6pT+vca2qbR1j3S98m2iVWcKwXAHzwFCqJt3Ey"},"senderMessageKeys":[{"iteration":1,"seed":"+QGpVb711lxWqDtwQc5BcxqoVeVZwUY4pZNIcUd6bfY="},{"iteration":3,"seed":"x8y3ITMlwBlVdSJs166MuOhjvsuSNisCj4dwEi0r1kg="},{"iteration":5,"seed":"Lk/JBmnrgiDnzF3RSoJmW5gtJ+INDgKGXjQGoBh90zM="},{"iteration":7,"seed":"39C2MusPC4H/hyM+FBRDEKSnVGLyChUUG+e4xTRiKNE="},{"iteration":9,"seed":"oCVXlQyZpurywgo4IQhXxE9K1ZlIKWzTidafqlQzljA="},{"iteration":11,"seed":"vKTxJe+YXhi3g0+dV73l6kjijnjPpca4e1WMgFHjFrY="},{"iteration":13,"seed":"+6pY0+VdZXb1Sv2oDCXamtzKMlRyFCQK4cn+ZZzr2CM="},{"iteration":15,"seed":"Y77dy8BuslRFU7/HsXGgJxDjFC+IZsbjo78svVzknj4="}]}]