[{"senderKeyId":1785733785,"senderChainKey":{"iteration":41,"seed":"7cz76FaildHWAH03dzPHN1fbnpoiaY/0rCcouOXutKs="},"senderSigningKey":{"public":"BTxqhUbrjpkLCIE0MpzwUJAWdEfLduEJvP9dW5b32+gm"},"senderMessageKeys":[{"iteration":31,"seed":"qNdtm1L6hNCCdy6iKgWNqs+pUL7goBNPyt7i6LDzC/w="},{"iteration":32,"seed":"CGmFcRCelWRKNB8ixlV3DtZ1zEbnkGQQVbCOHPL7o8w="},{"iteration":33,"seed":"WCpT0syvtBknYJqOYeqvtUVWQe/WeivFcVn5yZiQoJ4="},{"iteration":34,"seed":"/bXjTCCCDd2EgOx4n/UQMcHaN+5HSXtCjF/Og0wi+6Y="},{"iteration":35,"seed":"PPYDMWQvOfXjMAhXE8SUiWZVgCMZCoYaybIwGlqE4S8="},{"iteration":36,"seed":"VL1SGAzqafOso6DUT1K02PAMpDISNiHYRL0G9sftPB8="},{"iteration":37,"seed":"q2JIU3drrupk21kXPPY626Rynj6vIKPIQZKeGWlS/PU="},{"iteration":38,"seed":"t1cF9dH5ILTc5q/FrHZV4fSlmxRNRDOsfTBQkTbREFM="},{"iteration":39,"seed":"zTqWNI8gFErIh9FOm3yD2As4J5EJjVhPq9rZVJdA41w="}]},{"senderKeyId":1785733785,"senderChainKey":{"iteration":33,"seed":"7onSiPQxYl5w5TXMy3kNOS0zDrCrnIZlgbx/BNTXfG8="},"senderSigningKey":{"public":"BTxqhUbrjpkLCIE0MpzwUJAWdEfLduEJvP9dW5b32+gm"}},{"senderKeyId":1785733785,"senderChainKey":{"iteration":35,"seed":"LEdx1bqpxS0xZw5kwjNmHnxIxXc2f3uVuHvfT6AKEPg="},"senderSigningKey":{"public":"BTxqhUbrjpkLCIE0MpzwUJAWdEfLduEJvP9dW5b32+gm"}},{"senderKeyId":1785733785,"senderChainKey":{"iteration":37,"seed":"bDk4uJu/1g19zzocpI/I2KSm3Cqg4Av4fhlhK7QPTdc="},"senderSigningKey":{"public":"BTxqhUbrjpkLCIE0MpzwUJAWdEfLduEJvP9dW5b32+gm"}},{"senderKeyId":1785733785,"senderChainKey":{"iteration":39,"seed":"smXslPNPu9teBOQC6Ar3yml/j8uPnSInky76N9YMcvo="},"senderSigningKey":{"public":"BTxqhUbrjpkLCIE0MpzwUJAWdEfLduEJvP9dW5b32+gm"}}]