[{"senderKeyId":1952051967,"senderChainKey":{"iteration":59,"seed":"beyUIk9b6OlOtn+hkl/FhukgqtNQKJP6tb4OsI5TJ9Y="},"senderSigningKey":{"public":"BfH2qUFBsoQuyTyNBuQX6wTK1Wmhm87ijZOpeg3YozYr"},"senderMessageKeys":[{},{},{},{},{},{},{},{},{},{},{},{},{},{},{},{},{},{},{}]},{"senderKeyId":1952051967,"senderChainKey":{"iteration":43,"seed":"wMt1ZhbH/2sL5qNQPbiZH0/aTOPPJxwUpQMS7e7Dkjc="},"senderSigningKey":{"public":"BfH2qUFBsoQuyTyNBuQX6wTK1Wmhm87ijZOpeg3YozYr"},"senderMessageKeys":[]},{"senderKeyId":1952051967,"senderChainKey":{"iteration":47,"seed":"tfgtycXhf9EqRjch/Q2Es5JpIbt7XEdhI2BGrZi7fLg="},"senderSigningKey":{"public":"BfH2qUFBsoQuyTyNBuQX6wTK1Wmhm87ijZOpeg3YozYr"},"senderMessageKeys":[]},{"senderKeyId":1952051967,"senderChainKey":{"iteration":53,"seed":"EZsJQIGVZKxOSTIlrXjX6bVDTFfwbuFh2OLXKK6EXp0="},"senderSigningKey":{"public":"BfH2qUFBsoQuyTyNBuQX6wTK1Wmhm87ijZOpeg3YozYr"}},{"senderKeyId":1952051967,"senderChainKey":{"iteration":57,"seed":"IGYOlObT9VZw9GhMOAyWNFY/IBm8AW9CN+gCoo4k0dM="},"senderSigningKey":{"public":"BfH2qUFBsoQuyTyNBuQX6wTK1Wmhm87ijZOpeg3YozYr"}}]