[{"senderKeyId":1375372167,"senderChainKey":{"iteration":3,"seed":"DGfqmrrT70gsMKZ6sq8TZYO+3NMaFn7t3IHVzOOa61w="},"senderSigningKey":{"public":"BQ/kD4IZfwqKB98IN3lFNRXTSi+SBkwRLbU+y/Wrzyg/"},"senderMessageKeys":[]},{"senderKeyId":1118877138,"senderChainKey":{"iteration":10,"seed":"9b5sg3cGMCuzyLW29salveuhtgS4pBBWjCY20sfvhiE="},"senderSigningKey":{"public":"BZvaqJgLmCXyDp9xmmCiS4AQzaiSeWjNeUWCs3cvdWAM"},"senderMessageKeys":[]},{"senderKeyId":1118877138,"senderChainKey":{"iteration":8,"seed":"t4O9Fe0tWmNUOVYExTPkv0e6coHw+NJ5f0NPGm4wBk0="},"senderSigningKey":{"public":"BZvaqJgLmCXyDp9xmmCiS4AQzaiSeWjNeUWCs3cvdWAM"},"senderMessageKeys":[]},{"senderKeyId":822965139,"senderChainKey":{"iteration":1,"seed":"XBqcaO1R2ziXffO3cKPEP/l5tdVlByg9IbzjF5w9ir8="},"senderSigningKey":{"public":"BRIWjLJPFd9xM4YKw5xiyfw0GtsVmIZfcD8HWxoFUMVX"},"senderMessageKeys":[]},{"senderKeyId":858415131,"senderChainKey":{"iteration":1,"seed":"vrUwilizRRJtd9xlglm0CWjKV5EfKYcqHZz1NJ4gEIs="},"senderSigningKey":{"public":"Betr/B86QzYylF3A6TokjHeCkCE8zFxJ1pC3C3mDvVFJ"}}]