[{"senderKeyId":780203131,"senderChainKey":{"iteration":1,"seed":"NzsaOAKFGbcdgcdC4MrJLpJdGoJ3MbTmFIqCDSjvKhM="},"senderSigningKey":{"public":"BQ7PXAYjGG9RfiO2qbR1bVQP9QE2npbROXiwmel839sB"},"senderMessageKeys":[]},{"senderKeyId":1441210222,"senderChainKey":{"iteration":6,"seed":"V5QyOIO7uDBzeswLi0uO1U1ctPfMpS62g/Ku9PoiJxg="},"senderSigningKey":{"public":"BVjWv95jBixJ8KJmAmjcrAGqhtkcZ4j8uz0k0OC8tWEE"},"senderMessageKeys":[]},{"senderKeyId":1441210222,"senderChainKey":{"iteration":5,"seed":"5oteV98Eh7c4KWxLGtm5o1KcRaqkOOSPlzRdcEwumcc="},"senderSigningKey":{"public":"BVjWv95jBixJ8KJmAmjcrAGqhtkcZ4j8uz0k0OC8tWEE"},"senderMessageKeys":[]},{"senderKeyId":1146950463,"senderChainKey":{"iteration":5,"seed":"CE/LJwE+gtNVaNmZz8G20DoZioeCYB2vo2a/cYQlzwI="},"senderSigningKey":{"public":"BTVXnCZiOagZi2TRKh+Qo2q5mT7mg/fhaT0cKut4//kj"},"senderMessageKeys":[]},{"senderKeyId":2120870905,"senderChainKey":{"iteration":3,"seed":"zNI7wj3mz5KmUKaLThS9YuUy45n2veFzBNT8mM/lkNA="},"senderSigningKey":{"public":"BaFeQnHwHFb//lcAs/SOCJ3uH5tY/FxsLbgRPIHzfToU"},"senderMessageKeys":[{"iteration":0,"seed":"yC1npGpGFecUcUFJL04aC4r4X+4m0evROtc8EvOq73o="}]}]