[{"senderKeyId":1061901849,"senderChainKey":{"iteration":2,"seed":"ftgYX3iDuNIjybQA1o2u759+zi809zMqrR8hZIqxJWI="},"senderSigningKey":{"public":"BZS+RN5D8yn6Av5+oIMNpvBlJUsA4riHmRG+R9Wo0a5v"},"senderMessageKeys":[]},{"senderKeyId":1776876585,"senderChainKey":{"iteration":6,"seed":"AwE5tLGv8s94WtL7DiddeQDVgLJ0NWfNcHRYvS7FnZc="},"senderSigningKey":{"public":"Beoo4q0Zkst7QQIF0Ga0xuZ0uRyKgGImNUai4BrQpY8U"},"senderMessageKeys":[]},{"senderKeyId":50608336,"senderChainKey":{"iteration":1,"seed":"RT8UCwmSj7lxAlioMCO3w8fV8AFOu7YcTi7d4SxbNG8="},"senderSigningKey":{"public":"BQvxSLMqtCWuCuUz2MLN6YQisau1tAZ2FPKExVze/oBb"}}]