[{"senderKeyId":1987251486,"senderChainKey":{"iteration":2,"seed":"BciIfotmeO9EBiGL5p+8BjT8cfo+le+hMbLPN9hIuVc="},"senderSigningKey":{"public":"BaJLggckz2hzbRu6yrOLN3E7tb27JFu/FznUgPPcZFRw"},"senderMessageKeys":[]},{"senderKeyId":81373086,"senderChainKey":{"iteration":1,"seed":"rcpjN6KBOjafXJVvJGAxr+8mfHDAxeYMCHekWT5V4FU="},"senderSigningKey":{"public":"BX7N7UChg0jx9xdOn+7mwk8ArnfS2/TtwJ7YjVWcH4oz"},"senderMessageKeys":[]},{"senderKeyId":1567258385,"senderChainKey":{"iteration":14,"seed":"+qbe6Y5iwlnt+JGsh3gsEyk4csRsxHQg/VYJxT3KSqk="},"senderSigningKey":{"public":"BRsZJg9x8EUIcvnUmBTZQQ+cHznthJNpzR9hmZELQ/VW"},"senderMessageKeys":[]},{"senderKeyId":712195179,"senderChainKey":{"iteration":1,"seed":"S8FT7hcAqg5hqr/4x74ZzNB4Yy0YFBpN623LdSrcnbA="},"senderSigningKey":{"public":"BUiieZIDjWVSUtAWF0szs2WTKAm71ZB9LLzCXWXWtQkv"},"senderMessageKeys":[]},{"senderKeyId":2020679201,"senderChainKey":{"iteration":1,"seed":"AefqLTXVVJPCcOUf+OrXN9J1/C/AHe16HwrnkzUJ2O0="},"senderSigningKey":{"public":"BXCIC5cIHcQE2L8ZWi81tZhY6t7Zj1sRaIJ0pT7C1ZVN"}}]