[{"senderKeyId":949732371,"senderChainKey":{"iteration":29,"seed":"EK5/1qvtPlaEmAPHj8L/qPURlODAxnJPnXnUI3CN/QU="},"senderSigningKey":{"public":"BarTZekSQp36LoWlv5f1RT/KecOIrp1DbnnP2gOZ+zo1"},"senderMessageKeys":[{"iteration":1,"seed":"UbWBw9ITp+UIHrDPXm0oV4/J/hgAtBV+whH6UWa36JI="},{"iteration":3,"seed":"iAS+fwxuZujSArvSg0Z4XUPiQNHy1MRwnUX2u6omheQ="},{"iteration":5,"seed":"86y2ndZsfnkh/0+qTs9IMniVUvdgM0IyLpa3bmZV8kY="},{"iteration":7,"seed":"3QrZCp/iW+bi3EGYo+y59JmOmwOUAAtwzUo9SEZKANI="},{"iteration":9,"seed":"j+BJ25Y1/nXVWUzdwIUSWAIWv5gxQQPGDdTNFJ9c8eQ="},{"iteration":11,"seed":"Lo0biVaEWPOsPrPYGtZ1Qcs8oem36+jD8C+Mmbezak8="},{"iteration":13,"seed":"Y2Efsr7VZVKyCn5K4A0dBk6YgT1SZ+57hqKnpzv50kY="},{"iteration":15,"seed":"Kaq3xOnTOXarwUDm18FCMgryHP+85TmTbJz7JVz8SSg="},{"iteration":17,"seed":"X7wb3z6od1oo3PL5Nc0fQEPdiS25H7CwyQqcAYf9cNE="},{"iteration":19,"seed":"1jEuEEXCDFQgv+HzKdwi6g6PC9tO6P+egwldPhgDSiQ="},{"iteration":21,"seed":"pZKYdsJYfJzPp1xeMnWgu08HRNRhIvENbQ3TvXpD86c="},{"iteration":23,"seed":"z0azicX5aaK5t4Fk8fWzJvFGIys7YkE11fWKR2s84zo="},{"iteration":25,"seed":"dzvB5dgCudkL2jiAPfvhlW7fS4c1dVdeOEquy5fiMnw="},{"iteration":27,"seed":"chSMeWx4b8U0ElXXHw9ld+D4k3FQKcWCm2yk3dNvRQ0="}]}]