[{"senderKeyId":395866163,"senderChainKey":{"iteration":1,"seed":"hkyFlNJNJACg+2KqlbyoeI3q92iyVJISHX9/c1prdMY="},"senderSigningKey":{"public":"BdSip4uD4gjhfHwGzy6QNVg5YBySQbKyxKa06t+MLRwa"},"senderMessageKeys":[]},{"senderKeyId":786735553,"senderChainKey":{"iteration":1,"seed":"+li2VTyqxyDpClh64qT0s+FbXhoFnmP8M7x4wDtPn/0="},"senderSigningKey":{"public":"Bftce/nVqiO7UA00KqkORmqM5OfYburaAAHnL2QWxQtU"},"senderMessageKeys":[]},{"senderKeyId":821857050,"senderChainKey":{"iteration":5,"seed":"DwTE7hs00YoV28GB2k66q5Hks+kXGxr7Lwf8ArnoGdg="},"senderSigningKey":{"public":"BaP+r5XmjM8L5RuzLZ9EXaW9itfKpVlMEEJcB/ZrU0ca"}}]