[{"senderKeyId":1620862449,"senderChainKey":{"iteration":9,"seed":"ZAxlJf+JuXuuZY5OOmgzu7Q7TpqvOZWFMUEtUs/IKUg="},"senderSigningKey":{"public":"BcRJXNzilzAO7gRPiULtXPSijwbkphYfbgM7iOk9A+lS"},"senderMessageKeys":[{"iteration":1,"seed":"Hr/klGLLym/6yaoIUh7ZRC1gjqfAbVzWnqgFecy+kwQ="},{"iteration":3,"seed":"tke/Lq8fVcN0NIioqp8cMwLCF0yd6W09RDlG4LeFLV0="},{"iteration":5,"seed":"XFo9dxgQKlybyx35GNNKpgyWFp9aeykq0VWJKGXRSCw="},{"iteration":7,"seed":"nQ6TmggVUvhpptQnxTL+FWSmbQu1MFj0U9+OmmFalcg="}]},{"senderKeyId":1620862449,"senderChainKey":{"iteration":5,"seed":"qdI+Sm96T2BK/mSTWX7NcKDKbafNlPM1YKDYNDoCaWg="},"senderSigningKey":{"public":"BcRJXNzilzAO7gRPiULtXPSijwbkphYfbgM7iOk9A+lS"}}]