[{"senderKeyId":259526539,"senderChainKey":{"iteration":175,"seed":"FXJDk7HX8hOWJbjr0lqxiylFqjcaW13u3UA+2Nk14DU="},"senderSigningKey":{"public":"BZvxCvpzv3KdRZAjre5fMbq3yVnJVd5IWYdjuz+zyX8Y","private":"4DatttHGkwg16AWo2iZKsIohijX1fwHEf0pC39LA5ls="},"senderMessageKeys":[{"iteration":1,"seed":"egpwo6JVrol9XXmGD1N+EMvGQ/6uV7gn3OuP/0SWh98="},{"iteration":3,"seed":"AmlcexoMaEzPIeUPAXYLt7YTYOqfUdvsjlkEoECnkPI="},{"iteration":5,"seed":"jM+mkSW4e2LPZDjqpA9LvZbXAZms1t/ubUdZuUdJ3Mg="},{"iteration":7,"seed":"LZMmgni4LjP7MlvZFSBm+U8NAFeO/Ho1tW0ZrY6NibU="},{"iteration":9,"seed":"NFdSFfOJiQq97O4uJhuaIG94FrYD3Mfj06NdwTbpCo8="},{"iteration":11,"seed":"LmJodY7z8BHLbZqMtzSk8iwHo/+I6OaxGHShI189QVk="},{"iteration":13,"seed":"dobPCoe0JstEE/fMtXnWqMwiE1Y2DdrqzES528uTc0w="},{"iteration":15,"seed":"AX9qdeHdvOkI2JAQgnQ2+hz+3Ubf0DQAzObH6ea6mwQ="},{"iteration":17,"seed":"5d7S0UtIX6odQa7BxEp0dcUBLWbciYnQ7L5AdzMq5i0="},{"iteration":19,"seed":"dz7TpXo/h3tBCxO8hVxRWVU/IY493N7SLe54NdWNQ7A="},{"iteration":21,"seed":"REJ7eO5ObAh7Aw5AW7r5XK+Fchz97e/P1VD/NdGMuVI="},{"iteration":23,"seed":"ENxcdZzJNJO59GgvXO2bm1igXfym+ZnZwmra0ebNTNE="},{"iteration":25,"seed":"LDrRnszP+6XUdgqeKCUcswPrsm+Va5JqnozYoUwqY/g="},{"iteration":27,"seed":"Wy8LwIO7nY9JAVhLZV5ikPzPrl70jK3V7uGbGgfzdQ0="},{"iteration":29,"seed":"RyPmhzoLUB3gqho2dwZUuIDtVgG8DLl7i5JQhVzcu4o="},{"iteration":31,"seed":"8rGwcqrGXxKo43UnAHMtU+MhXGNaYIyJmzEdqaTeKPs="},{"iteration":33,"seed":"wocUZlaRoEG88zu+dn2CASKBWdht2MSXmOSNIbpD0XI="},{"iteration":35,"seed":"qPva/RxZBnyNTFfUkTnl2cJzsrMwDBLueIoVWHoPpDk="},{"iteration":37,"seed":"apyZEhJAVcJcjVNc7Oi5wYbiA5UpWGovGsLNVFu4kMQ="},{"iteration":39,"seed":"KfccHlDMEyv1ZkC7UR7ULAgmdr41rFJRdlA48tVEyI0="},{"iteration":41,"seed":"odmf2Kkt+gyEdDo+u4ljfJxErR9ZVv/s5KQKJiIIUPU="},{"iteration":43,"seed":"KQRo8/rPWp0xGUX8UJDdbyKQ6q9d2TRryhDTdhXpoBg="},{"iteration":45,"seed":"0f+g01JZvp3CgYAIBHREeFF6JlTooVpMEBAM2ZJk/BA="},{"iteration":47,"seed":"95KQdP924z2k8HcoEM30UpXiQHtM9e7bRjyASJ7QsYM="},{},{},{},{},{},{},{},{},{},{},{},{},{},{},{},{},{},{},{},{},{},{},{},{},{},{},{},{},{},{},{},{},{},{},{},{},{},{},{},{},{},{},{},{},{},{},{},{},{},{},{},{},{},{},{},{},{},{},{},{},{},{},{}]}]