[{"senderKeyId":1747003572,"senderChainKey":{"iteration":1,"seed":"ihQ6RIAYpRalP3Tyw6qfv60gVHj+xZyQpHagXyn4PJg="},"senderSigningKey":{"public":"BdzFSQ7GL1uoCuCFWK5ooiCYr8eaRtkmYggmu2uE6eh1"},"senderMessageKeys":[]},{"senderKeyId":140949530,"senderChainKey":{"iteration":14,"seed":"WR8ekF2Mxe1GvBvRXeWTUlXahWiWY7F0lekxlOuSnkY="},"senderSigningKey":{"public":"Bc1alSJnp3hsB+Rq1ndNBuN+SaOcNC92ezmavi3UZXxj"},"senderMessageKeys":[]},{"senderKeyId":140949530,"senderChainKey":{"iteration":7,"seed":"Vrwf3Pgiuf8fGQ7jjZTXvyxGsCDw5yp1rgsY8fHBicE="},"senderSigningKey":{"public":"Bc1alSJnp3hsB+Rq1ndNBuN+SaOcNC92ezmavi3UZXxj"},"senderMessageKeys":[]}]