[{"senderKeyId":1901401029,"senderChainKey":{"iteration":22,"seed":"+2Sa5u0lDBvyajssCw2OVurGjjs2s3V+2q0TFa4lqSw="},"senderSigningKey":{"public":"BYmtytTer5gohNxrlhwq7IhgMA0tXvGH312xc4kdiM8W"},"senderMessageKeys":[]},{"senderKeyId":945246230,"senderChainKey":{"iteration":9,"seed":"gmk+HJ9Omq3XqZPxbo4d/PMliSMKEFzB68E9oMORudY="},"senderSigningKey":{"public":"BZ+BBwiJA7j0+VI6ApL4x1ms2c5+c/nZ6rkAsZTYf4FU"},"senderMessageKeys":[]},{"senderKeyId":1509568325,"senderChainKey":{"iteration":11,"seed":"u/hX3hGL/0BGS53zIEwMqS4VdlrOew5nsdYvP2oEqJg="},"senderSigningKey":{"public":"BWOnoxJbTKep1O/HBhgngzKh7a2FTzkoWfI1Y36OOb4x"},"senderMessageKeys":[]}]