[{"senderKeyId":1325276708,"senderChainKey":{"iteration":3,"seed":"dTTPjNNy78NnrqIwkw57yTRHubUj5NUkuKNZz6qoJnY="},"senderSigningKey":{"public":"BTzm0kQAd18wT/3U2VZrbqe/lawD3gzK9Nbjna0DwJMf"},"senderMessageKeys":[]},{"senderKeyId":748901844,"senderChainKey":{"iteration":1,"seed":"6qL7uLnCqI9ftAPhhFO9Q2Ws0SqhUMCBwnKwhM2Q/oc="},"senderSigningKey":{"public":"BTQ4dZAE02YtGlRCopI1gy7ETS9tlynR7qomXfTMw0J2"},"senderMessageKeys":[]},{"senderKeyId":1352741478,"senderChainKey":{"iteration":1,"seed":"wRQc4GhmyQWkJebzvQj50WPiLLLv7ELHT7GzSDuCOJU="},"senderSigningKey":{"public":"BdTDAK8vCBE3kT9ni0h32zBKlYsiKJAz8DnsZMKYQbRc"},"senderMessageKeys":[]},{"senderKeyId":1512105817,"senderChainKey":{"iteration":3,"seed":"MTLnXjoNR3zrXA/C2WVLnXSIQVFqouA8cbgC2zo5IHE="},"senderSigningKey":{"public":"BaeoQNJrLDki5Cg52XEz88p8CXziU8rqcq6HaFrpgsMU"},"senderMessageKeys":[]},{"senderKeyId":1512105817,"senderChainKey":{"iteration":2,"seed":"/qxTW4Ic16TJ+KDMOrSsahxnFEB758pPZ3y1TGi9/5E="},"senderSigningKey":{"public":"BaeoQNJrLDki5Cg52XEz88p8CXziU8rqcq6HaFrpgsMU"}}]