[{"senderKeyId":2025299160,"senderChainKey":{"iteration":1,"seed":"rRwe4Pjnt40S5ulP1ct2vRMJL2PictvlDH9StFrxJO4="},"senderSigningKey":{"public":"Ber8rRJAwL1XY6XwGFPhNLdwc69l40vQ/I/Ws7zdFoQg"},"senderMessageKeys":[]},{"senderKeyId":2025299160,"senderChainKey":{"iteration":0,"seed":"0NOiAO+qSuD6n94D83pHwA8vrGgwBDgxamJNDzWfopc="},"senderSigningKey":{"public":"Ber8rRJAwL1XY6XwGFPhNLdwc69l40vQ/I/Ws7zdFoQg"},"senderMessageKeys":[]},{"senderKeyId":682995388,"senderChainKey":{"iteration":4,"seed":"Oy/D0H/If9ufYdiLIbo2xgtGRQMQ1Me4uDSnXIV0G/E="},"senderSigningKey":{"public":"Bd+Ej8Zk4p4Lipwk0G+lMha0vj50nSPOF0X/ZbT1bdpZ"},"senderMessageKeys":[]},{"senderKeyId":184199335,"senderChainKey":{"iteration":1,"seed":"RYw0fh7chihEVDwfzZCdomIWpuDobTP3XNW7dIVf6Dw="},"senderSigningKey":{"public":"BXQvmF4dofS5Y+GLV4U2RRzrs4r8tA3Vr4OZqnNd/pQ6"},"senderMessageKeys":[]},{"senderKeyId":258529319,"senderChainKey":{"iteration":2,"seed":"TDEe8QseqDJRlH5DqJ3j0db0Sg4PnczzoFz54ub3nDo="},"senderSigningKey":{"public":"BVpJQ6iu0MPNttNfEZr7WVdA3TtNXHe7qnHgAEwrWQ0D"},"senderMessageKeys":[]}]