[{"senderKeyId":1120628534,"senderChainKey":{"iteration":26,"seed":"lotd1Vlo/Y5dvK5yBT5pYqKC5Bq6uGb1cAQZ3Cgi5/c="},"senderSigningKey":{"public":"BUhE8YMLwGVRE0Sbn7+irVdJRHMtmbj74mYbrkD8UW52"},"senderMessageKeys":[{}]},{"senderKeyId":1120628534,"senderChainKey":{"iteration":22,"seed":"Z76wyiZYWzR7r0JYTsulULHARM1zAL2ZvAyvmV1//W8="},"senderSigningKey":{"public":"BUhE8YMLwGVRE0Sbn7+irVdJRHMtmbj74mYbrkD8UW52"},"senderMessageKeys":[]},{"senderKeyId":1827272439,"senderChainKey":{"iteration":4,"seed":"BXs156AlQOCJtIFd+6Ez6npb0+M3Cc65pa8od/Wp1g0="},"senderSigningKey":{"public":"BTXYnmn8Yha+z9jyE8/xOAKgol/z44lwBC/f6Y1vEacS"}}]