[{"senderKeyId":309979376,"senderChainKey":{"iteration":16,"seed":"We1jkA0PK+fMWNd4psOhgR+6PMQoYCdeOTYWUgTK1Ik="},"senderSigningKey":{"public":"BdzgGv4TxmYzAn9j/2xYBHi8qihSuUuauEHULnQ1EH0I"},"senderMessageKeys":[]},{"senderKeyId":309979376,"senderChainKey":{"iteration":4,"seed":"c/OnqFpj4DJD74JrE7+BQMs0yhnDsPvXgM24rt0o8M4="},"senderSigningKey":{"public":"BdzgGv4TxmYzAn9j/2xYBHi8qihSuUuauEHULnQ1EH0I"},"senderMessageKeys":[]},{"senderKeyId":655970032,"senderChainKey":{"iteration":1,"seed":"BAh3D337tGk0cZXRBA8XedWJd2Fi3X4BD9qOlM3REBg="},"senderSigningKey":{"public":"BWpCIeZ3v2+AYE6HBhmtnufd6I2zCLt9F9nPTnJn2YMb"}},{"senderKeyId":1981542882,"senderChainKey":{"iteration":2,"seed":"77hh3L54TLq74iS4MYBznTm7wMGl0sPuzIR8q/XyQ+E="},"senderSigningKey":{"public":"BQkujr3artPmFSbZ9c3cSNGsmX43zX0Cv5aXayqzdb08"}}]