[{"senderKeyId":1493285082,"senderChainKey":{"iteration":1,"seed":"EqIq2Y2EP3RdJb1fsmhgI8KqRMB3/TdtFec3JVIHEfo="},"senderSigningKey":{"public":"BZr/226dTfnLHQCLLBAaFcSl56waOjTLdvLPKSuLiUgm"},"senderMessageKeys":[]},{"senderKeyId":997812724,"senderChainKey":{"iteration":3,"seed":"WbG9GbUZYByD87T8bkHyURw3fz4729ES43Potd/5J9U="},"senderSigningKey":{"public":"BeooHoiuV6cL8L5gf0G3mr+cuOoOxp/OU2xvA5hdi68f"},"senderMessageKeys":[]},{"senderKeyId":997812724,"senderChainKey":{"iteration":2,"seed":"8OUZbpQbhTzWtRXThpiGC5UQwIDv7SByNvFBL3m66Eg="},"senderSigningKey":{"public":"BeooHoiuV6cL8L5gf0G3mr+cuOoOxp/OU2xvA5hdi68f"}},{"senderKeyId":2110768063,"senderChainKey":{"iteration":2,"seed":"CH21ud9CoEQNCdNuxumKlDB14jbSaIS4Bhd1U/wBnqU="},"senderSigningKey":{"public":"BXISbFlwY020eJtqWwU1p/CwdOtHf59pCSrjnctlQDAe"}}]