[{"senderKeyId":1938313033,"senderChainKey":{"iteration":23,"seed":"qZaFkLHbVeDFhNuGPmOcDByIuPZZx2yoijvvbXJxlEo="},"senderSigningKey":{"public":"BUMEMLn9LuEJJpcRzgKSvwAiTov36BNEpFSBRj9QIcwy"},"senderMessageKeys":[]},{"senderKeyId":1938313033,"senderChainKey":{"iteration":19,"seed":"DN7NISCKpQe18fEMFX2yzDHwlQLORYXk7PFKDIHl0rI="},"senderSigningKey":{"public":"BUMEMLn9LuEJJpcRzgKSvwAiTov36BNEpFSBRj9QIcwy"},"senderMessageKeys":[]},{"senderKeyId":1938313033,"senderChainKey":{"iteration":22,"seed":"Sk0JBmmJ8Cs+8Uym8qLFutw+ftFBYSFS6OEWZhPUloA="},"senderSigningKey":{"public":"BUMEMLn9LuEJJpcRzgKSvwAiTov36BNEpFSBRj9QIcwy"},"senderMessageKeys":[]},{"senderKeyId":1640496161,"senderChainKey":{"iteration":18,"seed":"PwtGbOoP7Dvbca/IarnAC2zLNzhrqNMkRnNr3ySzQAU="},"senderSigningKey":{"public":"BdhpHN8SRj1S7DIAST7r8/ZxVkqY6LQ84hTL+w1AtEtn"},"senderMessageKeys":[]},{"senderKeyId":1640496161,"senderChainKey":{"iteration":15,"seed":"UWbh6pam+AoVyfESA6jOsZXqbeoD5wILtzAq+QcGero="},"senderSigningKey":{"public":"BdhpHN8SRj1S7DIAST7r8/ZxVkqY6LQ84hTL+w1AtEtn"}}]