[{"senderKeyId":1116242373,"senderChainKey":{"iteration":1,"seed":"ge1ERQacBOTXv5QO4SzL72/1QRPZ7nNjMhRVuxLS2Jo="},"senderSigningKey":{"public":"BQ0TdEUVVnbzXEHwOJB/EsSgKDFny8N/M+7AO5F6toxb"},"senderMessageKeys":[]},{"senderKeyId":1755385928,"senderChainKey":{"iteration":2,"seed":"sWEDYi3XhGkaAxuLldaDk8iZFN6Wit5RyW4S6Ge7X3o="},"senderSigningKey":{"public":"BSRLBnUxCFBlGNu5p/e6ZhVPV1YcEjZJpV7lah1S9Sxj"},"senderMessageKeys":[]},{"senderKeyId":870044392,"senderChainKey":{"iteration":1,"seed":"G3RcAoc34FR0swix/7ZbpmA/Hj2QOQ/bEK/+bHYxAE0="},"senderSigningKey":{"public":"Bcy3FBjynRTC4X7MkeN6gNQO5SDI0/1arTe+wkI/UrwA"}}]