{"_sessions":{"BdcckVJNtRHEZIrIyFuRNOzCWhJafDmOI5V85PmxSUtq":{"registrationId":1866097368,"currentRatchet":{"ephemeralKeyPair":{"pubKey":"BfCnJZJKONKSydHMGXvni66XhpQp6ihxCOVny1/yvdlO","privKey":"oHruSHKOAyo3b9nNhJxdlNrOD9eCnigYNGi93CCwx2g="},"lastRemoteEphemeralKey":"BX1JBt79qTCmL1dnCDy//Bjhp729A+M65E+DkBKsDvVN","previousCounter":0,"rootKey":"jH3SFXhwlTDcHPb1v12ueN6cw/EqIMr1ttRU0U4lUNk="},"indexInfo":{"baseKey":"BdcckVJNtRHEZIrIyFuRNOzCWhJafDmOI5V85PmxSUtq","baseKeyType":1,"closed":-1,"used":1747552782497,"created":1747552782497,"remoteIdentityKey":"BZhvrwe3hSq4K3vSfnQxGdikOg0O+0jR1nf7g6BOEHUV"},"_chains":{"BfCnJZJKONKSydHMGXvni66XhpQp6ihxCOVny1/yvdlO":{"chainKey":{"counter":67,"key":"iXEKkGUGfoCWcFJ0VQQkjcH3SRrRZFC7Ifj8vd+5Si4="},"chainType":1,"messageKeys":{}}},"pendingPreKey":{"signedKeyId":2,"baseKey":"BdcckVJNtRHEZIrIyFuRNOzCWhJafDmOI5V85PmxSUtq","preKeyId":2176862}}},"version":"v1"}