{"_sessions":{"BajLwDaRbPYBtJOnqJ56D8rxFJnBsPZ43c51MqGQJbBx":{"registrationId":1260917076,"currentRatchet":{"ephemeralKeyPair":{"pubKey":"BShinUt1ypTxifvOM5GfLaMxyzDMSFOXSScbG6s5PF0o","privKey":"SD6MoUcLZFqIiMtBqJlKWFU5drHLf1Uf4fdqVK4691k="},"lastRemoteEphemeralKey":"BSQ5CkIvoxF/qcMpQE0aepAbWDEzYySV1mjNRYYxypZT","previousCounter":1,"rootKey":"3fBpQXzRpcdpNgw5rRqGEMYwhAhcJvs6s37N2uADnTo="},"indexInfo":{"baseKey":"BajLwDaRbPYBtJOnqJ56D8rxFJnBsPZ43c51MqGQJbBx","baseKeyType":1,"closed":-1,"used":1747308141636,"created":1747283733225,"remoteIdentityKey":"Bc40mDporGG3xNpNmY1fChI6NYfr2nPOasztyttYnfdP"},"_chains":{"BVlRDIHHfkOtlpozZau/iDYbsFybLYaTABKdm6JyuVBT":{"chainKey":{"counter":1},"chainType":2,"messageKeys":{}},"Bfyr5SO46o7e5G/f7SFbEvHhjtXwb9H99x3plOhzdvcI":{"chainKey":{"counter":0},"chainType":2,"messageKeys":{}},"BSQ5CkIvoxF/qcMpQE0aepAbWDEzYySV1mjNRYYxypZT":{"chainKey":{"counter":3,"key":"K9Thf4kWbYLMD3n/fv3RscCQTm1/o0Xfbxsfwz84u1Y="},"chainType":2,"messageKeys":{}},"BShinUt1ypTxifvOM5GfLaMxyzDMSFOXSScbG6s5PF0o":{"chainKey":{"counter":6,"key":"SbNT8ixxL4bgMjs7CDkvFjk52+zyXFRG1FDYxie8C60="},"chainType":1,"messageKeys":{}}}}},"version":"v1"}