{"_sessions":{"BQ/kGOgkN4ApY2VW5yh7PHAhujJ6gOfeZb2aa2Uf/J03":{"registrationId":873259921,"currentRatchet":{"ephemeralKeyPair":{"pubKey":"BVugeJ5x8Kn244Wb27UTenzUyVSykSoAXC2Q/e/8sxEa","privKey":"0IzWjReLGVSY0Oann0rgYWGP3bjcyswVBc+/zHktG3o="},"lastRemoteEphemeralKey":"BWGh6u09h4L6BxlNquKwhXlDxwfaUYnLkm+ej1C/DxIi","previousCounter":0,"rootKey":"6meb538Z2hDoNuSgTyZ303y32z9VNkyxWRYeorzUqdc="},"indexInfo":{"baseKey":"BQ/kGOgkN4ApY2VW5yh7PHAhujJ6gOfeZb2aa2Uf/J03","baseKeyType":1,"closed":-1,"used":1747231422869,"created":1747231422869,"remoteIdentityKey":"BbTPr0FD/iqWYsFEa3AEhALXd1gjmXKbXXbDr5LJJapj"},"_chains":{"BVugeJ5x8Kn244Wb27UTenzUyVSykSoAXC2Q/e/8sxEa":{"chainKey":{"counter":89,"key":"qumXaWV2cY/MwaXFpWh2tSDrKR2v9Oi/iNGpbUGmfxA="},"chainType":1,"messageKeys":{}}},"pendingPreKey":{"signedKeyId":3,"baseKey":"BQ/kGOgkN4ApY2VW5yh7PHAhujJ6gOfeZb2aa2Uf/J03","preKeyId":6489648}}},"version":"v1"}