{"_sessions":{"Bbn5hxN24LkfkqNwE/D+Joe4KaClN1LKJ33i2Lqno7gD":{"registrationId":243,"currentRatchet":{"ephemeralKeyPair":{"pubKey":"BSDvKAMC8VH3h7M8ZiHWLfz6zqd1fF/pE5Zr0ybuZRJk","privKey":"qK6FppYIDrHroafVCSBqRBxJdOG8S+CZct+TS0bhIUk="},"lastRemoteEphemeralKey":"BZ25DLhgyd0wrU1U8bBWXn0fiqGqdAk6aMGFDQxv5d54","previousCounter":0,"rootKey":"DuN0QFlYdnnnSP0CzXW78OUR5oLg6g3VfLfrKya32JQ="},"indexInfo":{"baseKey":"Bbn5hxN24LkfkqNwE/D+Joe4KaClN1LKJ33i2Lqno7gD","baseKeyType":1,"closed":-1,"used":1747580595213,"created":1747580595213,"remoteIdentityKey":"BW+QKevfZ4dWEkJXDKc3Ibo2788npBj3wfoTZ+Hcv3NM"},"_chains":{"BSDvKAMC8VH3h7M8ZiHWLfz6zqd1fF/pE5Zr0ybuZRJk":{"chainKey":{"counter":51,"key":"yoV+pWD6IPPaIprrbjEtfJWkDQrF5HUw1eE0zivNNKA="},"chainType":1,"messageKeys":{}}},"pendingPreKey":{"signedKeyId":1,"baseKey":"Bbn5hxN24LkfkqNwE/D+Joe4KaClN1LKJ33i2Lqno7gD","preKeyId":84}}},"version":"v1"}