{"_sessions":{"BdBfneHFO6VjONNaJUzSbLN2gzMgL4LSvOChz35f+D8P":{"registrationId":1276301859,"currentRatchet":{"ephemeralKeyPair":{"pubKey":"BQcPlmmsra0lK/34/CgESFVEYkr3OTyfNXxWUkuuiIJy","privKey":"MENbHahAYj2Erk35vW4b18/trNWXtbMILIxaiZmaMHc="},"lastRemoteEphemeralKey":"BeGgn8Ut2fhvTumJQlPhf/XtxCtu1wVJOfX4ad02+Ac5","previousCounter":0,"rootKey":"AwvpwAhiF5/XeXRWHOPmQzRg1xQjQVZHaXt0SA5Be9E="},"indexInfo":{"baseKey":"BdBfneHFO6VjONNaJUzSbLN2gzMgL4LSvOChz35f+D8P","baseKeyType":1,"closed":-1,"used":1747231422444,"created":1747231422444,"remoteIdentityKey":"BRVmN8iTw28YTRup2V0iivoq8pi7ncJxTNjeedI/cZR7"},"_chains":{"BQcPlmmsra0lK/34/CgESFVEYkr3OTyfNXxWUkuuiIJy":{"chainKey":{"counter":16,"key":"ngCy5kIg1WHde1g1tMRtsRbeOxdxJZWGaMb7Im/gwfw="},"chainType":1,"messageKeys":{}}},"pendingPreKey":{"signedKeyId":2,"baseKey":"BdBfneHFO6VjONNaJUzSbLN2gzMgL4LSvOChz35f+D8P","preKeyId":2623682}}},"version":"v1"}