{"_sessions":{"Bc3BlxB4dXTsv5JbuUDdbBSUIqv8Mn8HB8b0gs25xL5D":{"registrationId":1700008276,"currentRatchet":{"ephemeralKeyPair":{"pubKey":"BWPcA2lYD80LZQ+Hn1iYrRN3hbpnezqP+xEIorZ34uIi","privKey":"6LyFFhcJKc/fUd6UO+71EWYt4Vkamqp97TFPX4S9aFI="},"lastRemoteEphemeralKey":"BRWrTBxwambjmClvXvRB6vHzNGvIVTqb6NNdVI1kbCVm","previousCounter":0,"rootKey":"R2WEgaGpJWavmEN5cFlDq0QxYzbp4lL4RG8KJFbTTeE="},"indexInfo":{"baseKey":"Bc3BlxB4dXTsv5JbuUDdbBSUIqv8Mn8HB8b0gs25xL5D","baseKeyType":1,"closed":-1,"used":1747380671915,"created":1747380044310,"remoteIdentityKey":"Bevt/TIcfceD/wKoaFNwOonG3ELbiI6MQnlF2crfSckc"},"_chains":{"BRWrTBxwambjmClvXvRB6vHzNGvIVTqb6NNdVI1kbCVm":{"chainKey":{"counter":0,"key":"tV4apY/aUdHWNb4aY2j2rzKsWxRRt0BXW2FgoEyHqEg="},"chainType":2,"messageKeys":{}},"BWPcA2lYD80LZQ+Hn1iYrRN3hbpnezqP+xEIorZ34uIi":{"chainKey":{"counter":-1,"key":"9Om0POavK8XY8MvsAf4+3PaDIx8sWw3vrK74uKkC/G0="},"chainType":1,"messageKeys":{}}}}},"version":"v1"}