{"_sessions":{"BVAGaRaYAs0iJK4KZwxYpCYO6MZPZYax5lwKZAmia3cZ":{"registrationId":1376643091,"currentRatchet":{"ephemeralKeyPair":{"pubKey":"BShAO8hWwZs5H3B5cJk2X1f9UB7FW65kXpZTqdV70RFx","privKey":"EEh6d/poRaS1tdZGrX3JX5lB/Hhj274P4/nzT+YvaGg="},"lastRemoteEphemeralKey":"BeIrEeY20eJf+WW8Vmx6jGgKnZrrICcmxmuHa4sXdCMi","previousCounter":0,"rootKey":"k/gmIZv2jqZrj4UoNABrT5apqeWlM0NllGsacPra9Ys="},"indexInfo":{"baseKey":"BVAGaRaYAs0iJK4KZwxYpCYO6MZPZYax5lwKZAmia3cZ","baseKeyType":1,"closed":-1,"used":1747231422748,"created":1747231422748,"remoteIdentityKey":"BTPjr8oUQgjMj0IJwDwCNGXWxnTNFP68D1s9IEOFwvtb"},"_chains":{"BShAO8hWwZs5H3B5cJk2X1f9UB7FW65kXpZTqdV70RFx":{"chainKey":{"counter":89,"key":"Q6Oi027wweN94v8UKV9dZs2CJvsqnBgY3I6MvWPvk1s="},"chainType":1,"messageKeys":{}}},"pendingPreKey":{"signedKeyId":1,"baseKey":"BVAGaRaYAs0iJK4KZwxYpCYO6MZPZYax5lwKZAmia3cZ","preKeyId":9010547}}},"version":"v1"}