{"_sessions":{"Bf7xgpo34SUi5ZyB3r/7d1mNHbi9oZiRPmCx6uh5XJ9X":{"registrationId":770619758,"currentRatchet":{"ephemeralKeyPair":{"pubKey":"BbkP+6jAHAvXW6IHcowp7IIYhb/TsJbYa3eJwDe25R5K","privKey":"QDLDPhlr3nJNUNFkZZNNqmzrP5bVtZbZrMPu94Vx/VE="},"lastRemoteEphemeralKey":"BZ0tuYYMNdGrsWIizvvmdK1tZf6LKb/Cq+f6CQ/4Iwhs","previousCounter":0,"rootKey":"63WCDacHkBe0g3rBIcPaqGanNLy4+Wqjoid4FBYLoPc="},"indexInfo":{"baseKey":"Bf7xgpo34SUi5ZyB3r/7d1mNHbi9oZiRPmCx6uh5XJ9X","baseKeyType":1,"closed":-1,"used":1747231421982,"created":1747231421982,"remoteIdentityKey":"BbXqCHbB3BJc96a9N/K+WWlljyGmbSe3ksNmmYtBzfdm"},"_chains":{"BbkP+6jAHAvXW6IHcowp7IIYhb/TsJbYa3eJwDe25R5K":{"chainKey":{"counter":9,"key":"l+7z5ukP9wCcW9n7+OhiCJJYkSo5xQYCYl886bwR0OE="},"chainType":1,"messageKeys":{}}},"pendingPreKey":{"signedKeyId":5,"baseKey":"Bf7xgpo34SUi5ZyB3r/7d1mNHbi9oZiRPmCx6uh5XJ9X","preKeyId":12822113}}},"version":"v1"}