{"_sessions":{"BTixlJgT9FTSiQQiheOUTEOdWgWiKt+vd3v36DLb0pJM":{"registrationId":168,"currentRatchet":{"ephemeralKeyPair":{"pubKey":"BcZqS7euJhhmXnqYbNgG+X+aaxO9pJelZ0FnsVMrlUBO","privKey":"ePzSaq3/IWNCeUUXcWUno64W2ZhX4GPbhGFydHuXY1Y="},"lastRemoteEphemeralKey":"BVlsclrZH5VHaY2ZhnCrS6fS1I/QscUS+utPL8yc5mZA","previousCounter":3,"rootKey":"Z+cN6JgNSSBFuwqBYpvfHKgIwPIRvBLkgYJb3UXFXGo="},"indexInfo":{"baseKey":"BTixlJgT9FTSiQQiheOUTEOdWgWiKt+vd3v36DLb0pJM","baseKeyType":1,"closed":-1,"used":1747557282412,"created":1747556943799,"remoteIdentityKey":"BR0RNXSK+nOHLM5kofTlbeHug8yelCo+8oH3BnXSWEtO"},"_chains":{"BVlsclrZH5VHaY2ZhnCrS6fS1I/QscUS+utPL8yc5mZA":{"chainKey":{"counter":0,"key":"pQbgdglAYLulHT+I+gD0tEm0V/77jIgx8Gp/dP0lLeY="},"chainType":2,"messageKeys":{}},"BcZqS7euJhhmXnqYbNgG+X+aaxO9pJelZ0FnsVMrlUBO":{"chainKey":{"counter":10,"key":"PTwC2igI8Taeq0Rl3mDJ6BGz4sAVUcjd5mbwr0wk8sU="},"chainType":1,"messageKeys":{}}}}},"version":"v1"}