{"_sessions":{"BUTOVjhmG4kRQFGD3LEK3VV+HZ1xjCzSgajSxIEM0DAH":{"registrationId":724559398,"currentRatchet":{"ephemeralKeyPair":{"pubKey":"Bfum6DKhS2MLXTsmQPdxv/h7TuFTkWB9dg6v+nh02f1L","privKey":"aHz30pbrw5Hr55Fb1FFW/z1Vf+TAfJkI//5XYxd3kG0="},"lastRemoteEphemeralKey":"BczQ7yova+TV50Stp4Bjk4Hd3ESBZyNnm0lOGEelZTB9","previousCounter":0,"rootKey":"PMOTpF9cLGj257vIEgC/0GNt2jnv1in0lc0Dv4aaQqY="},"indexInfo":{"baseKey":"BUTOVjhmG4kRQFGD3LEK3VV+HZ1xjCzSgajSxIEM0DAH","baseKeyType":1,"closed":-1,"used":1747661226042,"created":1747661226042,"remoteIdentityKey":"BbpsUcaHrQ4c3I2zkAVXyrWKe74BNyBt9ICiIRdvOqVY"},"_chains":{"Bfum6DKhS2MLXTsmQPdxv/h7TuFTkWB9dg6v+nh02f1L":{"chainKey":{"counter":2,"key":"P1oLof41lM5+6h1nkPfhqaJxt33e7IgJgNVtNDLkCtM="},"chainType":1,"messageKeys":{}}},"pendingPreKey":{"signedKeyId":0,"baseKey":"BUTOVjhmG4kRQFGD3LEK3VV+HZ1xjCzSgajSxIEM0DAH","preKeyId":15654940}}},"version":"v1"}