{"_sessions":{"BUFjM81cMF6zlzN4+fEMGWeW935wXInHioTXSAA2gts2":{"registrationId":63,"currentRatchet":{"ephemeralKeyPair":{"pubKey":"BaOIwZfptpfYiyOOGvgVd7zNVvgI551zZLmCBzw6tbhz","privKey":"MNbTSsE9uzOOqqxk6bKe+y+mfmMGrPERJjNlSRSiFkw="},"lastRemoteEphemeralKey":"BRUvt2XrqlgxwjjUICTN2IPGnl2vZ8lo9tVhNQ2j7fMo","previousCounter":0,"rootKey":"yC0l7VecIfrEahr/RYCBzjcY0OYQZ3VFT55qffSCGUU="},"indexInfo":{"baseKey":"BUFjM81cMF6zlzN4+fEMGWeW935wXInHioTXSAA2gts2","baseKeyType":1,"closed":-1,"used":1747391537085,"created":1747231421711,"remoteIdentityKey":"BVOFatTJ6BZF9VmjFdN2wTnyi+UAwH/hxgQRALqjNl8I"},"_chains":{"BbPiPI2WOWeibqmXSRRcWEApeb6j18BGj84dC762qx4C":{"chainKey":{"counter":0},"chainType":2,"messageKeys":{}},"BRUvt2XrqlgxwjjUICTN2IPGnl2vZ8lo9tVhNQ2j7fMo":{"chainKey":{"counter":0,"key":"AhdR9ylRrXW0iYlDy0bWZDb5O2af4Z3wTJm1AtrlpW4="},"chainType":2,"messageKeys":{}},"BaOIwZfptpfYiyOOGvgVd7zNVvgI551zZLmCBzw6tbhz":{"chainKey":{"counter":1,"key":"CtdpUcWU26AQ5y4ODTPUPj5+kdaclNIbjx1yFD0wSco="},"chainType":1,"messageKeys":{}}}}},"version":"v1"}