{"_sessions":{"BVvpq/xo7umYpbbNfPEGuAJFPdl9BPa+jslfo3aztsIO":{"registrationId":3,"currentRatchet":{"ephemeralKeyPair":{"pubKey":"BadSrklEVRBVqHXolsbEouuYINh6o5jJCdfA+dB+2cc4","privKey":"0C5aFex6kpYXdJVB0ncgBQPavhmDYgCIPfMihXOFz3c="},"lastRemoteEphemeralKey":"BaKygmFYWjemmnmG4THB/7FWmLSDb8SXylF8Pe4n0GIq","previousCounter":0,"rootKey":"B5Rf+5Qgbyrs1Hm0l82NC5RdV/BmvVh633JV2sTVqE8="},"indexInfo":{"baseKey":"BVvpq/xo7umYpbbNfPEGuAJFPdl9BPa+jslfo3aztsIO","baseKeyType":1,"closed":-1,"used":1747231421868,"created":1747231421868,"remoteIdentityKey":"BaQbG78cj+St2EJTJ4rmNLFM6ArCR95OiD+22jpOs+sF"},"_chains":{"BadSrklEVRBVqHXolsbEouuYINh6o5jJCdfA+dB+2cc4":{"chainKey":{"counter":0,"key":"sWF3l2U3+Dwrw2DuX+arNb5bYkrZWoYPUQei5nKBgQQ="},"chainType":1,"messageKeys":{}}},"pendingPreKey":{"signedKeyId":1,"baseKey":"BVvpq/xo7umYpbbNfPEGuAJFPdl9BPa+jslfo3aztsIO","preKeyId":43}}},"version":"v1"}