{"_sessions":{"BVqxAPyeTOpSxJRk/U7T2nwUzvlMc+vPFgyNL1ZgtKlq":{"registrationId":122699033,"currentRatchet":{"ephemeralKeyPair":{"pubKey":"BVW0mqRvknnCWnLH82dEuS/ocTxT1xoFDeaqaEg0Qv51","privKey":"oCQuraiYLkhc2NhQD0ZBBhZPxujyyEGiDCm8gaNbvl4="},"lastRemoteEphemeralKey":"BRrAzH8mOXgxA+vAfuZDKzuWRBANZE21xqN9b4SsslEh","previousCounter":86,"rootKey":"RQYDEfPZzCgOEsL0eMwvu6brXZbbXJrw10U3YZWzYBo="},"indexInfo":{"baseKey":"BVqxAPyeTOpSxJRk/U7T2nwUzvlMc+vPFgyNL1ZgtKlq","baseKeyType":1,"closed":-1,"used":1747654163340,"created":1747231422690,"remoteIdentityKey":"BdgUnS3w6KHGQDOin2sZOnpY0MKlhgqZdUdZUe07IRtZ"},"_chains":{"BRrAzH8mOXgxA+vAfuZDKzuWRBANZE21xqN9b4SsslEh":{"chainKey":{"counter":0,"key":"uxhiATewKswDLDKR5YJQQueSREpB/CDx7JGLQ/Tz3r4="},"chainType":2,"messageKeys":{}},"BVW0mqRvknnCWnLH82dEuS/ocTxT1xoFDeaqaEg0Qv51":{"chainKey":{"counter":2,"key":"xAsgSg3sOf/M9An+bcPagwpvuzizluUtU4Bw1wdXKqE="},"chainType":1,"messageKeys":{}}}}},"version":"v1"}