{"_sessions":{"BZf1PJTRMV7LCiJ7VEz5N9VlmNGeGc4uXwUzqFgBQg8i":{"registrationId":49083221,"currentRatchet":{"ephemeralKeyPair":{"pubKey":"BeVeMbdhKCiFCm9VnysKZhOkRIGpQmz+gxWOLXAbEC4c","privKey":"IBkr9PVELGI11IMHOeJ19gsuKBsTNC8t2SigKMFuUXg="},"lastRemoteEphemeralKey":"BRE7DTDU5lXewO8CWrgRCf/K/wpkk98pAHByNQPthH1u","previousCounter":0,"rootKey":"Ux8m/YL3kk6p3Cs6UnxDfozDz/lgIEkX5zvWz0J27m0="},"indexInfo":{"baseKey":"BZf1PJTRMV7LCiJ7VEz5N9VlmNGeGc4uXwUzqFgBQg8i","baseKeyType":1,"closed":-1,"used":1747626502833,"created":1747626502833,"remoteIdentityKey":"BbrOfLqOsSfj30QPLNOdNPvvNhzFgWhRh/NLR7Vc/g1Y"},"_chains":{"BeVeMbdhKCiFCm9VnysKZhOkRIGpQmz+gxWOLXAbEC4c":{"chainKey":{"counter":19,"key":"MiE9h91xmr2J1ib0had7atDpr8I5rvmutPN35TfVa1Y="},"chainType":1,"messageKeys":{}}},"pendingPreKey":{"signedKeyId":10,"baseKey":"BZf1PJTRMV7LCiJ7VEz5N9VlmNGeGc4uXwUzqFgBQg8i","preKeyId":5480433}}},"version":"v1"}