{"_sessions":{"BbrViQ5F5JfOwbgF5BZO9yZ92fS+b8m4zG96SVFWIZ0R":{"registrationId":1764988356,"currentRatchet":{"ephemeralKeyPair":{"pubKey":"BbWdqZ+FBDLQzZUOeVyf+zPi3ZnljRBSVvGxuXP1/WMt","privKey":"oBbavP3jFwtfpa/pj2jttgtt9kStPncYQwkhCxRTY1s="},"lastRemoteEphemeralKey":"BQVJaxLwykRBRW1YTaFmzQ30xt9E5mL9UQDoRDCE9RwZ","previousCounter":0,"rootKey":"/sQFuBuwGrUPyxp/xpd3h+CVUy67HHVsSWCMdRIdIRQ="},"indexInfo":{"baseKey":"BbrViQ5F5JfOwbgF5BZO9yZ92fS+b8m4zG96SVFWIZ0R","baseKeyType":1,"closed":-1,"used":1747231422341,"created":1747231422341,"remoteIdentityKey":"BaftyVjwIcvxJR28qBdlyQt5yPRDuo36RqUdoo5VDBQO"},"_chains":{"BbWdqZ+FBDLQzZUOeVyf+zPi3ZnljRBSVvGxuXP1/WMt":{"chainKey":{"counter":89,"key":"0hD6TBYqx53ZLqB9wS+wPUK6reoIPNq+MxfjC26HSM0="},"chainType":1,"messageKeys":{}}},"pendingPreKey":{"signedKeyId":4,"baseKey":"BbrViQ5F5JfOwbgF5BZO9yZ92fS+b8m4zG96SVFWIZ0R","preKeyId":5284480}}},"version":"v1"}