{"_sessions":{"BbSbEHKDezbPh8h/bKt9/6Kw+2RO6+LgPjidKYpRlkgC":{"registrationId":1990573787,"currentRatchet":{"ephemeralKeyPair":{"pubKey":"BVjMmQ2OaAiiZ3OFLgqST4+a8/6qGrWZ2POVjPcDwzoU","privKey":"mBQeLXcoKcJS4yyS+iazs0QtL2Quo4T7ywywx4GzkkA="},"lastRemoteEphemeralKey":"BUK2xypwWgK7wjrAYnNLvL/6bLyORohqXADdaDW+W2kq","previousCounter":0,"rootKey":"f6ho3OE8FVk6GH9UmIKeWnhupL77NtXW/pqo8G/OnoU="},"indexInfo":{"baseKey":"BbSbEHKDezbPh8h/bKt9/6Kw+2RO6+LgPjidKYpRlkgC","baseKeyType":1,"closed":-1,"used":1747231422111,"created":1747231422111,"remoteIdentityKey":"BcWPPg/w+9gZZ73nvIl7/3Vne/PYcNMXTZRsFHzaGtsu"},"_chains":{"BVjMmQ2OaAiiZ3OFLgqST4+a8/6qGrWZ2POVjPcDwzoU":{"chainKey":{"counter":89,"key":"oo2nfC+vJXh6UZHeOItqzAKKq6cGPgpuRD8vYS/F82Q="},"chainType":1,"messageKeys":{}}},"pendingPreKey":{"signedKeyId":14,"baseKey":"BbSbEHKDezbPh8h/bKt9/6Kw+2RO6+LgPjidKYpRlkgC","preKeyId":10059768}}},"version":"v1"}