{"_sessions":{"BVnVWpGI6I0vTN1eT5s/zSc1jhDTlimAp6Kpl/Hrtr18":{"registrationId":848826502,"currentRatchet":{"ephemeralKeyPair":{"pubKey":"Bd/BzGJaBAx5qCqrJTFpnZYcBG/H15IWJzkfXx9yiKZq","privKey":"8KpFTUgZiSXJYNAxm4vyAI1FI5U03eguVRdULg3GDmU="},"lastRemoteEphemeralKey":"BRRkoJhiJ10jMaR/NVLcDQOC2HGh5HIQ4xTTPGEWfX8N","previousCounter":0,"rootKey":"aRP+21Xm8l9HEJFtLruDy3c5j1k3xiF+ezXuVZwfs0I="},"indexInfo":{"baseKey":"BVnVWpGI6I0vTN1eT5s/zSc1jhDTlimAp6Kpl/Hrtr18","baseKeyType":1,"closed":-1,"used":1747231421662,"created":1747231421662,"remoteIdentityKey":"Ba6lVJ55zkq1XiP93WTM/c1F/nsaP2I+L1kwHSAhuFAC"},"_chains":{"Bd/BzGJaBAx5qCqrJTFpnZYcBG/H15IWJzkfXx9yiKZq":{"chainKey":{"counter":89,"key":"gdbtzqVsFb87FCJAvswoPNEyL37hD8XvOyNUemzBeiQ="},"chainType":1,"messageKeys":{}}},"pendingPreKey":{"signedKeyId":0,"baseKey":"BVnVWpGI6I0vTN1eT5s/zSc1jhDTlimAp6Kpl/Hrtr18","preKeyId":4831420}}},"version":"v1"}