{"_sessions":{"Bd9grB+e6tHlevHt3t4lxceiFwRygzOpxsquDcfWyih8":{"registrationId":1604215149,"currentRatchet":{"ephemeralKeyPair":{"pubKey":"BR+eTGjGgKPUi984frsvxgzwdqOBFZk+fubcg5spEmQ2","privKey":"6PocG13K9/FDrmMkE96FJMg2xu4y33bCcb3/gEav5kE="},"lastRemoteEphemeralKey":"BeuRYtroIvUtNBkQfq/0e5RraIFxbmgj1DkwbpfGXV9D","previousCounter":0,"rootKey":"fXd1KBk8KccfqSlPbQwst03KWhO8AMnk5huGiGhKavg="},"indexInfo":{"baseKey":"Bd9grB+e6tHlevHt3t4lxceiFwRygzOpxsquDcfWyih8","baseKeyType":1,"closed":-1,"used":1747269910540,"created":1747269910540,"remoteIdentityKey":"BXpBgT0byeV/WcyKra/qetLuxT5z39Q7mVONAPPK07xG"},"_chains":{"BR+eTGjGgKPUi984frsvxgzwdqOBFZk+fubcg5spEmQ2":{"chainKey":{"counter":0,"key":"rqKTK/OIwVvgDvsfcjwrgrFoTOfmFMGe85E79lF4+kE="},"chainType":1,"messageKeys":{}}},"pendingPreKey":{"signedKeyId":15,"baseKey":"Bd9grB+e6tHlevHt3t4lxceiFwRygzOpxsquDcfWyih8","preKeyId":638038}}},"version":"v1"}