{"_sessions":{"BQ3ex7ckg0bw+jeRdmVv/yPyF5WM+o2KrtK7no4Y3/Bs":{"registrationId":95,"currentRatchet":{"ephemeralKeyPair":{"pubKey":"BXKHz9dbolak+Oudqq56K6QQn2CZJFhMRX7EF8tquIUG","privKey":"oAyJkG+YOkRGzo/D4lXkR3f0RvIbF2hhbGzqMkOBdWM="},"lastRemoteEphemeralKey":"BZJLj/JaT7gyJZi4CYovgiQ063KldCoMXYyTdP/3bv8j","previousCounter":0,"rootKey":"T4BXEEyowmeQXnbrGpWK03FchR1NPmCUpkWx6cfHghg="},"indexInfo":{"baseKey":"BQ3ex7ckg0bw+jeRdmVv/yPyF5WM+o2KrtK7no4Y3/Bs","baseKeyType":1,"closed":-1,"used":1747387789553,"created":1747387789553,"remoteIdentityKey":"BSVwWgw3MAQCGFgymMvT7Z2xt5ANwZDbqqEJWnmSwaZB"},"_chains":{"BXKHz9dbolak+Oudqq56K6QQn2CZJFhMRX7EF8tquIUG":{"chainKey":{"counter":9,"key":"z2Kj1f7pmJW58SRqeA8T6iXGZn/67qQiiFQlGwmiOek="},"chainType":1,"messageKeys":{}}},"pendingPreKey":{"signedKeyId":1,"baseKey":"BQ3ex7ckg0bw+jeRdmVv/yPyF5WM+o2KrtK7no4Y3/Bs"}}},"version":"v1"}