{"_sessions":{"BSUAtTcMjpGg/ERbmZb0TDPCDBLTd8VROdhWXH1UmHgY":{"registrationId":1490584475,"currentRatchet":{"ephemeralKeyPair":{"pubKey":"BbBVlvVAM1D0HIe8LwK7jaUxA+4nsalVTN8y70DHNTh3","privKey":"iHFUIxn71O5cOWTQnk3b5Z9vLt7Rv/nGsIRKZVEWo2A="},"lastRemoteEphemeralKey":"BVk841RfcTPVj0KOJsanai5DBw7kBcI4B5Nw8CcJcqZv","previousCounter":0,"rootKey":"4ie4GdvAGABKKXcNOaNtLA91TCcWi8NvpwwgLZXpFJA="},"indexInfo":{"baseKey":"BSUAtTcMjpGg/ERbmZb0TDPCDBLTd8VROdhWXH1UmHgY","baseKeyType":1,"closed":-1,"used":1747231422061,"created":1747231422061,"remoteIdentityKey":"BYeD/AWP7n736K4sA5cIinoUZKKrjlma7BT9tCTGeZ91"},"_chains":{"BbBVlvVAM1D0HIe8LwK7jaUxA+4nsalVTN8y70DHNTh3":{"chainKey":{"counter":89,"key":"hxDj6J41E+t3AIxDLq5Tjta3sp9WKAdm+wjpI84gUkQ="},"chainType":1,"messageKeys":{}}},"pendingPreKey":{"signedKeyId":1,"baseKey":"BSUAtTcMjpGg/ERbmZb0TDPCDBLTd8VROdhWXH1UmHgY"}}},"version":"v1"}