{"_sessions":{"BfFsbKWBbn8+Ds38CO+C8+0+HHJVMLhnFGtdDysjO0Ee":{"registrationId":264050587,"currentRatchet":{"ephemeralKeyPair":{"pubKey":"BZzavqsh/1cfXUUfs+7YWlNLlG4rsOarD6c93BLpaSw7","privKey":"GKESuYmsUzgp46PNmGEM4VjNmSsz1NHp1xiI24j1g1U="},"lastRemoteEphemeralKey":"BWUkw8v1yejrVufv3wC5Kw93zkvUom8dp+kPJTCyuoNc","previousCounter":46,"rootKey":"meeZx8iPuWjwVx0tD46PnaaDrf9k2hoSes18XK3RuHQ="},"indexInfo":{"baseKey":"BfFsbKWBbn8+Ds38CO+C8+0+HHJVMLhnFGtdDysjO0Ee","baseKeyType":1,"closed":-1,"used":1747619759226,"created":1747231422455,"remoteIdentityKey":"BVgLntWO+jL/V4c34kwblbbdQCN8MeIVNIWU0N9a1Z4U"},"_chains":{"BWwc8KnyxR353ggTVGfXDt2sPO/IcXzVCHbI+0lLAtth":{"chainKey":{"counter":1},"chainType":2,"messageKeys":{}},"BednQWDUmyCQvMiiT/B+vlwUaqBY1qnoA+T1T+cG5O4u":{"chainKey":{"counter":0},"chainType":2,"messageKeys":{}},"BWcAvxwTpagV+qkie71Q0dZzpHodW5WBeEiygPEzulgO":{"chainKey":{"counter":0},"chainType":2,"messageKeys":{}},"BWUkw8v1yejrVufv3wC5Kw93zkvUom8dp+kPJTCyuoNc":{"chainKey":{"counter":1,"key":"arnNWz+ISfFdakcOc/w6oVnJ+zjjLKvwIJ0ZOdaKYEs="},"chainType":2,"messageKeys":{}},"BZzavqsh/1cfXUUfs+7YWlNLlG4rsOarD6c93BLpaSw7":{"chainKey":{"counter":19,"key":"cZiTvO0qusWb2/ju0GEGajVhZNYavY418Nbk7khLtUQ="},"chainType":1,"messageKeys":{}}}}},"version":"v1"}