{"_sessions":{"BU3pyuWVqao0MhOXLo9qt/2CBo2tYqmK2uTrwAaUivlT":{"registrationId":159,"currentRatchet":{"ephemeralKeyPair":{"pubKey":"BXPqJ+f6lJpJNnus270vHxcSSgT0yvbduCT4WDz6HYVa","privKey":"2OenlAJyQzsTh5IQQ0HjunV0SFuZxiCkHEu1D2fU+k0="},"lastRemoteEphemeralKey":"BSVFsapGhzFobP0BBLEpFT1vfOPmIer7x0b6QG5ivlZp","previousCounter":0,"rootKey":"ovlqUOseLNFW1BJcVH189JERGDBoXyHmtSUftkQMdDU="},"indexInfo":{"baseKey":"BU3pyuWVqao0MhOXLo9qt/2CBo2tYqmK2uTrwAaUivlT","baseKeyType":1,"closed":-1,"used":1747231421893,"created":1747231421893,"remoteIdentityKey":"BQtMA4nd9RBeCdA4zRuUtz/ztpqsxM3R4wTjndF01LoW"},"_chains":{"BXPqJ+f6lJpJNnus270vHxcSSgT0yvbduCT4WDz6HYVa":{"chainKey":{"counter":0,"key":"rVZXzLsBlSuTaCEVLUaTOkQdQl1mTxqKwM21mRF/kMk="},"chainType":1,"messageKeys":{}}},"pendingPreKey":{"signedKeyId":1,"baseKey":"BU3pyuWVqao0MhOXLo9qt/2CBo2tYqmK2uTrwAaUivlT","preKeyId":45}}},"version":"v1"}