{"_sessions":{"BUcVnoRCz5kOlEFxGQJOibdvP/OxjeCm90igN85u7KRb":{"registrationId":40,"currentRatchet":{"ephemeralKeyPair":{"pubKey":"BQ/hPmMm79Wa7d1j6lS1JQDfuilDPd1KgIlabIOXK6Ja","privKey":"QJT+D644uC9qTd1TH1PaKBd/JqTCwf+f+WDn94/I9lg="},"lastRemoteEphemeralKey":"BYNMPV0Xg2mUsGQ4jdipnRvgnfTvY5ge6vg5JApRfFxi","previousCounter":0,"rootKey":"k+iIA5eL/4jTsWsFfaWqgSd6G46jMI9Dfd/i4cpFTXs="},"indexInfo":{"baseKey":"BUcVnoRCz5kOlEFxGQJOibdvP/OxjeCm90igN85u7KRb","baseKeyType":1,"closed":-1,"used":1747619717983,"created":1747619717983,"remoteIdentityKey":"BS3W2MhmNlGoQ9hy3EtdEGdh2AGLUdEXupN+jGchYHpD"},"_chains":{"BQ/hPmMm79Wa7d1j6lS1JQDfuilDPd1KgIlabIOXK6Ja":{"chainKey":{"counter":20,"key":"61eiTeFtWa1d3A4uNY0kLWRW6/3IRwLjPlIrhHglE34="},"chainType":1,"messageKeys":{}}},"pendingPreKey":{"signedKeyId":1,"baseKey":"BUcVnoRCz5kOlEFxGQJOibdvP/OxjeCm90igN85u7KRb"}}},"version":"v1"}