{"_sessions":{"BXigWqIHFVGnNu8ddTMh83s4CQNDMACShnQfDP6JoWUk":{"registrationId":993099650,"currentRatchet":{"ephemeralKeyPair":{"pubKey":"BT+JZ7bw45wQini+C5M5JQ0tb4MItiiSmd0z89B2QeRf","privKey":"CP/NvK6m6TR4jSvc3L60geNrfCUWVYZu8pn7AKJgVmE="},"lastRemoteEphemeralKey":"BS2g0geIewY0R4PKa1w3PajuXWIXOp8sYbjZMiDw4h9c","previousCounter":0,"rootKey":"XEUwPpyvo4X8dbXxYOn75iyQS+gyaIIs1R2ozl9iu1I="},"indexInfo":{"baseKey":"BXigWqIHFVGnNu8ddTMh83s4CQNDMACShnQfDP6JoWUk","baseKeyType":1,"closed":-1,"used":1747283733218,"created":1747283733218,"remoteIdentityKey":"BX3BjmA0+d9WL1Nm6KymbzpRPywqOUXMtrgfltboKblP"},"_chains":{"BT+JZ7bw45wQini+C5M5JQ0tb4MItiiSmd0z89B2QeRf":{"chainKey":{"counter":5,"key":"rsBcEM/7mo8SXhgxsA1sL94zRqWyLpJ1E9YKptMErys="},"chainType":1,"messageKeys":{}}},"pendingPreKey":{"signedKeyId":1,"baseKey":"BXigWqIHFVGnNu8ddTMh83s4CQNDMACShnQfDP6JoWUk"}}},"version":"v1"}