{"_sessions":{"BS8mXc6vEnUhXbMnmBax4wZn3474d0FAhlMyLPC2vQ5I":{"registrationId":644059957,"currentRatchet":{"ephemeralKeyPair":{"pubKey":"BePYdwpeM1ANif1Bq22EHpiETiH+2b+jS7imS9Lngscl","privKey":"oARdMjIikG5g+hwE8bOiKFOuIi5yGR5+4q8EpLaUukA="},"lastRemoteEphemeralKey":"Bbzu272AGs/q/ZRnAVccWCJa4NVEHOzRQFINt5JLtpwk","previousCounter":0,"rootKey":"8xxjMZAu0eSpnP3QDRhMnUTvklODmff5N7Sqmleq/qI="},"indexInfo":{"baseKey":"BS8mXc6vEnUhXbMnmBax4wZn3474d0FAhlMyLPC2vQ5I","baseKeyType":1,"closed":-1,"used":1747231422386,"created":1747231422386,"remoteIdentityKey":"BTcc1G8FBJV+Ff9VvQFT3bKufGsjEazBFjogUx5P0CMc"},"_chains":{"BePYdwpeM1ANif1Bq22EHpiETiH+2b+jS7imS9Lngscl":{"chainKey":{"counter":89,"key":"/3TXqxxGWxlHcxUW309sGYNu/yuVLWFMU7OKKOObu4c="},"chainType":1,"messageKeys":{}}},"pendingPreKey":{"signedKeyId":1,"baseKey":"BS8mXc6vEnUhXbMnmBax4wZn3474d0FAhlMyLPC2vQ5I"}}},"version":"v1"}