{"_sessions":{"BaOyNY4K9Vp2HhXTEUaB9kbDcAlkksG+XxfNOuYQuS0k":{"registrationId":5,"currentRatchet":{"ephemeralKeyPair":{"pubKey":"BWZcpBfiACDs1GT2H6NHJa7VB+idusPvTXlz/Z/IJXt1","privKey":"wK8EjIVpiD4iQYpgvpYAeYjX7Wrydime/LUxd2q7V2Y="},"lastRemoteEphemeralKey":"BcjmAnIcnuRnXSOAWKCqPc8poJqJfsgLfcIxbu4oTDwR","previousCounter":0,"rootKey":"Q8uPg9kfp8xRYnctQxhwanvONlK0+rGb+aCxZRwozxs="},"indexInfo":{"baseKey":"BaOyNY4K9Vp2HhXTEUaB9kbDcAlkksG+XxfNOuYQuS0k","baseKeyType":2,"closed":-1,"used":1747567293325,"created":1747567293325,"remoteIdentityKey":"BZyqajPX0hHObx9qsJSu+RZfLVbQMQmVWcLZ9jGiXCN8"},"_chains":{"BcjmAnIcnuRnXSOAWKCqPc8poJqJfsgLfcIxbu4oTDwR":{"chainKey":{"counter":1,"key":"dwvaJxCyrBMMbkrWz7YqP2Fh9v5Dn5lVyr3gDs0Bc4o="},"chainType":2,"messageKeys":{}},"BWZcpBfiACDs1GT2H6NHJa7VB+idusPvTXlz/Z/IJXt1":{"chainKey":{"counter":3,"key":"8A7WoCPOjHfoyiBK401WOsp+MSUPXZriu6v5sAa6cJQ="},"chainType":1,"messageKeys":{}}}}},"version":"v1"}