{"_sessions":{"BUI8q9EaxCqscmJOeT/mHkkrE0nB4IGq7xc0J6KWa1Zv":{"registrationId":1787610366,"currentRatchet":{"ephemeralKeyPair":{"pubKey":"BftpUmX1SggByyafkBFzsP1m1nIdQs+6KMFbHWo/g/Zi","privKey":"WDX/6NYpzS2xgHd1LXRnhA0wHG94CtZTNH0N2X9+M1M="},"lastRemoteEphemeralKey":"BZN9D7lYjYDgkJIBnxc7X0rNIVMiGzwy6FHFOmL/3mo7","previousCounter":0,"rootKey":"NuFg9KwqmJYv8NpQwF/t3zgzpt2b2RtvuWkl/uheNlw="},"indexInfo":{"baseKey":"BUI8q9EaxCqscmJOeT/mHkkrE0nB4IGq7xc0J6KWa1Zv","baseKeyType":1,"closed":-1,"used":1747231422646,"created":1747231422646,"remoteIdentityKey":"BRdsFRyOldCheaa3oGFCrV5jdRDlM2s05gBIUAqLvXZK"},"_chains":{"BftpUmX1SggByyafkBFzsP1m1nIdQs+6KMFbHWo/g/Zi":{"chainKey":{"counter":89,"key":"mezESR37Pf7z1NT2vKdinKyGevZshFyusWmB0bQPFlU="},"chainType":1,"messageKeys":{}}},"pendingPreKey":{"signedKeyId":0,"baseKey":"BUI8q9EaxCqscmJOeT/mHkkrE0nB4IGq7xc0J6KWa1Zv"}}},"version":"v1"}