{"_sessions":{"BQ0r+xhDBEr2zCjHgGE90uNg6qoOxN42eLjk/ndFkAU7":{"registrationId":450,"currentRatchet":{"ephemeralKeyPair":{"pubKey":"BQNf1L9cQeydigJg1MbtUe+POC5lqF1GTuFD6zoFV0oh","privKey":"4GsGhV69DQypeQIKT+NE/yRUwNYep3MrPS9att8IsXw="},"lastRemoteEphemeralKey":"BWTNVIzkoEthZsdLYV2ppK/8dAY28ruBLeTv5HnXCfYh","previousCounter":0,"rootKey":"euY+XtSPPE4mEKrPLWdtXCoEpSSyWoLW1H0h/1V4U5A="},"indexInfo":{"baseKey":"BQ0r+xhDBEr2zCjHgGE90uNg6qoOxN42eLjk/ndFkAU7","baseKeyType":1,"closed":-1,"used":1747269915122,"created":1747269915122,"remoteIdentityKey":"BRx1w1jouSHE6FPASMmonJU0il2CecY3ALPhH73suMBZ"},"_chains":{"BQNf1L9cQeydigJg1MbtUe+POC5lqF1GTuFD6zoFV0oh":{"chainKey":{"counter":0,"key":"XHDpP9ucvd7PfgVHdpGDXdt83IowSUppnE0JEikAbxA="},"chainType":1,"messageKeys":{}}},"pendingPreKey":{"signedKeyId":1,"baseKey":"BQ0r+xhDBEr2zCjHgGE90uNg6qoOxN42eLjk/ndFkAU7"}}},"version":"v1"}