{"_sessions":{"BR0x9ffcstEZirEhq2hnTAMTRo9kBbjVF4z/H4El9dEg":{"registrationId":194,"currentRatchet":{"ephemeralKeyPair":{"pubKey":"BSErvI42+VNBLHI8ZID9dEjwYRfcoj0DWEmP9wE5ErQ/","privKey":"IAu7NB8Q7dvDjpj+4AbB1EE1waKkiWCqHRe7H1shGEE="},"lastRemoteEphemeralKey":"BQ22B95vQMK0EVx/V64Ea50RRrWmT1pDEbQCo1vPiclx","previousCounter":0,"rootKey":"DrS2CTpgBhoCbUI29Ubu5FXm9qJU+lLfCeId/P56+9o="},"indexInfo":{"baseKey":"BR0x9ffcstEZirEhq2hnTAMTRo9kBbjVF4z/H4El9dEg","baseKeyType":1,"closed":-1,"used":1747231421803,"created":1747231421803,"remoteIdentityKey":"BTfTBL2tBcBXZxGzNKzMz5blFMNVWaupjEw7X5GuBGJz"},"_chains":{"BSErvI42+VNBLHI8ZID9dEjwYRfcoj0DWEmP9wE5ErQ/":{"chainKey":{"counter":13,"key":"QM3zu4h1LHXpovBo4SK8hNrGm4M+U4sqgpinaCO5/k8="},"chainType":1,"messageKeys":{}}},"pendingPreKey":{"signedKeyId":1,"baseKey":"BR0x9ffcstEZirEhq2hnTAMTRo9kBbjVF4z/H4El9dEg"}}},"version":"v1"}