{"_sessions":{"Bd2pEq5jnqDHxrd+h4KZc+qwqo2XrUGimSrANnvGOQgL":{"registrationId":350857310,"currentRatchet":{"ephemeralKeyPair":{"pubKey":"BXnOpmaXzCs7PGdYz8boJWuZiD2abt3BA7U7vSeaqBRK","privKey":"6JBgicxBaA09tv+jNo4/oAjVwXyF+rh+CUMc+HNw7Us="},"lastRemoteEphemeralKey":"BeH5rrYhEacYhHgBOr65/hEH2Ru5DKU7jPgAELsxZOJv","previousCounter":0,"rootKey":"pNk1g2hecxee8rG5q72j46V58mR1NwQL0+chOWYORdI="},"indexInfo":{"baseKey":"Bd2pEq5jnqDHxrd+h4KZc+qwqo2XrUGimSrANnvGOQgL","baseKeyType":1,"closed":-1,"used":1747231422027,"created":1747231422027,"remoteIdentityKey":"BTu6hmqSn3b6530/VKLI2k6SXQoEL4OF6eN6XicOALAB"},"_chains":{"BXnOpmaXzCs7PGdYz8boJWuZiD2abt3BA7U7vSeaqBRK":{"chainKey":{"counter":89,"key":"Qdwj1tGReaSMWU9Q13Qx/ZfnAFv00pdiDI9UKEwqfpY="},"chainType":1,"messageKeys":{}}},"pendingPreKey":{"signedKeyId":1,"baseKey":"Bd2pEq5jnqDHxrd+h4KZc+qwqo2XrUGimSrANnvGOQgL","preKeyId":5017838}}},"version":"v1"}