{"_sessions":{"BcQulzlzONs5ah7baSFJ8wQR7oEuMaBBuvkrYr+VAPQz":{"registrationId":1147734936,"currentRatchet":{"ephemeralKeyPair":{"pubKey":"BdgEwsxLvdhKeOO9UYn9WmDOZutVm9vi62vSxT2PqMkL","privKey":"IEA9hhWoGN1DkHEUQ/b3zTciaZI6X4CyB9YrXpfkM3M="},"lastRemoteEphemeralKey":"BYYfqYZ5sjWdoIL4hgxVTkfTPH4lzx/LC1Bm/22+0oFy","previousCounter":0,"rootKey":"1yXoZUfK+qtXnc7ZkLEpQBDynA4wM/6RbAph9FgUxAY="},"indexInfo":{"baseKey":"BcQulzlzONs5ah7baSFJ8wQR7oEuMaBBuvkrYr+VAPQz","baseKeyType":1,"closed":-1,"used":1747231422559,"created":1747231422559,"remoteIdentityKey":"BcnELq6KtHeeNeyFIyNLtXcv6LfqmLkI4u0seoBDpKoD"},"_chains":{"BdgEwsxLvdhKeOO9UYn9WmDOZutVm9vi62vSxT2PqMkL":{"chainKey":{"counter":89,"key":"fnd/+to/9pal0H1U5o/RirxaQBT+9H4F0RMQvewiF9U="},"chainType":1,"messageKeys":{}}},"pendingPreKey":{"signedKeyId":0,"baseKey":"BcQulzlzONs5ah7baSFJ8wQR7oEuMaBBuvkrYr+VAPQz"}}},"version":"v1"}