{"_sessions":{"BXvwBoobor24Pg6tCCXkOhw5PA/1m2gQtVJWtmWKS7lF":{"registrationId":92943915,"currentRatchet":{"ephemeralKeyPair":{"pubKey":"BWLkxht+EGjAHKiYNjJRfPvu7spAaic2JI/VzQqPTMMh","privKey":"MJsi7IM+E4+jBAccXZnZohQmQ4A8oLNp5icRxxLP8VU="},"lastRemoteEphemeralKey":"BftSEY8pwDp1FBwUgQHU6iA+XMasJPi4fPiQDniw2NRR","previousCounter":0,"rootKey":"9ihT+mtQmeNEQOh7V6iixbJVjsPYgvj6bhijoskwmmw="},"indexInfo":{"baseKey":"BXvwBoobor24Pg6tCCXkOhw5PA/1m2gQtVJWtmWKS7lF","baseKeyType":1,"closed":-1,"used":1747231422378,"created":1747231422378,"remoteIdentityKey":"BaRMqebhLbbrNHi3NyTESUgtSu+9Ijb4EqdKDOWRXvVE"},"_chains":{"BWLkxht+EGjAHKiYNjJRfPvu7spAaic2JI/VzQqPTMMh":{"chainKey":{"counter":89,"key":"IXYKt1ZagMG88//0DbGhLxDqPodHNF4yA4U9ZfxsTsA="},"chainType":1,"messageKeys":{}}},"pendingPreKey":{"signedKeyId":2,"baseKey":"BXvwBoobor24Pg6tCCXkOhw5PA/1m2gQtVJWtmWKS7lF"}}},"version":"v1"}