{"_sessions":{"BW07a7cHrT9uZFR47c/aFFboUTtk0l7HCs2C3uZqpNVU":{"registrationId":113901372,"currentRatchet":{"ephemeralKeyPair":{"pubKey":"BXXUru/yQ8PxFFru2cqX+jbrXhZuY7XM4zCbueLhKSEx","privKey":"uLvwbXhN7hVF9jVBtowipXPyX9EaTBbCByYpyeocdFU="},"lastRemoteEphemeralKey":"BUu9txJAy1LAeyDNpQlVHt6WvuWuIarjPHGa0pFOz+4f","previousCounter":0,"rootKey":"WajAfwxHBw6v+c13DGXaflpaDwhmiHXwMrH/ny8HLE4="},"indexInfo":{"baseKey":"BW07a7cHrT9uZFR47c/aFFboUTtk0l7HCs2C3uZqpNVU","baseKeyType":1,"closed":-1,"used":1747654544779,"created":1747231422243,"remoteIdentityKey":"BTfa0Wwup6e1HsyUp8uvOY1ZHMtlz3K/q2KqzQClvLIL"},"_chains":{"Bf1sZoKpN9hDw/F/cphXdaqLt5BvVi38AhIvsvk9j00a":{"chainKey":{"counter":1},"chainType":2,"messageKeys":{}},"Ba3QDoOkNkpQ1+mD3pvJYE+ZWlSyLqEYrW0xuRFGwHpb":{"chainKey":{"counter":0},"chainType":2,"messageKeys":{}},"BfWZKKWIGBbi0GSIn/sqr7xUtrI+yiKR9OoSeBqCfOkZ":{"chainKey":{"counter":0},"chainType":2,"messageKeys":{}},"Baf1lhm4zKA44rmdfsCzRmdCZcHrBEiIO4f7xm2iiBgf":{"chainKey":{"counter":0},"chainType":2,"messageKeys":{}},"BQoyC0IeAbS4+rjw6mkBynd8us7kJ1Js84Y75LhMYVlS":{"chainKey":{"counter":0},"chainType":2,"messageKeys":{}},"BagQGSqAWGp9jiLoBWKQ2G08TC2CDzcUIzUopZ2CnCc0":{"chainKey":{"counter":0},"chainType":2,"messageKeys":{}},"Bay9MJOZsnFJ62ebqyfmVnvN/6sBJuufSaiOhEWAKHF7":{"chainKey":{"counter":0},"chainType":2,"messageKeys":{}},"Bdq3mdw80SiaAXuDpOV4KoPRZ8Qj2snZXjYHGyBk1gtk":{"chainKey":{"counter":0},"chainType":2,"messageKeys":{}},"BfW7Ln7N3dOLHC6mUq669EYfWmCAI0PLJbU/fojxaXZF":{"chainKey":{"counter":3},"chainType":2,"messageKeys":{"1":"8AL8na0Sirum7blwoXe3qLxeqUy0dUCvqEPEGi53J84=","2":"0xR5i6ZCBY201tXHb4VYNmqd5DMaijRnGyp14ieaRIw="}},"BaDVzU45+D/91Gef1Yj9glQQgCwHJFmXEjYtXpIQbaxa":{"chainKey":{"counter":0},"chainType":2,"messageKeys":{}},"BapaBuaaiND9YttUFuX9HrgNaNrH4Xa64jOohTXHrqMc":{"chainKey":{"counter":0},"chainType":2,"messageKeys":{}},"BQf8zJx2LBkaXK+lQ4CegkUcp9ri9cpPyI0NF49j3XF3":{"chainKey":{"counter":0},"chainType":2,"messageKeys":{}},"BeXDq81/I7Tpp33fA0mQKn+kANA4gZcfwY/rCPRfkzZe":{"chainKey":{"counter":0},"chainType":2,"messageKeys":{}},"Bb7CYREU1Z0uD0NRWcXRrkcQFobBCyhvdxzQ4Cfo1cQW":{"chainKey":{"counter":0},"chainType":2,"messageKeys":{}},"BcSzt7DWo2EWfELNRmcD+Q7qGQC6LTnT1iMX3DOYcE9i":{"chainKey":{"counter":0},"chainType":2,"messageKeys":{}},"BZtSSLOXBV/CFj8rSZl32hGBEplhIpiorHCDFEW6noh3":{"chainKey":{"counter":0},"chainType":2,"messageKeys":{}},"BS7IECcy6zsoKOmCTKXbO9PjhoeGXoTRBQJcnsYcup0S":{"chainKey":{"counter":0},"chainType":2,"messageKeys":{}},"BXuAqSm3V3gHUV91bp3t9z6P6cPCSehXxy45idtfeNEu":{"chainKey":{"counter":0},"chainType":2,"messageKeys":{}},"BRPPJa1RGvFIuUIC0CpBy0nVi3qghxb6qK4Bv0vBXFwU":{"chainKey":{"counter":0},"chainType":2,"messageKeys":{}},"BYonr8umZ45oYcgM+jra2Ach8/2Fj64cYDi+Gn9P8I5K":{"chainKey":{"counter":0},"chainType":2,"messageKeys":{}},"BXC2eidzRcgfPCmtbsxWvRWi8MiLFFFm/0d3ZoJT6nAX":{"chainKey":{"counter":0},"chainType":2,"messageKeys":{}},"BRdZoigHaErT/WqD/4SuL9SxRSkkkpJNJHKqcW3INzIw":{"chainKey":{"counter":0},"chainType":2,"messageKeys":{}},"BQ5d2aGqwnBivvNVhKrMhcEtRjx2jEFdVK6t9jrbxC1T":{"chainKey":{"counter":0},"chainType":2,"messageKeys":{}},"BVHCmyWAPB2xOJDyVg7o7LP5b92KzboIZ72k81hQY7wR":{"chainKey":{"counter":0},"chainType":2,"messageKeys":{}},"BX7kMEjexmfMkcxfyT9zJf6jwNcPc+G/9kSOfuIENgRB":{"chainKey":{"counter":1},"chainType":2,"messageKeys":{}},"BT03Zi9KFY8cG3yTGF9rO/c6x+bjWtJp+frUhFTX6l9h":{"chainKey":{"counter":0},"chainType":2,"messageKeys":{}},"BSZI7cVGZ4tbiKrfnoUFOSQu4QMQR4wCIS6sDRjzt6l5":{"chainKey":{"counter":0},"chainType":2,"messageKeys":{}},"BeEwA0tQEIUerpMErZ9LbH6TwExAiMkgcfoqU0cJeWMY":{"chainKey":{"counter":0},"chainType":2,"messageKeys":{}},"BaDnN+kZYZ0+EEKO9JFngq/wLe2RgCqPS/yoNVFmb+Y2":{"chainKey":{"counter":0},"chainType":2,"messageKeys":{}},"BaPpqU78LXfOKOv+3D+bu1H74qYgwf0nxgL7ScrtBx52":{"chainKey":{"counter":0},"chainType":2,"messageKeys":{}},"BdN43/bnN08YDhOwgi3FTBuiOMrT80GKtybudJxXCYMT":{"chainKey":{"counter":0},"chainType":2,"messageKeys":{}},"BW3AFf9ZfEYkl7mxUO9Z3vsLTKqTCGtu1VzWWuLRi28F":{"chainKey":{"counter":0},"chainType":2,"messageKeys":{}},"BeGcypCbndpGn/XpDPd6MnQzyvfLmhyPWxYIfmRGE4JA":{"chainKey":{"counter":0},"chainType":2,"messageKeys":{}},"BYl9EQWkxPn0HojfnPNdAhs4OoIlocjBwxfJJwTZivxw":{"chainKey":{"counter":0},"chainType":2,"messageKeys":{}},"BR1KsyBB56K7LSJ80OmxcGkDd21xDCLc1OydDAxfCQNy":{"chainKey":{"counter":0},"chainType":2,"messageKeys":{}},"BQY4rQC7gYdqduEt0rSqfuJ+s+I+lmW95FLHjl5yzmUJ":{"chainKey":{"counter":0},"chainType":2,"messageKeys":{}},"BQnvJiC9v0SVAKF8yLM57IxL0fsRC3jDMC25mJtismZB":{"chainKey":{"counter":0},"chainType":2,"messageKeys":{}},"Ba2mVBC1AauYFb1BlZt9HMmb/g4NwDTUNEhkDUuadzxJ":{"chainKey":{"counter":0},"chainType":2,"messageKeys":{}},"BRpTyJpmaFUqJ6onxavo702Jp5Gbd0j2tqUoYoayB24P":{"chainKey":{"counter":0},"chainType":2,"messageKeys":{}},"BUu9txJAy1LAeyDNpQlVHt6WvuWuIarjPHGa0pFOz+4f":{"chainKey":{"counter":0,"key":"FVyDDSWwDSGxckUk5vmjc7GFoj/JSoF2g1sLsbZfOsQ="},"chainType":2,"messageKeys":{}},"BXXUru/yQ8PxFFru2cqX+jbrXhZuY7XM4zCbueLhKSEx":{"chainKey":{"counter":4,"key":"rSf1aRM0nhzFR9Qzz/20S+Qbz0MGj1WeZl3W4PP268I="},"chainType":1,"messageKeys":{}}}}},"version":"v1"}