{"_sessions":{"Bc2YadMqqCzmPc8cnkk9yQ63HgCCpF8PVDLWOPPFaEAV":{"registrationId":620,"currentRatchet":{"ephemeralKeyPair":{"pubKey":"BYm9742P7RzRKLCyZzIWm77wj+85103U60sBeVo+Tk15","privKey":"kETB6ajNyGoZNAAbh7tt0nbA+jmT9Rq1bsKZsU/KpU8="},"lastRemoteEphemeralKey":"BemZxlf83XcApeMILkG6M1k1udUgs5Der0CAP9PSlN4/","previousCounter":0,"rootKey":"kmct27Xdf02pqWvIk1LrXMxB4r3GzdyNsOREqJq2hI8="},"indexInfo":{"baseKey":"Bc2YadMqqCzmPc8cnkk9yQ63HgCCpF8PVDLWOPPFaEAV","baseKeyType":1,"closed":-1,"used":1747269904006,"created":1747269904006,"remoteIdentityKey":"BWinJk3pkxLZK4gQ0i8T8P4H0aEZ/rod7Vi9/1phi511"},"_chains":{"BYm9742P7RzRKLCyZzIWm77wj+85103U60sBeVo+Tk15":{"chainKey":{"counter":3,"key":"BOz9ihu9OtU/rLinpmt5uorAXdK9iGefjmcIUElkOrs="},"chainType":1,"messageKeys":{}}},"pendingPreKey":{"signedKeyId":1,"baseKey":"Bc2YadMqqCzmPc8cnkk9yQ63HgCCpF8PVDLWOPPFaEAV","preKeyId":1310}}},"version":"v1"}