{"_sessions":{"BdCEUZaKSP+b8fVgBte0F5I0r5ZWoaGFpNWgZ79kf/gB":{"registrationId":80441111,"currentRatchet":{"ephemeralKeyPair":{"pubKey":"BcQHqvJYb8TzCMF/npmZ+snAMR/EsDGA3WMV0KCiPbpi","privKey":"GGOcfjLeQ816gt7TY26xccb/y2JJFprzna/d/dHPZlo="},"lastRemoteEphemeralKey":"BYuHp/eSDDnUG2owg56OJmLIYflY3ywT97O5t7tOg/sE","previousCounter":0,"rootKey":"ZORiXM6afDrcLh1s10YCKlSrM0qM3Bq6o5NZ/1XG64M="},"indexInfo":{"baseKey":"BdCEUZaKSP+b8fVgBte0F5I0r5ZWoaGFpNWgZ79kf/gB","baseKeyType":1,"closed":-1,"used":1747231422212,"created":1747231422212,"remoteIdentityKey":"BZRGXOy9WGPBUx5ywiXq2MHOAcDZ195UvuYFC8LPMw9t"},"_chains":{"BcQHqvJYb8TzCMF/npmZ+snAMR/EsDGA3WMV0KCiPbpi":{"chainKey":{"counter":89,"key":"KjJthbYyBAYPlHV/nQoB0JerY4F44OrEwcxayLAzqT0="},"chainType":1,"messageKeys":{}}},"pendingPreKey":{"signedKeyId":0,"baseKey":"BdCEUZaKSP+b8fVgBte0F5I0r5ZWoaGFpNWgZ79kf/gB","preKeyId":2199077}}},"version":"v1"}