{"_sessions":{"BV5d4ND2mquTHVUEDOBUZI1AO4qCLp1kjJMfjkRUufd0":{"registrationId":202,"currentRatchet":{"ephemeralKeyPair":{"pubKey":"BftNNHWVMAtdgp+R6FBDi8YY3nOYKPrIhJmpwfKc11Rp","privKey":"kCxFBAjO5I/d142U4rg0NzPMen4nD4+nAVS5NNkiEEw="},"lastRemoteEphemeralKey":"BTtyWtyv/uTi65BoD9/vcq/UdU+StmCLAI/vm+N0oCBn","previousCounter":0,"rootKey":"90E4JnJBf/4dtDhvhi4ByJ+hzi6NwOL9x8WfpQHE3Ig="},"indexInfo":{"baseKey":"BV5d4ND2mquTHVUEDOBUZI1AO4qCLp1kjJMfjkRUufd0","baseKeyType":1,"closed":-1,"used":1747387789548,"created":1747387789548,"remoteIdentityKey":"BXT3faVwv7qhJmDKikeiliEf6DYVLRt+iGnWrcUbgrMF"},"_chains":{"BftNNHWVMAtdgp+R6FBDi8YY3nOYKPrIhJmpwfKc11Rp":{"chainKey":{"counter":15,"key":"8b9O2hj4i0X14Fvsn4otzWXe7tF0JSwro0iBuPhI28g="},"chainType":1,"messageKeys":{}}},"pendingPreKey":{"signedKeyId":1,"baseKey":"BV5d4ND2mquTHVUEDOBUZI1AO4qCLp1kjJMfjkRUufd0"}}},"version":"v1"}