{"_sessions":{"Bcqp2gYqq2cFaYL5mZxIPqdJgSuFEZ96Gxo51bzDu5ED":{"registrationId":1297547915,"currentRatchet":{"ephemeralKeyPair":{"pubKey":"BTEYegYGAjzZBW0LeNatHSvx3C5t8bJ03/D75ByXxndW","privKey":"4NxnHrth/TIt1hOuCyez3uoBjz6+/YoDjbX55O3QeU0="},"lastRemoteEphemeralKey":"Ba3uJ61dUBOMly9dLYcaSNKV+JmcC40BcsmfkWSYM4gG","previousCounter":0,"rootKey":"aGBsxmpNiN53w5eguwOvRk7U6weVU8F65N6yKmX8Gj4="},"indexInfo":{"baseKey":"Bcqp2gYqq2cFaYL5mZxIPqdJgSuFEZ96Gxo51bzDu5ED","baseKeyType":1,"closed":-1,"used":1747231422843,"created":1747231422843,"remoteIdentityKey":"Bd3iScXIDiy6X5qpYnmR5kyjbF1lpEVwob+4mzvb469o"},"_chains":{"BTEYegYGAjzZBW0LeNatHSvx3C5t8bJ03/D75ByXxndW":{"chainKey":{"counter":89,"key":"Ew1UgS0haWoZ4LTMzxx6rlrzh+9OF8TU3v9IGo4DloA="},"chainType":1,"messageKeys":{}}},"pendingPreKey":{"signedKeyId":3,"baseKey":"Bcqp2gYqq2cFaYL5mZxIPqdJgSuFEZ96Gxo51bzDu5ED","preKeyId":12387896}}},"version":"v1"}