{"_sessions":{"BaS7pJWv1asYA1u+RFfUGsqklCjuMZgPSyY2RTWjd3ph":{"registrationId":848674094,"currentRatchet":{"ephemeralKeyPair":{"pubKey":"Be2W1jLreFxsUDiY8CAPypAGEerfbO50ZxhHfChROEdn","privKey":"UBGUXoBIrjPqBM0zcuh/ZhoEhry+kPccpvR60FjABVA="},"lastRemoteEphemeralKey":"BaK3zqKPWENpMPmJYaRDRVJ/oHMognNeXIOG3ytju5ME","previousCounter":0,"rootKey":"qna2I2dwWhf+6F9LM9PU9bojVC9woCKKDEuuLkIpWYA="},"indexInfo":{"baseKey":"BaS7pJWv1asYA1u+RFfUGsqklCjuMZgPSyY2RTWjd3ph","baseKeyType":1,"closed":1747275171210,"used":1747231422823,"created":1747231422823,"remoteIdentityKey":"Be64i/J6RXmG8bc0xTYbZxZ7J+A5KKDVahZi7Vyq0GYo"},"_chains":{"Be2W1jLreFxsUDiY8CAPypAGEerfbO50ZxhHfChROEdn":{"chainKey":{"counter":2,"key":"naEqbDZYz9ysap+nOMwprBVsUJ17cZOa8GeD15fFQB8="},"chainType":1,"messageKeys":{}}},"pendingPreKey":{"signedKeyId":35,"baseKey":"BaS7pJWv1asYA1u+RFfUGsqklCjuMZgPSyY2RTWjd3ph"}},"BXT1Z2cBZ1k5rjVpP62GRIJdNNKeut4To08EYOD+k65U":{"registrationId":580263354,"currentRatchet":{"ephemeralKeyPair":{"pubKey":"BbNRcLrsHoDO2XHmHDz8Uyh4idsgECwJIIxXNpBw5n0h","privKey":"WFaowarh9wVlBtG7Sz9U9hzXc/ixxTe04CG+rg02UHU="},"lastRemoteEphemeralKey":"BQCCY2+6XcEjlVZrB+VIWAgQoX6ONK7d1z1WPp+qp011","previousCounter":0,"rootKey":"+hNczqYQFv5zFVG//o0L2w2jYesUCtGQFwjDKT+uek8="},"indexInfo":{"baseKey":"BXT1Z2cBZ1k5rjVpP62GRIJdNNKeut4To08EYOD+k65U","baseKeyType":1,"closed":1747275173095,"used":1747275171206,"created":1747275171206,"remoteIdentityKey":"BQeqcL3iB7R2lPZjCjcHsC0fpwwT/I4gL518wQch005o"},"_chains":{"BbNRcLrsHoDO2XHmHDz8Uyh4idsgECwJIIxXNpBw5n0h":{"chainKey":{"counter":0,"key":"fecrX8onA83jghA7oHjPRjTkn7ZHdqR/e8bSaGzu+2k="},"chainType":1,"messageKeys":{}}},"pendingPreKey":{"signedKeyId":0,"baseKey":"BXT1Z2cBZ1k5rjVpP62GRIJdNNKeut4To08EYOD+k65U","preKeyId":6207937}},"BVdVaTyX7fTBAPerX9VDRNRH22v8vSFBa3KptDdtJLIM":{"registrationId":580263354,"currentRatchet":{"ephemeralKeyPair":{"pubKey":"BYPEldE2Dswg+X8TIPO0Jr/8bC4GqxK5zSCCkn7tBgE6","privKey":"eGSodN9TwLrJH4CYNHET8oLxgVJSryoOXk+1XmpAEmI="},"lastRemoteEphemeralKey":"BQCCY2+6XcEjlVZrB+VIWAgQoX6ONK7d1z1WPp+qp011","previousCounter":0,"rootKey":"L4d3r9cQgsaOpFqvSDd07qYzJ336rHIQ7ei0X8rUiu4="},"indexInfo":{"baseKey":"BVdVaTyX7fTBAPerX9VDRNRH22v8vSFBa3KptDdtJLIM","baseKeyType":1,"closed":1747275174877,"used":1747275173092,"created":1747275173092,"remoteIdentityKey":"BQeqcL3iB7R2lPZjCjcHsC0fpwwT/I4gL518wQch005o"},"_chains":{"BYPEldE2Dswg+X8TIPO0Jr/8bC4GqxK5zSCCkn7tBgE6":{"chainKey":{"counter":0,"key":"Bgj3Ld9Z0ikC89n/aRfyRRTDalvzfXGqzfVAQsTdizw="},"chainType":1,"messageKeys":{}}},"pendingPreKey":{"signedKeyId":0,"baseKey":"BVdVaTyX7fTBAPerX9VDRNRH22v8vSFBa3KptDdtJLIM","preKeyId":6208386}},"Ba+xwGAnSbuXjdEjjBMO6HY0eHIj7tPRVwW87nlaEq1/":{"registrationId":580263354,"currentRatchet":{"ephemeralKeyPair":{"pubKey":"BT4D/zThpEy3PWdGO85qb+vwTeRvwpGlKLpk39k7blRb","privKey":"GCBCaGh8emjVQBM8dgXMXm90wneVcvprt0Vyti1Q/1I="},"lastRemoteEphemeralKey":"BQCCY2+6XcEjlVZrB+VIWAgQoX6ONK7d1z1WPp+qp011","previousCounter":0,"rootKey":"MAFaZmAvQhlvoYEeStdEqK78Qy/M0i+/6NohXY1MD3Y="},"indexInfo":{"baseKey":"Ba+xwGAnSbuXjdEjjBMO6HY0eHIj7tPRVwW87nlaEq1/","baseKeyType":1,"closed":1747275179696,"used":1747275174874,"created":1747275174874,"remoteIdentityKey":"BQeqcL3iB7R2lPZjCjcHsC0fpwwT/I4gL518wQch005o"},"_chains":{"BT4D/zThpEy3PWdGO85qb+vwTeRvwpGlKLpk39k7blRb":{"chainKey":{"counter":0,"key":"yL82eUE/TZrj/4On4G8buycjRHFxn5jF5CCJrVDo2J8="},"chainType":1,"messageKeys":{}}},"pendingPreKey":{"signedKeyId":0,"baseKey":"Ba+xwGAnSbuXjdEjjBMO6HY0eHIj7tPRVwW87nlaEq1/","preKeyId":6208382}},"Ba6ye3Le9luYWd8VMyCQwqecJDBW7hWk5jrceuQTG8UT":{"registrationId":580263354,"currentRatchet":{"ephemeralKeyPair":{"pubKey":"BXEnzxywHriIjVazWKSvkutiJKjxEFhxTZLfrLIh3bo0","privKey":"YHK+QeQMbdhS+9XlgD0gX/1owr6x07FaG30f8TBdXGY="},"lastRemoteEphemeralKey":"BQCCY2+6XcEjlVZrB+VIWAgQoX6ONK7d1z1WPp+qp011","previousCounter":0,"rootKey":"7If0gpoAVOSceQKSbgPgAWs1TuUEvNkFlGwJBDlkpow="},"indexInfo":{"baseKey":"Ba6ye3Le9luYWd8VMyCQwqecJDBW7hWk5jrceuQTG8UT","baseKeyType":1,"closed":1747275183935,"used":1747275179693,"created":1747275179693,"remoteIdentityKey":"BQeqcL3iB7R2lPZjCjcHsC0fpwwT/I4gL518wQch005o"},"_chains":{"BXEnzxywHriIjVazWKSvkutiJKjxEFhxTZLfrLIh3bo0":{"chainKey":{"counter":0,"key":"8G9DShIyOr4dSASnKlwJrllj/dzOwK2clBUKin15oxI="},"chainType":1,"messageKeys":{}}},"pendingPreKey":{"signedKeyId":0,"baseKey":"Ba6ye3Le9luYWd8VMyCQwqecJDBW7hWk5jrceuQTG8UT","preKeyId":6207976}},"BSmhbXOhozNn6OjHlgARB5jX1byIfO/oKoUX7AHcUNdH":{"registrationId":580263354,"currentRatchet":{"ephemeralKeyPair":{"pubKey":"BQ1QxppJCBcXo5QbHAyk+kEO7Pa2adPjjv4SeAoMKqIJ","privKey":"uNF/dEMBeZr22xQVQMI7pYkBmLjIeAe+xnQollr+wkU="},"lastRemoteEphemeralKey":"BQCCY2+6XcEjlVZrB+VIWAgQoX6ONK7d1z1WPp+qp011","previousCounter":0,"rootKey":"1l54DV7ERdssXZRQxOI7y+vNZgl9CtTW++7+fX75QOM="},"indexInfo":{"baseKey":"BSmhbXOhozNn6OjHlgARB5jX1byIfO/oKoUX7AHcUNdH","baseKeyType":1,"closed":1747275185853,"used":1747275183931,"created":1747275183931,"remoteIdentityKey":"BQeqcL3iB7R2lPZjCjcHsC0fpwwT/I4gL518wQch005o"},"_chains":{"BQ1QxppJCBcXo5QbHAyk+kEO7Pa2adPjjv4SeAoMKqIJ":{"chainKey":{"counter":0,"key":"Bm3fFvOoovS+JN4TxK2VVtVZ+/QGVgXUZOVbUJiuxhQ="},"chainType":1,"messageKeys":{}}},"pendingPreKey":{"signedKeyId":0,"baseKey":"BSmhbXOhozNn6OjHlgARB5jX1byIfO/oKoUX7AHcUNdH","preKeyId":6207958}},"Bb+V4Zt0ZyYuusCEM+LteNS1g/6e33h9489EHIgF5dVI":{"registrationId":580263354,"currentRatchet":{"ephemeralKeyPair":{"pubKey":"BTwq/v8XfVofh/CZfQZ+NN/g97/0nlAn1Zy+WdP9WK5k","privKey":"cH3D5Ej2r2GyEDPGcg+TliqS5DIbfGSq2pbUbdpNYXY="},"lastRemoteEphemeralKey":"BQCCY2+6XcEjlVZrB+VIWAgQoX6ONK7d1z1WPp+qp011","previousCounter":0,"rootKey":"n/N8be660AxsMlCepIVAlL28ipAewVsVPe0iC/uAdGs="},"indexInfo":{"baseKey":"Bb+V4Zt0ZyYuusCEM+LteNS1g/6e33h9489EHIgF5dVI","baseKeyType":1,"closed":-1,"used":1747275185849,"created":1747275185849,"remoteIdentityKey":"BQeqcL3iB7R2lPZjCjcHsC0fpwwT/I4gL518wQch005o"},"_chains":{"BTwq/v8XfVofh/CZfQZ+NN/g97/0nlAn1Zy+WdP9WK5k":{"chainKey":{"counter":81,"key":"eLs8SU7+c5jGFeAAnMC3oSfRLwQyqi9PKwh93+3y8Y4="},"chainType":1,"messageKeys":{}}},"pendingPreKey":{"signedKeyId":0,"baseKey":"Bb+V4Zt0ZyYuusCEM+LteNS1g/6e33h9489EHIgF5dVI","preKeyId":6208324}}},"version":"v1"}