{"_sessions":{"BWv25QLIU44rqnluV9v6KE1jEgQRXL1jEUVHIZCdO4Av":{"registrationId":55946303,"currentRatchet":{"ephemeralKeyPair":{"pubKey":"BcYmUij6bEsBIP1x8fCDmzvOcv5bPqIO4vLP1bSrHhRP","privKey":"cK/LZOgO0ua0sAbmNvTArqLRzTVEvOpmD+IguOV71Vk="},"lastRemoteEphemeralKey":"BQwf6teL67u5M/t0LLpPjlAVusPBNI84W1TpCAnje/9J","previousCounter":0,"rootKey":"hOkcbo0CzjzsZOwKKiUOZtg2EFoLZpmPKO8L8I+RpM8="},"indexInfo":{"baseKey":"BWv25QLIU44rqnluV9v6KE1jEgQRXL1jEUVHIZCdO4Av","baseKeyType":1,"closed":-1,"used":1747324531785,"created":1747324476849,"remoteIdentityKey":"BSMTpDSb7Nxqvls8lsoE1+hguV5S7NH3CItwsUQwtJUQ"},"_chains":{"BQwf6teL67u5M/t0LLpPjlAVusPBNI84W1TpCAnje/9J":{"chainKey":{"counter":0,"key":"DjeDUawKl+KtCHdGXwpwu5RapI132joel1UJGt47uv0="},"chainType":2,"messageKeys":{}},"BcYmUij6bEsBIP1x8fCDmzvOcv5bPqIO4vLP1bSrHhRP":{"chainKey":{"counter":-1,"key":"TCYDDdXLIlKUKfUGuHh3wTQw4M9s6qXXke2ReKy3lEo="},"chainType":1,"messageKeys":{}}}}},"version":"v1"}