{"_sessions":{"BSG9Vs889VL23/dHqgtMpholsad5rJ74uuwzflGr+UgZ":{"registrationId":160,"currentRatchet":{"ephemeralKeyPair":{"pubKey":"BdIsTTMrlwjYm36vhB2mp0JhUabJH3FtLPzjB+PotyIW","privKey":"QAEQpnVdUTKC3BnOdl4r7Mojc7e0OsaEaAdxpnKhrWY="},"lastRemoteEphemeralKey":"BdYSIEnwEIO6prMY2A4HwvLZJlzKXJIM4uzjZFMOy28a","previousCounter":0,"rootKey":"Qw/jFGGL4QUtaP7k5fO7bcrNLGlyUNVecN8asc8ZhWc="},"indexInfo":{"baseKey":"BSG9Vs889VL23/dHqgtMpholsad5rJ74uuwzflGr+UgZ","baseKeyType":1,"closed":-1,"used":1747235672909,"created":1747235672909,"remoteIdentityKey":"BQrXet0eUEWNkloIZ2E1USHAv68JzKIq0dTbbqbTF9Jp"},"_chains":{"BdIsTTMrlwjYm36vhB2mp0JhUabJH3FtLPzjB+PotyIW":{"chainKey":{"counter":0,"key":"uuTAn/pvdAE5MY5+K3uaRjmbHN2QCbXIp+h5pt7pUHw="},"chainType":1,"messageKeys":{}}},"pendingPreKey":{"signedKeyId":1,"baseKey":"BSG9Vs889VL23/dHqgtMpholsad5rJ74uuwzflGr+UgZ","preKeyId":11}}},"version":"v1"}