{"_sessions":{"BQY4bg8DdiWjpwhz53I8mhto2kPLVzJMiFGySIKuJGxi":{"registrationId":0,"currentRatchet":{"ephemeralKeyPair":{"pubKey":"BeEghjZqIQ/1YYomUGG4M5V2Lj3eMOWRtE/C3vsXguNc","privKey":"ON4priKS+4HZABPIOKrCiiLolHnnJoq0zEn6rC5iG3I="},"lastRemoteEphemeralKey":"Bfz3/J8TDmypbrsIDkrUvXY3VCz7l5SkH7qk/6EdBTUP","previousCounter":0,"rootKey":"uQE9wWPS3VhA5toRmKYNoQlG9Tck6KQ9x/7eAGNFmT0="},"indexInfo":{"baseKey":"BQY4bg8DdiWjpwhz53I8mhto2kPLVzJMiFGySIKuJGxi","baseKeyType":1,"closed":-1,"used":1747231421773,"created":1747231421773,"remoteIdentityKey":"BQEEUYOE+JoW/5lAbbj3djFWg/tV3rrk9V0CreKnUwgJ"},"_chains":{"BeEghjZqIQ/1YYomUGG4M5V2Lj3eMOWRtE/C3vsXguNc":{"chainKey":{"counter":89,"key":"+mXmEqjn+OF2s1XiXFkVipt+ktlK8Rixs0PzNLGcGr0="},"chainType":1,"messageKeys":{}}},"pendingPreKey":{"signedKeyId":1,"baseKey":"BQY4bg8DdiWjpwhz53I8mhto2kPLVzJMiFGySIKuJGxi"}}},"version":"v1"}