{"_sessions":{"BZv31yOkgh/N6wSjEtTLSiTTTmO00+GfRcBufDZCSuIG":{"registrationId":268,"currentRatchet":{"ephemeralKeyPair":{"pubKey":"BT2osDRINXQLMC6s8IhlRHvTygotLAmi+6NPrBFglkQA","privKey":"iKMaKu5zIqhZlA158FISRqdEf6AXqpJ1KMZ5kkXs7nM="},"lastRemoteEphemeralKey":"BWX7LN7JYTWtlbOlFoOfbWxbAXabQqaiR+5Zb7g9CGpY","previousCounter":0,"rootKey":"T/PxhCQ/bYbZRfDknPg0MVl4wtXlQPlRLX1K8k76yFc="},"indexInfo":{"baseKey":"BZv31yOkgh/N6wSjEtTLSiTTTmO00+GfRcBufDZCSuIG","baseKeyType":1,"closed":-1,"used":1747231421651,"created":1747231421651,"remoteIdentityKey":"BdZeBBcAFTKV4AVbMxkkfyYIqIGRAsj1bdxvf3GavUx+"},"_chains":{"BT2osDRINXQLMC6s8IhlRHvTygotLAmi+6NPrBFglkQA":{"chainKey":{"counter":1224,"key":"EiFfXV4W9Lbu2hXnukCojih8fjnVVXdiODg8LNRKvV4="},"chainType":1,"messageKeys":{}}},"pendingPreKey":{"signedKeyId":1,"baseKey":"BZv31yOkgh/N6wSjEtTLSiTTTmO00+GfRcBufDZCSuIG","preKeyId":77}}},"version":"v1"}