{"_sessions":{"BTK3SfdTj9OH8soDyOalhMnb3fQCgWZ21Clno+glXNsF":{"registrationId":1355184468,"currentRatchet":{"ephemeralKeyPair":{"pubKey":"BR3H82RUvo6mgTeszb+d2aF36apzMhNI+HcXEcSI+Qsy","privKey":"6GvSAWCOqBzDi4VYI8nmAvjVLvz/SwFZ53fidDConGk="},"lastRemoteEphemeralKey":"BXIH8ctJ9cd7YkxOr31wK+c2uUOWj/zq1ZofQh8sHKcf","previousCounter":20,"rootKey":"TOYPUDwaX5Aigzcvtj6DvCVVWfsnjxd0aGhd4+5p/sY="},"indexInfo":{"baseKey":"BTK3SfdTj9OH8soDyOalhMnb3fQCgWZ21Clno+glXNsF","baseKeyType":1,"closed":-1,"used":1747567703779,"created":1747231422090,"remoteIdentityKey":"BeaH1Rq8hod8weEszctJqQG3zb2nJD7pRvul0kZa/FMy"},"_chains":{"BULF2R1XTbGO66Yn9idygAFzTXQkpCN6vKUkwn9Oh25Z":{"chainKey":{"counter":0},"chainType":2,"messageKeys":{}},"BXIH8ctJ9cd7YkxOr31wK+c2uUOWj/zq1ZofQh8sHKcf":{"chainKey":{"counter":0,"key":"pFK21YXU8E9qzMn0H9b3xxfVzgJDgrLCMKVs2l3/SkU="},"chainType":2,"messageKeys":{}},"BR3H82RUvo6mgTeszb+d2aF36apzMhNI+HcXEcSI+Qsy":{"chainKey":{"counter":52,"key":"pmG9G+AzxerAaa44k+U+duftGTaq2v3cc65AwIEOv9w="},"chainType":1,"messageKeys":{}}}}},"version":"v1"}