{"_sessions":{"BUELed02nDOlvPnlssQ/7lvXjlponRX96XvVGA4wTpAt":{"registrationId":1359243841,"currentRatchet":{"ephemeralKeyPair":{"pubKey":"Be7pjZKXCj5VbZl9oRB+DlGWti/wFvM2FIYRIHqWWixC","privKey":"CJwKvnqwZbqz4et1DZWH/fnIyFALk/pmj5vZctRQ73o="},"lastRemoteEphemeralKey":"BQVFZo2xjRfhZbKJ0TLk2xNORqqeV7Qe4kTdqOheZpBa","previousCounter":0,"rootKey":"4ZI+vjH+45kcZjgJL55Ge7phu4wrkyRB04LQG+j04f4="},"indexInfo":{"baseKey":"BUELed02nDOlvPnlssQ/7lvXjlponRX96XvVGA4wTpAt","baseKeyType":1,"closed":1747444168611,"used":1747231422635,"created":1747231422635,"remoteIdentityKey":"BeQ4gcNbEXUMQrg95cLJ8InRcGb9IZFp47i9Td2kOGB4"},"_chains":{"Be7pjZKXCj5VbZl9oRB+DlGWti/wFvM2FIYRIHqWWixC":{"chainKey":{"counter":15,"key":"Fd2GQFj1WgoL4TepYi6/piYY8ycIeDYVdzth7BeM+hM="},"chainType":1,"messageKeys":{}}},"pendingPreKey":{"signedKeyId":0,"baseKey":"BUELed02nDOlvPnlssQ/7lvXjlponRX96XvVGA4wTpAt","preKeyId":14438397}},"BZt9FSj6Tw8hcgs1980sEQWCRaQyzA1MIG6k2ZA29h5k":{"registrationId":335088314,"currentRatchet":{"ephemeralKeyPair":{"pubKey":"BVocTC5wJuanXrNJ7TWjQ14/eUlTg+CvZS09kt5PPhgy","privKey":"kEllVWNT2QSdNMUN5fLWmAido1UAhBhrC++MxqFpHko="},"lastRemoteEphemeralKey":"Be1uT9TxG9lD88vE65cZ1Ruq8vSYcrV50grLDWxXGlww","previousCounter":0,"rootKey":"RS88FF/z8Y61BS0eAkPOVgIfLrtYGtiktJAmeByIRmw="},"indexInfo":{"baseKey":"BZt9FSj6Tw8hcgs1980sEQWCRaQyzA1MIG6k2ZA29h5k","baseKeyType":1,"closed":-1,"used":1747444168606,"created":1747444168606,"remoteIdentityKey":"BQxpSVIzR/WzZXPBnld9+ts3RtkQU6dDpGgeoCCMO7gN"},"_chains":{"BVocTC5wJuanXrNJ7TWjQ14/eUlTg+CvZS09kt5PPhgy":{"chainKey":{"counter":73,"key":"CLwNouEPNbirbIVWkpMSyzr+8bMBx4zk/t9bfrRfzDE="},"chainType":1,"messageKeys":{}}},"pendingPreKey":{"signedKeyId":0,"baseKey":"BZt9FSj6Tw8hcgs1980sEQWCRaQyzA1MIG6k2ZA29h5k","preKeyId":5209395}}},"version":"v1"}