{"_sessions":{"Bc4iHjjormpqgEUFREC/XqNht6SEjpHqjeBJazLRy0lg":{"registrationId":1109897987,"currentRatchet":{"ephemeralKeyPair":{"pubKey":"BaN6FdRy/DHrrzmLHBbeTZM3aLLPvJWnXDuBzjgfi11J","privKey":"mKZyls+sd5RahU4++/CQ4BiENHwVQ3TKgOSRKb1uYWY="},"lastRemoteEphemeralKey":"Bb5mLjanjLh+f/kuLrGUaUWaHQUoK0O/urF75gCpWYZf","previousCounter":0,"rootKey":"6j/O0kkYItNFgW2MQJ5v1CNoaX2mBMiRoC9oznbPUOU="},"indexInfo":{"baseKey":"Bc4iHjjormpqgEUFREC/XqNht6SEjpHqjeBJazLRy0lg","baseKeyType":1,"closed":-1,"used":1747231422201,"created":1747231422201,"remoteIdentityKey":"BUO8Qd0wh8fp09K0VHAHk9V0slx8hfFxWIpyqQ8ZyQ46"},"_chains":{"BaN6FdRy/DHrrzmLHBbeTZM3aLLPvJWnXDuBzjgfi11J":{"chainKey":{"counter":89,"key":"gbXYPiiAylWOXfDR+tCvDZaJbU9LS855AS1xTmSJmzY="},"chainType":1,"messageKeys":{}}},"pendingPreKey":{"signedKeyId":9,"baseKey":"Bc4iHjjormpqgEUFREC/XqNht6SEjpHqjeBJazLRy0lg","preKeyId":13389905}}},"version":"v1"}