{"_sessions":{"BdKcf83NJm0WKB1INB90UGh//Xqqaad3wtacWdxVZb1P":{"registrationId":2087153376,"currentRatchet":{"ephemeralKeyPair":{"pubKey":"BRtcwKY1Egu7xy5fJ8WDevEMCvvSIsuVeFfMTUNtyzlH","privKey":"ANIeBPC11/NuwpYlc44iKqEVjJYjAgsrzyMRYSfK2mQ="},"lastRemoteEphemeralKey":"Bat0Tk850qSKuAmCLRljrZS0gUjgtQ70ujTdVPiaIPZO","previousCounter":41,"rootKey":"ZC3hHWpAvQWta78Y4/DCfGrqAg0IpfP/njmmzaDz31Y="},"indexInfo":{"baseKey":"BdKcf83NJm0WKB1INB90UGh//Xqqaad3wtacWdxVZb1P","baseKeyType":1,"closed":-1,"used":1747646465427,"created":1747231422527,"remoteIdentityKey":"BaiGlb9VgNHgPcWN46jhHlvj2Ldela7X8173FZb2Wgxu"},"_chains":{"BcdEJInPAh9teA1+auqXhGQmLFl5JZWlvbDq4uM1LOwc":{"chainKey":{"counter":0},"chainType":2,"messageKeys":{}},"Bat0Tk850qSKuAmCLRljrZS0gUjgtQ70ujTdVPiaIPZO":{"chainKey":{"counter":0,"key":"ChcsHWuUJbupihQBJreyzNqBVbnAMFjW/XljLObaRS0="},"chainType":2,"messageKeys":{}},"BRtcwKY1Egu7xy5fJ8WDevEMCvvSIsuVeFfMTUNtyzlH":{"chainKey":{"counter":17,"key":"DNgNqH/njwrF3e39i+8SlX++dX7V6o6+y/hBRN7aQmY="},"chainType":1,"messageKeys":{}}}}},"version":"v1"}