{"_sessions":{"Bauhu8ipOUlZBXWqGH1vL2BttCT4WQ7DG6aDd9MAkR05":{"registrationId":2139889115,"currentRatchet":{"ephemeralKeyPair":{"pubKey":"BUfdKPaKiBjzpqGczJaRvDQuzrxDm+2nZTDkZBFQwFRa","privKey":"yFO3aYAC2iPA6lO3VtLpMTL1kBhxV/aP1sNl/7zo2Ug="},"lastRemoteEphemeralKey":"BXBNdXAIGMMH49bXy5bOFvGlFJGRxedYRlw08+dbRV9o","previousCounter":0,"rootKey":"wmFzF3nZ14lwBL+XjOoKdgrXLpSBz4m9mRjj3ry4HzQ="},"indexInfo":{"baseKey":"Bauhu8ipOUlZBXWqGH1vL2BttCT4WQ7DG6aDd9MAkR05","baseKeyType":1,"closed":-1,"used":1747231422759,"created":1747231422759,"remoteIdentityKey":"BY5mz+pB4T3eIkOH4APlLfhTZ91d8G7f/XA06nv+KJEm"},"_chains":{"BUfdKPaKiBjzpqGczJaRvDQuzrxDm+2nZTDkZBFQwFRa":{"chainKey":{"counter":89,"key":"e31iIaaCe5PXn4T8vrfVYSjg3JDTfX8s1lCbdyOhrJs="},"chainType":1,"messageKeys":{}}},"pendingPreKey":{"signedKeyId":2,"baseKey":"Bauhu8ipOUlZBXWqGH1vL2BttCT4WQ7DG6aDd9MAkR05","preKeyId":3270204}}},"version":"v1"}