{"_sessions":{"BZmXkk8rSPoa+gis638HaOItTalTEy5E8/LKfeWGoAIF":{"registrationId":152082879,"currentRatchet":{"ephemeralKeyPair":{"pubKey":"BVU8ayfpxqLTaax+ogLJU3fdy2jJYCxyjVlHC2jsDTJc","privKey":"eBsGiX399y48vYY5GeyKU0AmuoVUMd/Za1UjFDAeGW8="},"lastRemoteEphemeralKey":"Bb8V7qqLy4H3Fgvg8T3m8NjROKedHXG59mOmttMtovVT","previousCounter":0,"rootKey":"IVgFNnkbezK0jN2yL0C5od7xjyvS0QjRsu7+mh6q9zU="},"indexInfo":{"baseKey":"BZmXkk8rSPoa+gis638HaOItTalTEy5E8/LKfeWGoAIF","baseKeyType":1,"closed":-1,"used":1747231422477,"created":1747231422477,"remoteIdentityKey":"BXXvPvl2EkEhGuV82GVSC/uRlneFmK0fZTHBQJ7bnJc/"},"_chains":{"BVU8ayfpxqLTaax+ogLJU3fdy2jJYCxyjVlHC2jsDTJc":{"chainKey":{"counter":89,"key":"V8hdg0r3jmzkp8rKvM9seqBG0I/UsyYVS87Xjw632iI="},"chainType":1,"messageKeys":{}}},"pendingPreKey":{"signedKeyId":0,"baseKey":"BZmXkk8rSPoa+gis638HaOItTalTEy5E8/LKfeWGoAIF"}}},"version":"v1"}