{"_sessions":{"BYUWf51OVrprKU55+wRP9JMxC8eNxD2uFO/MUMdY7qow":{"registrationId":1623644897,"currentRatchet":{"ephemeralKeyPair":{"pubKey":"Bco6qqslDsRPw8PIkCh+chM76Y2uQaeqmIOaNZrZOJJD","privKey":"WEcQ/hQHBcJBaTKZG+c8TdQl09Hhuo0ufigO9Rl4dmM="},"lastRemoteEphemeralKey":"BRbW930Gozj7V1G/BLx492qfG5nh/Virwe2AplOMQgFi","previousCounter":0,"rootKey":"hcJC2JhmyNTZo/hMd0VifJNSsYgWpULECFKiEaIMwTw="},"indexInfo":{"baseKey":"BYUWf51OVrprKU55+wRP9JMxC8eNxD2uFO/MUMdY7qow","baseKeyType":1,"closed":-1,"used":1747231421944,"created":1747231421944,"remoteIdentityKey":"BZdyeF/ibAzHE1CGdduGY/QB4l7Zbj4Zomdtux0cR9hV"},"_chains":{"Bco6qqslDsRPw8PIkCh+chM76Y2uQaeqmIOaNZrZOJJD":{"chainKey":{"counter":89,"key":"nMIhZZyKNYaTzEJioI9ZdjB9B1ozsWS/ZcfqjlKSPK4="},"chainType":1,"messageKeys":{}}},"pendingPreKey":{"signedKeyId":0,"baseKey":"BYUWf51OVrprKU55+wRP9JMxC8eNxD2uFO/MUMdY7qow","preKeyId":824856}}},"version":"v1"}