{"_sessions":{"Bc/H1T/PaIHhDfTM/K2P+4WVMhk+coht6NujJPO3b58v":{"registrationId":1830872239,"currentRatchet":{"ephemeralKeyPair":{"pubKey":"BacnBrzfUWLMM+PQvgsDQm339TkP/JANkGKZ/luuc+p7","privKey":"4A7wnBZgnCF4HWk+uqutFc45V2y0QZFuJzu0nvzQ53w="},"lastRemoteEphemeralKey":"BQnGRugjjJvplTlKjRYw+a9GSJdYIemkeX8JJ+bHyWVP","previousCounter":0,"rootKey":"HCPyL2qn5vk2HzEYj9OMsk5431sOVTxNJBBxAM19cYo="},"indexInfo":{"baseKey":"Bc/H1T/PaIHhDfTM/K2P+4WVMhk+coht6NujJPO3b58v","baseKeyType":1,"closed":-1,"used":1747649949314,"created":1747647810316,"remoteIdentityKey":"BUt/ecYAIoXPCRhfLhIBveFUMwFLRa5o0Yk7/5OVoktp"},"_chains":{"BQnGRugjjJvplTlKjRYw+a9GSJdYIemkeX8JJ+bHyWVP":{"chainKey":{"counter":0,"key":"bvVBhCefMnO4pEqOfzQId32EGZNHI0NbwDojA0c+VYc="},"chainType":2,"messageKeys":{}},"BacnBrzfUWLMM+PQvgsDQm339TkP/JANkGKZ/luuc+p7":{"chainKey":{"counter":17,"key":"Jv2lYZ3BAgmIAmt/qFAd0H/DhPDyNaV5MZ+KifpiN0c="},"chainType":1,"messageKeys":{}}}}},"version":"v1"}