{"_sessions":{"Bf7j6xwDWhFcXmBBa7YIvm2U5SSbL/rmRcOcmCQJpmMr":{"registrationId":1233435425,"currentRatchet":{"ephemeralKeyPair":{"pubKey":"BWdJClyUq3h6Ha+M3/aPdMv20Z93J8w3NHIjF4cTeuEC","privKey":"YCxfOE1N680U8v3H5KjrzrkmB63rNVOp9T0OEsUaLk4="},"lastRemoteEphemeralKey":"BSwYvH8G8CmnSpF9wnCn+eH+Jen/KJoYXUXwrYGM374O","previousCounter":0,"rootKey":"4ucFBjM3MXkcRPPqEQEzabUw0+6cq65lBJnGHahQvuI="},"indexInfo":{"baseKey":"Bf7j6xwDWhFcXmBBa7YIvm2U5SSbL/rmRcOcmCQJpmMr","baseKeyType":1,"closed":-1,"used":1747231422613,"created":1747231422613,"remoteIdentityKey":"BY/y2T8eiswB93gok0rJzJrXC4Y5GaEWXrJnTPq1B+Rd"},"_chains":{"BWdJClyUq3h6Ha+M3/aPdMv20Z93J8w3NHIjF4cTeuEC":{"chainKey":{"counter":89,"key":"RpjoE2gR6vAiG2yW9uGmjvb9NnQXeuvjgd7cEqhsEEY="},"chainType":1,"messageKeys":{}}},"pendingPreKey":{"signedKeyId":18,"baseKey":"Bf7j6xwDWhFcXmBBa7YIvm2U5SSbL/rmRcOcmCQJpmMr","preKeyId":3459036}}},"version":"v1"}