{"_sessions":{"BWK1kzHa58KS2L0a+O8xK8pagkgWvI4BGGhfNhsvgcBE":{"registrationId":1449928742,"currentRatchet":{"ephemeralKeyPair":{"pubKey":"BZQ2iLEGi1yKR1nA/4MLW2ge+9hP8ksP4kmBnXBeB3NZ","privKey":"+M7v9FpvbM++m7DmCqAcATtcVGFr3R+vpBfeO7aApks="},"lastRemoteEphemeralKey":"BUY0ID7Lv2q/dADBOPRnhdB1+00zR2vUbX0Fk7kZ9MFJ","previousCounter":0,"rootKey":"Awc69oqjFSuJ9nE+gLgqLAJUlw5VHpu6mcHOD4kYNUE="},"indexInfo":{"baseKey":"BWK1kzHa58KS2L0a+O8xK8pagkgWvI4BGGhfNhsvgcBE","baseKeyType":1,"closed":-1,"used":1747231422398,"created":1747231422398,"remoteIdentityKey":"Bbq0zpQlo9CgNLMQC9hhv4Vgfb+9u9h2QWAw9FiDSAVd"},"_chains":{"BZQ2iLEGi1yKR1nA/4MLW2ge+9hP8ksP4kmBnXBeB3NZ":{"chainKey":{"counter":89,"key":"Ir9lbIcN/VhsER6K+meqqA+JV7hDkzM5olrl/MBYF3Q="},"chainType":1,"messageKeys":{}}},"pendingPreKey":{"signedKeyId":5,"baseKey":"BWK1kzHa58KS2L0a+O8xK8pagkgWvI4BGGhfNhsvgcBE","preKeyId":1785164}}},"version":"v1"}