{"_sessions":{"BVVq5S+ZudzCGCurJ9DKSteg4Bcm0ITz4T9bQB4M9jQG":{"registrationId":1316173843,"currentRatchet":{"ephemeralKeyPair":{"pubKey":"BQfBXwNMeFcjLta4AzQIodTVDf6XAmP79fsUcmkHC687","privKey":"iLmmiVjerIti/CngAV4w+zObNaPMNRsOJZRGwk5Y7E8="},"lastRemoteEphemeralKey":"BTmNtRdDyHIRNm9UuLTIYwzMQbzGHvkGeqmRHAYf6SIA","previousCounter":17,"rootKey":"SCVAvbv0EE/j8NYr1xnQSXGxGGEbuof5g7lMCnCZRnU="},"indexInfo":{"baseKey":"BVVq5S+ZudzCGCurJ9DKSteg4Bcm0ITz4T9bQB4M9jQG","baseKeyType":1,"closed":-1,"used":1747663683831,"created":1747637667753,"remoteIdentityKey":"BQTf8nhEiH/v/9SwBZ24BZklTZWQ4bOUsfzllZbKFG1C"},"_chains":{"BaDOWUb8esXklHDFfgcgzKTxpxxzwbRyBTo0+J0S8fxP":{"chainKey":{"counter":1},"chainType":2,"messageKeys":{}},"BVWUeRKGURfPlue/c/b2Yawfy5OOmRmjIgp6r5RhVTBZ":{"chainKey":{"counter":1},"chainType":2,"messageKeys":{}},"Ba2xcCaVvoNfVPl5X0nQOwmb9Xlj4Man/ZPc7XZYHAh0":{"chainKey":{"counter":2},"chainType":2,"messageKeys":{}},"BTmNtRdDyHIRNm9UuLTIYwzMQbzGHvkGeqmRHAYf6SIA":{"chainKey":{"counter":0,"key":"A+gaDtD4hxDPMdmQ65vyRzW7yhWlBQldFnfevCvZnV0="},"chainType":2,"messageKeys":{}},"BQfBXwNMeFcjLta4AzQIodTVDf6XAmP79fsUcmkHC687":{"chainKey":{"counter":1,"key":"PndyClSrpnts4aW+pQd3akFRLbMgquQD76XY6yACEII="},"chainType":1,"messageKeys":{}}}}},"version":"v1"}