{"_sessions":{"BeZBwa/0/5FN+klAkUwKJTOfm6zzDqnDLhyjcFUshp54":{"registrationId":351690166,"currentRatchet":{"ephemeralKeyPair":{"pubKey":"BQE+1uHEcyuOC2xVco0xLy+PpEyE84088mh5B4fB7vQm","privKey":"gDYivye2aeQokWX3vJPFJ+h019Wx79hxle6Q4Tva0lU="},"lastRemoteEphemeralKey":"BQ8Sa3wga68Bir7IYj/7TJx5XWERWe+ejQjNf24vQdYQ","previousCounter":5,"rootKey":"+c1/xkOk/Gf/IL1m+Uxdm+ZS7++15qyVjYPgr0WBzw0="},"indexInfo":{"baseKey":"BeZBwa/0/5FN+klAkUwKJTOfm6zzDqnDLhyjcFUshp54","baseKeyType":1,"closed":-1,"used":1747567742888,"created":1747231422131,"remoteIdentityKey":"BTvk68c7Wd6roRawqInRhe8BGyrq+Kw0LyLVpZLPLYYr"},"_chains":{"BdGQQTNDyZCCkLchr8J79bwncq9yyNa/sUsTDvgZK3k0":{"chainKey":{"counter":1},"chainType":2,"messageKeys":{}},"BWlsE+yaKPcF5N7GPb266CT/wGaH4rERozkzFi2zSWIt":{"chainKey":{"counter":3},"chainType":2,"messageKeys":{}},"BY3RfIDIv3bYHx/JEbJaqynr/5pHrk5gmNA+Kg0Wf/BN":{"chainKey":{"counter":1},"chainType":2,"messageKeys":{}},"BaW1QmEZ0wq3KqO6u9YultwarzR3L6XPND+vcLJdiwU/":{"chainKey":{"counter":0},"chainType":2,"messageKeys":{}},"BQ8Sa3wga68Bir7IYj/7TJx5XWERWe+ejQjNf24vQdYQ":{"chainKey":{"counter":0,"key":"aFTpn6YuN4E5jE5BIqbA9K5TVuD9AzEna40AZbpI894="},"chainType":2,"messageKeys":{}},"BQE+1uHEcyuOC2xVco0xLy+PpEyE84088mh5B4fB7vQm":{"chainKey":{"counter":51,"key":"nBfGBlfiKyTiS/mZG/KemqPmcXB/POKWdo52m+U1P/s="},"chainType":1,"messageKeys":{}}}}},"version":"v1"}