{"_sessions":{"BVIUrBS2JUvtR6eaT44NUb37CAbpX/b8V+sa/54ew7o9":{"registrationId":1678545799,"currentRatchet":{"ephemeralKeyPair":{"pubKey":"Bdh5D50+T6afeVN+c1izyGT1Y533T8eVJ2C2yzgbtRxZ","privKey":"iIHmEb478dA2/vDDXYJaDogX8PHK+jH/7j03ERcCYXA="},"lastRemoteEphemeralKey":"BQD5jjWDoporC0kenCW+6zqGraWqHkoDaqOXaXhgGsMn","previousCounter":0,"rootKey":"Y0Pzv6gwULpsOvOi1Xb9XACtkgATQrV/cx9+YbV9Zbw="},"indexInfo":{"baseKey":"BVIUrBS2JUvtR6eaT44NUb37CAbpX/b8V+sa/54ew7o9","baseKeyType":1,"closed":-1,"used":1747233422700,"created":1747231422670,"remoteIdentityKey":"BbG2S9q4inLwy2AXN3rc70HeerG7SHMbWEnF5HfF1p9z"},"_chains":{"BQD5jjWDoporC0kenCW+6zqGraWqHkoDaqOXaXhgGsMn":{"chainKey":{"counter":0,"key":"Y8jdU/MlOQSzN9UHbrCPXF9rxSxzfdzTVxxAR9SaOmg="},"chainType":2,"messageKeys":{}},"Bdh5D50+T6afeVN+c1izyGT1Y533T8eVJ2C2yzgbtRxZ":{"chainKey":{"counter":88,"key":"T6CvZLWvtVSmfi5ieQZmsHxICoBros6bKtTw09UAtIM="},"chainType":1,"messageKeys":{}}}}},"version":"v1"}