{"_sessions":{"BQHU6w2m/LTdAMC4v+9Sjslfb/ZNeNM0XgJqESrJgpIL":{"registrationId":59,"currentRatchet":{"ephemeralKeyPair":{"pubKey":"BTncxJbxL0KP/mNuv1CCm7cwc6AfusI97uLHehKJ9q5f","privKey":"iEuSTz2NrJGpV6+0N6EKLjpvxhDuNHQ4oDJyTKRybFo="},"lastRemoteEphemeralKey":"BeJgkhGKsKAbit9LBu2fOXGJSx5z8owXASFN2pPrgRVZ","previousCounter":0,"rootKey":"Uzv7qWZys9eEKsjmI0DvP4NsIbq1+qplpwc+Rj8NIo0="},"indexInfo":{"baseKey":"BQHU6w2m/LTdAMC4v+9Sjslfb/ZNeNM0XgJqESrJgpIL","baseKeyType":1,"closed":-1,"used":1747269473462,"created":1747269473462,"remoteIdentityKey":"BbX0rSPvlIHYIur8MEuumVATmi+c7tegO4T9TK3ZEudp"},"_chains":{"BTncxJbxL0KP/mNuv1CCm7cwc6AfusI97uLHehKJ9q5f":{"chainKey":{"counter":8,"key":"mz4PzREq3mL1gSq1NF2SoGXRhBNxWOnGDiHfI6XO80A="},"chainType":1,"messageKeys":{}}},"pendingPreKey":{"signedKeyId":1,"baseKey":"BQHU6w2m/LTdAMC4v+9Sjslfb/ZNeNM0XgJqESrJgpIL"}}},"version":"v1"}