{"_sessions":{"BWP89zdM/sKkXhzexa8olXwGplEWcmIC8lZylfkV4dQZ":{"registrationId":1481781077,"currentRatchet":{"ephemeralKeyPair":{"pubKey":"BZ3u3aShorBDjM0DGka8Q05ewI8/wc+CIGbq4If2qMIT","privKey":"4NYk8Us1Q/z+Am14b5p5/Gpkcs4DrKX5MTymXkhQL3c="},"lastRemoteEphemeralKey":"BY3va8/KaBHgiXv9NTbdmFiApjmiVjaF8yINmYFiWgxw","previousCounter":0,"rootKey":"ZTFKOz/vUQQkp9KGUH0kybrZn7BycWwdLpKsU3reaLo="},"indexInfo":{"baseKey":"BWP89zdM/sKkXhzexa8olXwGplEWcmIC8lZylfkV4dQZ","baseKeyType":1,"closed":-1,"used":1747231422515,"created":1747231422515,"remoteIdentityKey":"BSXhl/gpObmcYSaE2VlWxQiAta48H6NowXrA6TCFEtZe"},"_chains":{"BZ3u3aShorBDjM0DGka8Q05ewI8/wc+CIGbq4If2qMIT":{"chainKey":{"counter":89,"key":"Zn8g+4oODn4b+mjAyUOUyADHMyLKXTGvcmVeTY33JUI="},"chainType":1,"messageKeys":{}}},"pendingPreKey":{"signedKeyId":0,"baseKey":"BWP89zdM/sKkXhzexa8olXwGplEWcmIC8lZylfkV4dQZ","preKeyId":15036073}}},"version":"v1"}