{"_sessions":{"BYxuhQlBYUkCWkjtcD+AtIbVS93FFD9dR7thZLC6tLgJ":{"registrationId":543218316,"currentRatchet":{"ephemeralKeyPair":{"pubKey":"BTRiKddCN8uSSHdDwTFuSMVGx/EmA4cnK21O+9Nffylx","privKey":"sLbnrhb4S9vyDF9TQXUNHRSOehwq+v1xPg/Ozz5vp20="},"lastRemoteEphemeralKey":"BUSyxwZzf63nRBp5Yd2BgLv6JHeFI0Dedagse/IgvwZh","previousCounter":0,"rootKey":"zvKQvwkRSygCikUBLzTAUYX0Qal2S9P6+eoUOAZmk84="},"indexInfo":{"baseKey":"BYxuhQlBYUkCWkjtcD+AtIbVS93FFD9dR7thZLC6tLgJ","baseKeyType":1,"closed":-1,"used":1747231422577,"created":1747231422577,"remoteIdentityKey":"BYLEuiAT1w7nOrKO4na9UdltFPHjnX4kmoL1oxurCfZI"},"_chains":{"BTRiKddCN8uSSHdDwTFuSMVGx/EmA4cnK21O+9Nffylx":{"chainKey":{"counter":89,"key":"EYvCMjoPZxMxtWeGKXAPAQ2LYdg5BLMEm/xelMHQp78="},"chainType":1,"messageKeys":{}}},"pendingPreKey":{"signedKeyId":0,"baseKey":"BYxuhQlBYUkCWkjtcD+AtIbVS93FFD9dR7thZLC6tLgJ"}}},"version":"v1"}