{"_sessions":{"BZOvXt84ctwrs6WywDCWat3CzSjMafSHT4kbIyqK6mZg":{"registrationId":215,"currentRatchet":{"ephemeralKeyPair":{"pubKey":"Bdi2jlDarsMyu6D5WPw2UELZRHmUnTZpF3nHQos7f2ox","privKey":"4KOfE4+Ogc+/+eOZbIOTs68EHBKnHQsE/9IZm7ckv0A="},"lastRemoteEphemeralKey":"Bbha5+zcIo2jrPa1FO08N31g5eRIT10FUzLMF8emVy5u","previousCounter":0,"rootKey":"DAV1Ah+ieRGxU/nanp/Tpaxqrua/WMO7vNYepZHKo8U="},"indexInfo":{"baseKey":"BZOvXt84ctwrs6WywDCWat3CzSjMafSHT4kbIyqK6mZg","baseKeyType":1,"closed":-1,"used":1747608930796,"created":1747608930796,"remoteIdentityKey":"BSYVlc0CSik+Dxy7VydhJIP8SIdFEzmuOdpBqtjiBCA+"},"_chains":{"Bdi2jlDarsMyu6D5WPw2UELZRHmUnTZpF3nHQos7f2ox":{"chainKey":{"counter":32,"key":"5ZfrLrrk1i7bXUD38bgH3cW9P8k7JLYK+VwFogf77U8="},"chainType":1,"messageKeys":{}}},"pendingPreKey":{"signedKeyId":1,"baseKey":"BZOvXt84ctwrs6WywDCWat3CzSjMafSHT4kbIyqK6mZg","preKeyId":2}}},"version":"v1"}