{"_sessions":{"Bf0PXUZOjfY9VyTwVfarHUt88M8u2sRyF8W1VR/rIXY0":{"registrationId":1282051881,"currentRatchet":{"ephemeralKeyPair":{"pubKey":"BWj5nn6OUtqFE2faB0ruyWV/4JQPk5VPcLpYpimChE95","privKey":"uMXpGcqqSpYF+m3Q8zbYkdxntHlUbawOG15/aYdDGWg="},"lastRemoteEphemeralKey":"BeKLDqRFf6KRHQeoEBrnt++ahyOYv6ufARhgyMGFYyVZ","previousCounter":0,"rootKey":"zjh0PzXjOY/r+EK7RLdSKuuclHu84MzCXbs01HgZoQM="},"indexInfo":{"baseKey":"Bf0PXUZOjfY9VyTwVfarHUt88M8u2sRyF8W1VR/rIXY0","baseKeyType":1,"closed":-1,"used":1747380677840,"created":1747299421492,"remoteIdentityKey":"BXZ6b//wIMBtjJGLe1IZvGmqGXDhOZmDt+5blv0xcmkI"},"_chains":{"BeKLDqRFf6KRHQeoEBrnt++ahyOYv6ufARhgyMGFYyVZ":{"chainKey":{"counter":1,"key":"84Vzeox8rLKkM0+GLvFEqhKoqwYOciH9qczirVzyi6o="},"chainType":2,"messageKeys":{}},"BWj5nn6OUtqFE2faB0ruyWV/4JQPk5VPcLpYpimChE95":{"chainKey":{"counter":-1,"key":"5ABylZDAN2HuJJKYWLHGYtbCWP6qL85PXzu+3Q9UyHE="},"chainType":1,"messageKeys":{}}}}},"version":"v1"}