{"_sessions":{"BdeOQCK2RybOE0rtNiIlc9PoN9EZmSiJQTYRJp65xcsC":{"registrationId":261302908,"currentRatchet":{"ephemeralKeyPair":{"pubKey":"BeF5kHHr3L3i5DWKoWNtjFfn+T8x1mEIPZ1WIxm00B4X","privKey":"2OkqQsEVu08PtIFdWXooXxRbN5/oredEiHVPz0pC2n0="},"lastRemoteEphemeralKey":"Ba4GDsj8iyhHI+h5SA9r+xKh+fPQFqKN/+67ZwlP0Mk9","previousCounter":0,"rootKey":"qxMjrMNNiogt6qZpYhDZlZtVpw+ieCmLoFLkj76dMUs="},"indexInfo":{"baseKey":"BdeOQCK2RybOE0rtNiIlc9PoN9EZmSiJQTYRJp65xcsC","baseKeyType":1,"closed":-1,"used":1747380672090,"created":1747231422430,"remoteIdentityKey":"BfubHbypBLj7xalBYPIS1eva9P6ambP+xkPFju746S1b"},"_chains":{"BbS8mH+niYe5X/PjHkFRuDtDQxi1NomT9Gr+U0e1x1NY":{"chainKey":{"counter":0},"chainType":2,"messageKeys":{}},"BT2mq95Jbi2NWv+doZZ2b2WFMCfGx3B0rM1Rmm7/Qkhd":{"chainKey":{"counter":0},"chainType":2,"messageKeys":{}},"BbBjLkbQ8yDaRltt2DhN3H6boDO4H5L4wnLg+0Oo2Ghx":{"chainKey":{"counter":0},"chainType":2,"messageKeys":{}},"Ba4GDsj8iyhHI+h5SA9r+xKh+fPQFqKN/+67ZwlP0Mk9":{"chainKey":{"counter":0,"key":"k19NRJCSyoJZIZAvF+3YIPas3sIMiZl/4uSzVRGsFMQ="},"chainType":2,"messageKeys":{}},"BeF5kHHr3L3i5DWKoWNtjFfn+T8x1mEIPZ1WIxm00B4X":{"chainKey":{"counter":75,"key":"0VkVqCj40KVbtG37sjGPZA9yhdTwka+5qVXOTmPB66w="},"chainType":1,"messageKeys":{}}}}},"version":"v1"}