{"_sessions":{"BcMs87rQwEy9MvcOb0kVdxbsVF3437jFn6jMmcCrOnBK":{"registrationId":1542414828,"currentRatchet":{"ephemeralKeyPair":{"pubKey":"BQaz2BywYZ/EomeTIEAtljPbXvZi8grjOAKHKPJhpowR","privKey":"6HqXc6yWX2P6mgI6cBEty0xQHaYCZ7HKb7N/ftqDm0s="},"lastRemoteEphemeralKey":"BU0vQWTPtjA3pv0F3tIovYcsT/Ny7rG+bhuD1oJpSMVG","previousCounter":0,"rootKey":"9kCAkN3VRxHl6n1dXzB7A9hu2qipONP1NlWYVrvLntM="},"indexInfo":{"baseKey":"BcMs87rQwEy9MvcOb0kVdxbsVF3437jFn6jMmcCrOnBK","baseKeyType":1,"closed":-1,"used":1747231422140,"created":1747231422140,"remoteIdentityKey":"BSStocfQWEYPNDRo5c9cXAW5jJeg99Jho1cVwAugLfpS"},"_chains":{"BQaz2BywYZ/EomeTIEAtljPbXvZi8grjOAKHKPJhpowR":{"chainKey":{"counter":89,"key":"YiDq0nL7luAXwQURtLLmluWHh36gTexmuAADMVJOMmg="},"chainType":1,"messageKeys":{}}},"pendingPreKey":{"signedKeyId":2,"baseKey":"BcMs87rQwEy9MvcOb0kVdxbsVF3437jFn6jMmcCrOnBK","preKeyId":15539245}}},"version":"v1"}