{"_sessions":{"BZS+VPS3F2SN2XLNwCYx3kJ4s+LPb/U9Ni90zgMSrao3":{"registrationId":1047301873,"currentRatchet":{"ephemeralKeyPair":{"pubKey":"BahM7PsdNCAFbqcAIS0YtjqZshkU+ZgMPhd9NSvLh380","privKey":"4Ki0ggZxarlyWFTommEb356nNDmg5YdaXJ5XYCLxMmQ="},"lastRemoteEphemeralKey":"BcE7okZJit2yjyxf3w+MnAFVedwbVjl9dwlyR69DW9AQ","previousCounter":0,"rootKey":"PyYf+YrkWC27vcEk9e+zyFymDB8ntMgDqiahtY2gSR0="},"indexInfo":{"baseKey":"BZS+VPS3F2SN2XLNwCYx3kJ4s+LPb/U9Ni90zgMSrao3","baseKeyType":1,"closed":-1,"used":1747231422655,"created":1747231422655,"remoteIdentityKey":"BXyszMA22Rq7fB/2ftF6bX8oYxIY+Cdfq8RXYlsGpAU4"},"_chains":{"BahM7PsdNCAFbqcAIS0YtjqZshkU+ZgMPhd9NSvLh380":{"chainKey":{"counter":89,"key":"QOirOAfbJJQB1JyC+/DCtoEG0BAnoxILtVv5cjppMfc="},"chainType":1,"messageKeys":{}}},"pendingPreKey":{"signedKeyId":0,"baseKey":"BZS+VPS3F2SN2XLNwCYx3kJ4s+LPb/U9Ni90zgMSrao3","preKeyId":8713872}}},"version":"v1"}