{"_sessions":{"BVBcbt/NkJ1T0J4b9l/e6FLGEi+yVxpB31SgKioS6RMs":{"registrationId":1680277722,"currentRatchet":{"ephemeralKeyPair":{"pubKey":"BZCKexfy3I4iDcaGEuCdzV7GCCMa518NTvDVtII6yX9O","privKey":"GB6SAf4/9E87HspQxR8//0MwokpH5zJJwlWzZZTAjn4="},"lastRemoteEphemeralKey":"BUs/EkGls63FaXnW/cWyMQoX7iY3Or3DjFDR5a8UUcZs","previousCounter":14,"rootKey":"cG138t0cT774Cb+5+0/i9pDopEfCR2KuaGJBrSIxx0Q="},"indexInfo":{"baseKey":"BVBcbt/NkJ1T0J4b9l/e6FLGEi+yVxpB31SgKioS6RMs","baseKeyType":1,"closed":-1,"used":1747653768970,"created":1747305018874,"remoteIdentityKey":"BbzbQVPtplBMAV2hdNg3/NMxvWiOpy7c1Dbfxi4Y1JBJ"},"_chains":{"Bf4MYfbo/RN0CZjp92aDuSx3D8NEijrfAeq8ijqzo8pD":{"chainKey":{"counter":1},"chainType":2,"messageKeys":{}},"BebrtToDWFYB9U+G7iPoGmnIj7h5KN1tosLE/AS5buQv":{"chainKey":{"counter":0},"chainType":2,"messageKeys":{}},"BXDY1MWfnWOWFSustPbv8xgfEzofZitrWBh8lmb0RGka":{"chainKey":{"counter":0},"chainType":2,"messageKeys":{}},"BT+CRjaTsAdIZIMX1MgnPQ+ce4JtYLm3rJsVhJWNt1hf":{"chainKey":{"counter":0},"chainType":2,"messageKeys":{}},"BUIMvmbjyvyofVyN3W4YUGBr0IX2cAeZLyQt3CwmHkdb":{"chainKey":{"counter":0},"chainType":2,"messageKeys":{}},"Be61+ZUHeTgaVa9A72LN2bCiiSkDULAo2f1BKUPW7/pK":{"chainKey":{"counter":0},"chainType":2,"messageKeys":{}},"BVD3bHgeY1yOiQ0AfBm5HAVeCu3YCPuiSw/ERv7UKWIA":{"chainKey":{"counter":1},"chainType":2,"messageKeys":{}},"BU1k7qG4Z09kRShb1VXtglqWyXjuE71neELDQ+1UaOtm":{"chainKey":{"counter":0},"chainType":2,"messageKeys":{}},"BUs/EkGls63FaXnW/cWyMQoX7iY3Or3DjFDR5a8UUcZs":{"chainKey":{"counter":0,"key":"ESXABWnqdKoZvn6Zmss+pMHyuJjuJXAZgYorN4A2tR8="},"chainType":2,"messageKeys":{}},"BZCKexfy3I4iDcaGEuCdzV7GCCMa518NTvDVtII6yX9O":{"chainKey":{"counter":2,"key":"V3XoJpEaLGtXEkPPrrnAMi8Ax2f3F18LclXFkpsmG+Y="},"chainType":1,"messageKeys":{}}}}},"version":"v1"}