{"_sessions":{"Benlsl7lJCscrf2olCJSzdAUH8VekrKnOhlKEVXNloY7":{"registrationId":1444653767,"currentRatchet":{"ephemeralKeyPair":{"pubKey":"BSsaOJmNL8ZU3E8Z6jCwCiqASc5StxTpMor3ePSqIihw","privKey":"2MUkklOMzpgdiIA5mdGT+tfuteex80pH0JLhDXCzkXk="},"lastRemoteEphemeralKey":"Be16RhU8GNYWleLuNqmr4cPx384fqWq4uMeMjQWSQMRc","previousCounter":0,"rootKey":"949HGneC8sxjQQVop2dXHSV2L1nMr+lVv0PnJM9da9Y="},"indexInfo":{"baseKey":"Benlsl7lJCscrf2olCJSzdAUH8VekrKnOhlKEVXNloY7","baseKeyType":1,"closed":-1,"used":1747609481403,"created":1747609481403,"remoteIdentityKey":"BaJtDPWg8Jei60jb81qmNp8yDS0/CFQZokGAK7ktP/MU"},"_chains":{"BSsaOJmNL8ZU3E8Z6jCwCiqASc5StxTpMor3ePSqIihw":{"chainKey":{"counter":49,"key":"Z5QT1Qn4C5nclmvwImhInzFNSQ0YNPMD+lziLIPchoQ="},"chainType":1,"messageKeys":{}}},"pendingPreKey":{"signedKeyId":0,"baseKey":"Benlsl7lJCscrf2olCJSzdAUH8VekrKnOhlKEVXNloY7","preKeyId":11292166}}},"version":"v1"}