{"_sessions":{"BQS1KABMicKt4A0N1AqD3xggSz8b1wrsGa8dJLUH0hUi":{"registrationId":690695435,"currentRatchet":{"ephemeralKeyPair":{"pubKey":"BV5EXuecSLnYL5QbD15Beqnmpmd8gAPbu0CCyCeOXLV9","privKey":"2DOtmExFhkRQ//VpZZu0uMCagrUJ+kFghQ+GSN3xD1Y="},"lastRemoteEphemeralKey":"BXEOAwNmj4qlAfyuS/K28+lyb9jHp/9N3NuKOiKXLylH","previousCounter":0,"rootKey":"8ceTGHIazjcQQ1nonS+TbfUypFqAZjWWDw6lvkIZS0A="},"indexInfo":{"baseKey":"BQS1KABMicKt4A0N1AqD3xggSz8b1wrsGa8dJLUH0hUi","baseKeyType":1,"closed":-1,"used":1747269916149,"created":1747269916149,"remoteIdentityKey":"BQ+nqcXe4FYGA6j94lSN0VDKWL+C9uXWZW9vi8HWoLY8"},"_chains":{"BV5EXuecSLnYL5QbD15Beqnmpmd8gAPbu0CCyCeOXLV9":{"chainKey":{"counter":0,"key":"z4lFBoPYJm3NJuW/OiPZZpAe3ZjQZ0Q5SDEn2mrUulo="},"chainType":1,"messageKeys":{}}},"pendingPreKey":{"signedKeyId":10,"baseKey":"BQS1KABMicKt4A0N1AqD3xggSz8b1wrsGa8dJLUH0hUi","preKeyId":8178636}}},"version":"v1"}