{"_sessions":{"BZqelk/nOMWtv5VeLr9xQcNMbuhtlDkvfPLoICqW4I0L":{"registrationId":418122354,"currentRatchet":{"ephemeralKeyPair":{"pubKey":"BQpeZPGfa9sKOF6t/2HeCAL1qgTmszXpKGdZsQBvxqNH","privKey":"iIFbwj+P5FrphzPgnHAOKT73khtnMyDpCN3x5tCnvWA="},"lastRemoteEphemeralKey":"BdipPu80ZefRnfgMq1J2Wmtj1S4Jgcrv3N1DYIjft1Jv","previousCounter":0,"rootKey":"vVhHNeXTNRElwnzx0xDd3i3zIs2dcEZOZsvSkm++iZw="},"indexInfo":{"baseKey":"BZqelk/nOMWtv5VeLr9xQcNMbuhtlDkvfPLoICqW4I0L","baseKeyType":1,"closed":-1,"used":1747269913631,"created":1747269913631,"remoteIdentityKey":"Bcdlu4R7CGRfawnt8kz3G1vac1bcHBW2e9Eb3vwx/e4F"},"_chains":{"BQpeZPGfa9sKOF6t/2HeCAL1qgTmszXpKGdZsQBvxqNH":{"chainKey":{"counter":0,"key":"dfd3iwM3bt0kE5jOQ4dBK+yBx8/5m5Ax4a1wXFSPvwM="},"chainType":1,"messageKeys":{}}},"pendingPreKey":{"signedKeyId":2,"baseKey":"BZqelk/nOMWtv5VeLr9xQcNMbuhtlDkvfPLoICqW4I0L","preKeyId":6085114}}},"version":"v1"}