{"_sessions":{"BZkiZ8hjOBTjvj15Sta2URfWYDcH0LZ5hNwsAB+3AQw6":{"registrationId":1957381078,"currentRatchet":{"ephemeralKeyPair":{"pubKey":"BR0wjN5cuOFGDP+LzIrgnHCMgESp9+kgKOU+gRhZuVAe","privKey":"UJyq3rElYQthWeXJvLM3pdgnbG5vfegq4C+ka2zxtFM="},"lastRemoteEphemeralKey":"BbSgeHHWpK2qeMyblq5X+3AIVW/+XuT+g/Ii6h87j5Va","previousCounter":0,"rootKey":"PCXGq2x0CitRLKer4q3Isc2zQh+oWTz19U/R7UlF7qc="},"indexInfo":{"baseKey":"BZkiZ8hjOBTjvj15Sta2URfWYDcH0LZ5hNwsAB+3AQw6","baseKeyType":1,"closed":1747320106822,"used":1747320104621,"created":1747320104621,"remoteIdentityKey":"BSpS/h4okzxUrhaDQ9PRzEOUV174+fHZgApP2oJXEj9Q"},"_chains":{"BR0wjN5cuOFGDP+LzIrgnHCMgESp9+kgKOU+gRhZuVAe":{"chainKey":{"counter":0,"key":"4omhCEwUh/0xM/tvVISGg6Svsry8Qn0flgPGJW+AeTM="},"chainType":1,"messageKeys":{}}},"pendingPreKey":{"signedKeyId":5,"baseKey":"BZkiZ8hjOBTjvj15Sta2URfWYDcH0LZ5hNwsAB+3AQw6","preKeyId":6112962}},"BcRnzcwCgOq3mLFCN8v9zxfejM/pK3qC1/vdvvG/XosT":{"registrationId":1957381078,"currentRatchet":{"ephemeralKeyPair":{"pubKey":"BYxk3wuLvaGTLqjReeBfyUN0a6vO00dH/ORNeKUy48AB","privKey":"oPbY2QWHBaMGEmJnpOsIkiC9UM6+fk66Vn3IelIRoGs="},"lastRemoteEphemeralKey":"BbSgeHHWpK2qeMyblq5X+3AIVW/+XuT+g/Ii6h87j5Va","previousCounter":0,"rootKey":"SltgTC4DJD40SConm4pTO1qL452JM6XW2MYwBFjWrnM="},"indexInfo":{"baseKey":"BcRnzcwCgOq3mLFCN8v9zxfejM/pK3qC1/vdvvG/XosT","baseKeyType":1,"closed":-1,"used":1747320106813,"created":1747320106813,"remoteIdentityKey":"BSpS/h4okzxUrhaDQ9PRzEOUV174+fHZgApP2oJXEj9Q"},"_chains":{"BYxk3wuLvaGTLqjReeBfyUN0a6vO00dH/ORNeKUy48AB":{"chainKey":{"counter":79,"key":"wSPW4YhW8xUG8+GNyQlGmG9bKziY/pGhodgcLJTiAXc="},"chainType":1,"messageKeys":{}}},"pendingPreKey":{"signedKeyId":5,"baseKey":"BcRnzcwCgOq3mLFCN8v9zxfejM/pK3qC1/vdvvG/XosT","preKeyId":6113043}}},"version":"v1"}