{"_sessions":{"BUU0D5X1h7DCCilDisFOmRC1b0kOtDThfxW82A2vlrkF":{"registrationId":1971495062,"currentRatchet":{"ephemeralKeyPair":{"pubKey":"BU9+N5NTD+nzvcqCbtw/PStWnXYCz34+GO3Bky+wJBtb","privKey":"UNGFnbupUbna3wHjlf29hWcS2TMdGGKvxmPlWsmknX4="},"lastRemoteEphemeralKey":"BQSZCt5biOMzha3xvVEwt7kJRIX90G65Jk6p9Xuw1Kpw","previousCounter":0,"rootKey":"HQsTHMn7H3J5vRL1ByJfKHtTRVaRpWz+kC0+2VKo9M0="},"indexInfo":{"baseKey":"BUU0D5X1h7DCCilDisFOmRC1b0kOtDThfxW82A2vlrkF","baseKeyType":1,"closed":1747609700466,"used":1747231422051,"created":1747231422051,"remoteIdentityKey":"BfEl02a2c8I+IE185W8J/KpCfYrcfpRYexfPe+DEtuxU"},"_chains":{"BU9+N5NTD+nzvcqCbtw/PStWnXYCz34+GO3Bky+wJBtb":{"chainKey":{"counter":40,"key":"0quecpQmfedi1WMFRUcO6GqWJj0OADq8DLqK0PPH7i4="},"chainType":1,"messageKeys":{}}},"pendingPreKey":{"signedKeyId":1,"baseKey":"BUU0D5X1h7DCCilDisFOmRC1b0kOtDThfxW82A2vlrkF","preKeyId":5145369}},"BddvwNeWvSrPefLUmvTqIjKANjsBI8rMFRcjG7RmOp8C":{"registrationId":464406676,"currentRatchet":{"ephemeralKeyPair":{"pubKey":"BdYniU8Cd6dXJxXCuQx4zKbT++nvKWH3xUvhoAQzRE1i","privKey":"2H4iDz8AQ4hh63//pwIpkYgQNoK6U08mE6YKrthhPks="},"lastRemoteEphemeralKey":"BQV+kF3cpmeFbX12aMfhKproJ8tHpKUdtnU13rxXHMRM","previousCounter":0,"rootKey":"b9ooJW2dF92D5ErYatgXx2cGZXf4VJWgttPRsax2dAQ="},"indexInfo":{"baseKey":"BddvwNeWvSrPefLUmvTqIjKANjsBI8rMFRcjG7RmOp8C","baseKeyType":1,"closed":1747609703205,"used":1747609700464,"created":1747609700464,"remoteIdentityKey":"BVUT7GrXqCWQ+U9aQ1ePkYzz0xuHlO0qyg6Ypzegfsw5"},"_chains":{"BdYniU8Cd6dXJxXCuQx4zKbT++nvKWH3xUvhoAQzRE1i":{"chainKey":{"counter":0,"key":"1Vp7My85qQgA5T5ZCVKHAj6xdc6urJkoNUX3oF9ld9c="},"chainType":1,"messageKeys":{}}},"pendingPreKey":{"signedKeyId":0,"baseKey":"BddvwNeWvSrPefLUmvTqIjKANjsBI8rMFRcjG7RmOp8C","preKeyId":4049164}},"BS5I6I6BiaaUwQLnsnPIt1pFu3p7sX8lBuaDMsbYgRI2":{"registrationId":464406676,"currentRatchet":{"ephemeralKeyPair":{"pubKey":"BZ6rf9k+OJRZd95Y3FPGY5BVYJoPinaM84cZFCYxjN0o","privKey":"EF+GGxRvDHOB6l9u44tH+RYrT9q9lby6moTXJUjph0A="},"lastRemoteEphemeralKey":"BQV+kF3cpmeFbX12aMfhKproJ8tHpKUdtnU13rxXHMRM","previousCounter":0,"rootKey":"W82P4jI1YmruiVdVUNuPtZzudSNkzrk8BHFlOtcK9PE="},"indexInfo":{"baseKey":"BS5I6I6BiaaUwQLnsnPIt1pFu3p7sX8lBuaDMsbYgRI2","baseKeyType":1,"closed":1747609703635,"used":1747609703204,"created":1747609703204,"remoteIdentityKey":"BVUT7GrXqCWQ+U9aQ1ePkYzz0xuHlO0qyg6Ypzegfsw5"},"_chains":{"BZ6rf9k+OJRZd95Y3FPGY5BVYJoPinaM84cZFCYxjN0o":{"chainKey":{"counter":0,"key":"x4Qy6ARPsOpBPT8IG1bR9oxuxu5QI29C4YM5eJVhG1M="},"chainType":1,"messageKeys":{}}},"pendingPreKey":{"signedKeyId":0,"baseKey":"BS5I6I6BiaaUwQLnsnPIt1pFu3p7sX8lBuaDMsbYgRI2","preKeyId":4048530}},"BWKLUyjPLJ0wJDjWNrSvwgpBRgrpqQzFopprsCpaH9Rp":{"registrationId":464406676,"currentRatchet":{"ephemeralKeyPair":{"pubKey":"BUZCw1vjk92X+cPIsv7nyTaron6EUryjDoV/eNnZOMMX","privKey":"sBRmMGuLp/j1bKGGXJdc/KGUryjGYODOxZduRVo/O2U="},"lastRemoteEphemeralKey":"BQV+kF3cpmeFbX12aMfhKproJ8tHpKUdtnU13rxXHMRM","previousCounter":0,"rootKey":"YqXxbyKrRX4+Disywk0ckf1HKOrJlyhqPIVtUhH0Huw="},"indexInfo":{"baseKey":"BWKLUyjPLJ0wJDjWNrSvwgpBRgrpqQzFopprsCpaH9Rp","baseKeyType":1,"closed":1747609704020,"used":1747609703633,"created":1747609703633,"remoteIdentityKey":"BVUT7GrXqCWQ+U9aQ1ePkYzz0xuHlO0qyg6Ypzegfsw5"},"_chains":{"BUZCw1vjk92X+cPIsv7nyTaron6EUryjDoV/eNnZOMMX":{"chainKey":{"counter":0,"key":"gGCAsFDkR1MNPue8wwcLT+4uHBZxiLtpye7aEazZuh4="},"chainType":1,"messageKeys":{}}},"pendingPreKey":{"signedKeyId":0,"baseKey":"BWKLUyjPLJ0wJDjWNrSvwgpBRgrpqQzFopprsCpaH9Rp","preKeyId":4049142}},"BUiZpyNRiZTLDMkREna3anz3aWkmXRwIS5QDuI2h3R0c":{"registrationId":464406676,"currentRatchet":{"ephemeralKeyPair":{"pubKey":"BS+LDEl67pNHWHA/MPp8z4qUlyT+dACjZ5UA1gba6RII","privKey":"4JXsAa/ATN0+puvJX+aKIxfGmzGnaAY4XxJTiru86kc="},"lastRemoteEphemeralKey":"BQV+kF3cpmeFbX12aMfhKproJ8tHpKUdtnU13rxXHMRM","previousCounter":0,"rootKey":"z45PbD/+Al9v5HY76uVKPAB/Zj+IzwKqeV8q7F0BJ3Y="},"indexInfo":{"baseKey":"BUiZpyNRiZTLDMkREna3anz3aWkmXRwIS5QDuI2h3R0c","baseKeyType":1,"closed":1747609704399,"used":1747609704018,"created":1747609704018,"remoteIdentityKey":"BVUT7GrXqCWQ+U9aQ1ePkYzz0xuHlO0qyg6Ypzegfsw5"},"_chains":{"BS+LDEl67pNHWHA/MPp8z4qUlyT+dACjZ5UA1gba6RII":{"chainKey":{"counter":0,"key":"G5uuV5au6Tz0TeSK6XWhw3aQnYhhxNXtweApi1vF8HY="},"chainType":1,"messageKeys":{}}},"pendingPreKey":{"signedKeyId":0,"baseKey":"BUiZpyNRiZTLDMkREna3anz3aWkmXRwIS5QDuI2h3R0c","preKeyId":4049053}},"BUoKeHJztyJZbF+3m496+8cBalT1AYiFZ2meuoqo1A4b":{"registrationId":464406676,"currentRatchet":{"ephemeralKeyPair":{"pubKey":"BVrsBt/i73DbDJog4ksJJbPtob/nR3MNR13usB9FFNgi","privKey":"KBmvQATdmvPPUG/KOOB6HRvDQA7GNUGUh7h/+lRyZ3c="},"lastRemoteEphemeralKey":"BQV+kF3cpmeFbX12aMfhKproJ8tHpKUdtnU13rxXHMRM","previousCounter":0,"rootKey":"ADkOCxRfpUuZe+DuIfI/WNWdenRMdNPNgzF96X4P7l4="},"indexInfo":{"baseKey":"BUoKeHJztyJZbF+3m496+8cBalT1AYiFZ2meuoqo1A4b","baseKeyType":1,"closed":1747609704779,"used":1747609704397,"created":1747609704397,"remoteIdentityKey":"BVUT7GrXqCWQ+U9aQ1ePkYzz0xuHlO0qyg6Ypzegfsw5"},"_chains":{"BVrsBt/i73DbDJog4ksJJbPtob/nR3MNR13usB9FFNgi":{"chainKey":{"counter":0,"key":"izaMgUmFXXp+4X5zt8pMdARq5Hn1P2U23KeQy4hsXOY="},"chainType":1,"messageKeys":{}}},"pendingPreKey":{"signedKeyId":0,"baseKey":"BUoKeHJztyJZbF+3m496+8cBalT1AYiFZ2meuoqo1A4b","preKeyId":4049193}},"BWmaFUBTjV2P7SEHDHqjXxQ1uOXyPrxe/1FlKu831xls":{"registrationId":464406676,"currentRatchet":{"ephemeralKeyPair":{"pubKey":"BSzGNGiU0WRIHGTnrKexvC3hiwGJgRDdm922UtsfWqIB","privKey":"gIb8OWE6cOfVb0+f1QJBXu1zBS44vXH1YzJOufsTs3U="},"lastRemoteEphemeralKey":"BQV+kF3cpmeFbX12aMfhKproJ8tHpKUdtnU13rxXHMRM","previousCounter":0,"rootKey":"vEL2sktioggBTRl4EAAwqsC/jdlavJ7lTXCGsLN2LE0="},"indexInfo":{"baseKey":"BWmaFUBTjV2P7SEHDHqjXxQ1uOXyPrxe/1FlKu831xls","baseKeyType":1,"closed":1747609705120,"used":1747609704762,"created":1747609704762,"remoteIdentityKey":"BVUT7GrXqCWQ+U9aQ1ePkYzz0xuHlO0qyg6Ypzegfsw5"},"_chains":{"BSzGNGiU0WRIHGTnrKexvC3hiwGJgRDdm922UtsfWqIB":{"chainKey":{"counter":0,"key":"NjH/Wd+3CnkLOfJiskiUZJePGz4tXBtfvefvgMoVWlc="},"chainType":1,"messageKeys":{}}},"pendingPreKey":{"signedKeyId":0,"baseKey":"BWmaFUBTjV2P7SEHDHqjXxQ1uOXyPrxe/1FlKu831xls","preKeyId":4048483}},"BYnHhinrJwnYR+fOEfYz3UZ7O/PcuGFDZiaIJU6eUG8o":{"registrationId":464406676,"currentRatchet":{"ephemeralKeyPair":{"pubKey":"BQX/95R2TAB4a1NDzZ2gmMQNQ0rhKP1urr9qp8E2WXtz","privKey":"ENREox+jDZ8Dhc6w75NCG+JyskLA5fnaP7tpMP/oUn8="},"lastRemoteEphemeralKey":"BQV+kF3cpmeFbX12aMfhKproJ8tHpKUdtnU13rxXHMRM","previousCounter":0,"rootKey":"3c4SSb07EGGLyI7kV2ZS656mXavoUQO/RwpLXKUhi3s="},"indexInfo":{"baseKey":"BYnHhinrJwnYR+fOEfYz3UZ7O/PcuGFDZiaIJU6eUG8o","baseKeyType":1,"closed":1747609709246,"used":1747609705119,"created":1747609705119,"remoteIdentityKey":"BVUT7GrXqCWQ+U9aQ1ePkYzz0xuHlO0qyg6Ypzegfsw5"},"_chains":{"BQX/95R2TAB4a1NDzZ2gmMQNQ0rhKP1urr9qp8E2WXtz":{"chainKey":{"counter":0,"key":"WpvvDKfQFv+sUAIflg2urUKQ0pMG5nJ77iQqGAAG0A4="},"chainType":1,"messageKeys":{}}},"pendingPreKey":{"signedKeyId":0,"baseKey":"BYnHhinrJwnYR+fOEfYz3UZ7O/PcuGFDZiaIJU6eUG8o","preKeyId":4049109}},"BckDf6xdR333lqIetldns41hcuQANQ9mfzeOmq9ovUUF":{"registrationId":464406676,"currentRatchet":{"ephemeralKeyPair":{"pubKey":"BSdspzkR6CP5ptIauTp1E2MGnnx6MqIBmY5CzGlugtYr","privKey":"+B8FKwgycKBdWTD8JYhuK0jYUzC/TPrwRdba0ZDf5Hg="},"lastRemoteEphemeralKey":"BQV+kF3cpmeFbX12aMfhKproJ8tHpKUdtnU13rxXHMRM","previousCounter":0,"rootKey":"oHDtOwjkf+V4Onlgbv5TkhJYsGPJu4GBMReL906Jlfw="},"indexInfo":{"baseKey":"BckDf6xdR333lqIetldns41hcuQANQ9mfzeOmq9ovUUF","baseKeyType":1,"closed":1747609709750,"used":1747609709245,"created":1747609709245,"remoteIdentityKey":"BVUT7GrXqCWQ+U9aQ1ePkYzz0xuHlO0qyg6Ypzegfsw5"},"_chains":{"BSdspzkR6CP5ptIauTp1E2MGnnx6MqIBmY5CzGlugtYr":{"chainKey":{"counter":0,"key":"FWy3FGVR0NTgbgU/zJpqCqD9a/f3jXkYllK4wY3l8ks="},"chainType":1,"messageKeys":{}}},"pendingPreKey":{"signedKeyId":0,"baseKey":"BckDf6xdR333lqIetldns41hcuQANQ9mfzeOmq9ovUUF","preKeyId":4049072}},"BQoN3TbKf3YAnMqhFyTnqkMiHN3UEUKo+wmDb/swzAxm":{"registrationId":464406676,"currentRatchet":{"ephemeralKeyPair":{"pubKey":"BaoIV87ee9da2Y+Nck4gVstKJWWm8ukIb1D5Bp5SsZkc","privKey":"kMLIUP4pVMVgdCUyR9UhWMds7MlkD1CVE51JKwhJsU4="},"lastRemoteEphemeralKey":"BQV+kF3cpmeFbX12aMfhKproJ8tHpKUdtnU13rxXHMRM","previousCounter":0,"rootKey":"jPpyFL73tAWJOsHx2I0dq55i6qToLTXo1aaJDZli31A="},"indexInfo":{"baseKey":"BQoN3TbKf3YAnMqhFyTnqkMiHN3UEUKo+wmDb/swzAxm","baseKeyType":1,"closed":1747609710609,"used":1747609709748,"created":1747609709748,"remoteIdentityKey":"BVUT7GrXqCWQ+U9aQ1ePkYzz0xuHlO0qyg6Ypzegfsw5"},"_chains":{"BaoIV87ee9da2Y+Nck4gVstKJWWm8ukIb1D5Bp5SsZkc":{"chainKey":{"counter":0,"key":"Oshml12PxH8xMU/PK6Wp7rpx4GzNkGu5/GpW37Ee8vc="},"chainType":1,"messageKeys":{}}},"pendingPreKey":{"signedKeyId":0,"baseKey":"BQoN3TbKf3YAnMqhFyTnqkMiHN3UEUKo+wmDb/swzAxm","preKeyId":4048987}},"BSzyOeEJe/FG7Wl1fwKFVJmEyov6hC+EYbJRIeuGLSRd":{"registrationId":464406676,"currentRatchet":{"ephemeralKeyPair":{"pubKey":"BdixLXNNAOXPwNn/Ue/g5wBKn+YGlL5qkdPXwf/NDHgI","privKey":"mAuHTljo8mO0eQg3pBPNhbv5xHUEVDvBrf7WqU6GKUw="},"lastRemoteEphemeralKey":"BQV+kF3cpmeFbX12aMfhKproJ8tHpKUdtnU13rxXHMRM","previousCounter":0,"rootKey":"fcOtRhZX5UPng2RaNgIrVParycminL+x0aNmr4w2W9s="},"indexInfo":{"baseKey":"BSzyOeEJe/FG7Wl1fwKFVJmEyov6hC+EYbJRIeuGLSRd","baseKeyType":1,"closed":1747609711026,"used":1747609710608,"created":1747609710608,"remoteIdentityKey":"BVUT7GrXqCWQ+U9aQ1ePkYzz0xuHlO0qyg6Ypzegfsw5"},"_chains":{"BdixLXNNAOXPwNn/Ue/g5wBKn+YGlL5qkdPXwf/NDHgI":{"chainKey":{"counter":0,"key":"LqrXsZ8WyKGyDn+CB7uDqGHmkAOCiab9LD3GlI/drKo="},"chainType":1,"messageKeys":{}}},"pendingPreKey":{"signedKeyId":0,"baseKey":"BSzyOeEJe/FG7Wl1fwKFVJmEyov6hC+EYbJRIeuGLSRd","preKeyId":4048590}},"BTxvHp5R7/IT6KMb81NOJDe27la+xtshZ5jd7Y3oNOkx":{"registrationId":464406676,"currentRatchet":{"ephemeralKeyPair":{"pubKey":"BXYTCDlvuyd1iZoRx9R2vkYLYOgk0yb++bTI6b1po3B2","privKey":"aLmZo/9dQO67zuZsQLdzTXXGVZ6GkfkHORZi0/WWmlc="},"lastRemoteEphemeralKey":"BQV+kF3cpmeFbX12aMfhKproJ8tHpKUdtnU13rxXHMRM","previousCounter":0,"rootKey":"lxX0kfTVACTyuRY7zu1DLAITJZQSE/RF5nD8mIbM//s="},"indexInfo":{"baseKey":"BTxvHp5R7/IT6KMb81NOJDe27la+xtshZ5jd7Y3oNOkx","baseKeyType":1,"closed":1747609723467,"used":1747609711025,"created":1747609711025,"remoteIdentityKey":"BVUT7GrXqCWQ+U9aQ1ePkYzz0xuHlO0qyg6Ypzegfsw5"},"_chains":{"BXYTCDlvuyd1iZoRx9R2vkYLYOgk0yb++bTI6b1po3B2":{"chainKey":{"counter":0,"key":"+16DAYhlL56rhp3nMvsul3r0oeS4+fi1cH+R3BjLe44="},"chainType":1,"messageKeys":{}}},"pendingPreKey":{"signedKeyId":0,"baseKey":"BTxvHp5R7/IT6KMb81NOJDe27la+xtshZ5jd7Y3oNOkx","preKeyId":4048982}},"BUhCvsbaE6WfH7/BmjaPvnNItwchyfokxAcjX+nxV6A7":{"registrationId":464406676,"currentRatchet":{"ephemeralKeyPair":{"pubKey":"BWHUtDw70qy9A0Eu8FItBLQPJ0Utqp6s2/+nuYkAEQJi","privKey":"MEa6DkXtTaEPhz3nHnSdJW4ouKRhruPZUdAAG5SsUWI="},"lastRemoteEphemeralKey":"BQV+kF3cpmeFbX12aMfhKproJ8tHpKUdtnU13rxXHMRM","previousCounter":0,"rootKey":"avCHHyPl0/m/MmVvek38765KImXNf6uJkYyluo9OAAQ="},"indexInfo":{"baseKey":"BUhCvsbaE6WfH7/BmjaPvnNItwchyfokxAcjX+nxV6A7","baseKeyType":1,"closed":1747609723918,"used":1747609723449,"created":1747609723449,"remoteIdentityKey":"BVUT7GrXqCWQ+U9aQ1ePkYzz0xuHlO0qyg6Ypzegfsw5"},"_chains":{"BWHUtDw70qy9A0Eu8FItBLQPJ0Utqp6s2/+nuYkAEQJi":{"chainKey":{"counter":0,"key":"p210rMmfROh0iteIfuc0hW2gqFtPqqrqgRL42v313L0="},"chainType":1,"messageKeys":{}}},"pendingPreKey":{"signedKeyId":0,"baseKey":"BUhCvsbaE6WfH7/BmjaPvnNItwchyfokxAcjX+nxV6A7","preKeyId":4048662}},"Be39hZA2NO9LgA2DaYgFUie++Bwo81TAAwrXwvjXfXtX":{"registrationId":464406676,"currentRatchet":{"ephemeralKeyPair":{"pubKey":"BTBTfHnFKd5c5Hjkm/bBxrEpKde9A+8GOGuc4KNk+7E+","privKey":"KKykUfI6CNKdTBq+paXPkzNE+Vma7rk8Wo0TQEcuI3E="},"lastRemoteEphemeralKey":"BQV+kF3cpmeFbX12aMfhKproJ8tHpKUdtnU13rxXHMRM","previousCounter":0,"rootKey":"j8sn9Vy8So0WOb9JiTw3qH6ZgQ3wtN/MXxZFWWIppFI="},"indexInfo":{"baseKey":"Be39hZA2NO9LgA2DaYgFUie++Bwo81TAAwrXwvjXfXtX","baseKeyType":1,"closed":1747609724292,"used":1747609723917,"created":1747609723917,"remoteIdentityKey":"BVUT7GrXqCWQ+U9aQ1ePkYzz0xuHlO0qyg6Ypzegfsw5"},"_chains":{"BTBTfHnFKd5c5Hjkm/bBxrEpKde9A+8GOGuc4KNk+7E+":{"chainKey":{"counter":0,"key":"j+K4HCYk3Gttsx6SYH4IVk3i9aSMaIaJecAVxKWwwOs="},"chainType":1,"messageKeys":{}}},"pendingPreKey":{"signedKeyId":0,"baseKey":"Be39hZA2NO9LgA2DaYgFUie++Bwo81TAAwrXwvjXfXtX","preKeyId":4048994}},"BZK1vkxdcTPTNFGkPL9T2vGqa/f4n64ao3IBCW/iWoAa":{"registrationId":464406676,"currentRatchet":{"ephemeralKeyPair":{"pubKey":"Bemx+6c4xon7LTmmJQQ5OjG/LQ8xCIz+6rfgldoIMdU/","privKey":"kHODN0fUW33IdlLnqOlppW1OZqyql8V3a93kLFsst2Y="},"lastRemoteEphemeralKey":"BQV+kF3cpmeFbX12aMfhKproJ8tHpKUdtnU13rxXHMRM","previousCounter":0,"rootKey":"Q7BuvK0Yt+Hgqr49H15L4CmCZTy22f6Tc3w5ymUVn0A="},"indexInfo":{"baseKey":"BZK1vkxdcTPTNFGkPL9T2vGqa/f4n64ao3IBCW/iWoAa","baseKeyType":1,"closed":1747609724672,"used":1747609724290,"created":1747609724290,"remoteIdentityKey":"BVUT7GrXqCWQ+U9aQ1ePkYzz0xuHlO0qyg6Ypzegfsw5"},"_chains":{"Bemx+6c4xon7LTmmJQQ5OjG/LQ8xCIz+6rfgldoIMdU/":{"chainKey":{"counter":0,"key":"mi8ReuFsnrlb25mUaJD1ylwbyiZnyCa0hBuPR2TDlFs="},"chainType":1,"messageKeys":{}}},"pendingPreKey":{"signedKeyId":0,"baseKey":"BZK1vkxdcTPTNFGkPL9T2vGqa/f4n64ao3IBCW/iWoAa","preKeyId":4048949}},"BVcB4rkXp+ZhLpE2ikt/zZayXJTRFXZrb8RizHDcG8MI":{"registrationId":464406676,"currentRatchet":{"ephemeralKeyPair":{"pubKey":"BS/uv7ZM2GcMU9u/3412DKdU7bKdMZ4kv3g45uUFn9QQ","privKey":"QMkDZWUGUYNoECzqBBEq5V6OzDn73kcXzKYJ66KXjnI="},"lastRemoteEphemeralKey":"BQV+kF3cpmeFbX12aMfhKproJ8tHpKUdtnU13rxXHMRM","previousCounter":0,"rootKey":"hxt+RMCSGZVtgLn8mYRb9SrS/EWAJ3zgrMYWMQcqKcs="},"indexInfo":{"baseKey":"BVcB4rkXp+ZhLpE2ikt/zZayXJTRFXZrb8RizHDcG8MI","baseKeyType":1,"closed":1747609725025,"used":1747609724670,"created":1747609724670,"remoteIdentityKey":"BVUT7GrXqCWQ+U9aQ1ePkYzz0xuHlO0qyg6Ypzegfsw5"},"_chains":{"BS/uv7ZM2GcMU9u/3412DKdU7bKdMZ4kv3g45uUFn9QQ":{"chainKey":{"counter":0,"key":"6NE/XmAJSty3DM9MRDc0jAf0q+b74SFPnXMsVxsf1HE="},"chainType":1,"messageKeys":{}}},"pendingPreKey":{"signedKeyId":0,"baseKey":"BVcB4rkXp+ZhLpE2ikt/zZayXJTRFXZrb8RizHDcG8MI","preKeyId":4048992}},"BYliHTMBk5hQ3KVk0i0sG5Npd6fSBrU8LsvC0y7hV+5M":{"registrationId":464406676,"currentRatchet":{"ephemeralKeyPair":{"pubKey":"Be++3nuJBosj3w94Jx+IV4drY3lg1pudAQfz5eU3pQcd","privKey":"qC0Fknoh21Txe1Z27N+aBv5A9wgRJwJ9GT5ej8tvB3s="},"lastRemoteEphemeralKey":"BQV+kF3cpmeFbX12aMfhKproJ8tHpKUdtnU13rxXHMRM","previousCounter":0,"rootKey":"bdP8sDX7/MHfjSt4KkWRm944G3uCTKPvOj/EedH5V2k="},"indexInfo":{"baseKey":"BYliHTMBk5hQ3KVk0i0sG5Npd6fSBrU8LsvC0y7hV+5M","baseKeyType":1,"closed":1747609725391,"used":1747609725023,"created":1747609725023,"remoteIdentityKey":"BVUT7GrXqCWQ+U9aQ1ePkYzz0xuHlO0qyg6Ypzegfsw5"},"_chains":{"Be++3nuJBosj3w94Jx+IV4drY3lg1pudAQfz5eU3pQcd":{"chainKey":{"counter":0,"key":"MyqKlurPOmjPywGc5/6EMipfnTTxxiSWZgnVcp06Wv8="},"chainType":1,"messageKeys":{}}},"pendingPreKey":{"signedKeyId":0,"baseKey":"BYliHTMBk5hQ3KVk0i0sG5Npd6fSBrU8LsvC0y7hV+5M","preKeyId":4049111}},"BZyPHysXnrKQynrcQHOhUrtlZwb0F8HS1LYB1IKPO1Ub":{"registrationId":464406676,"currentRatchet":{"ephemeralKeyPair":{"pubKey":"BVASBPX9crpE6ypK7hhpAD+67T91HFOi/xtLHLvHRp4A","privKey":"uEKA41V1lZER4fQybNUDJW0JcAL5U8ctVyHmd2Pcm2w="},"lastRemoteEphemeralKey":"BQV+kF3cpmeFbX12aMfhKproJ8tHpKUdtnU13rxXHMRM","previousCounter":0,"rootKey":"SsR9TP+ekG5anSIvNzPwUpqLtwxZP4e3Nit7OzUQML4="},"indexInfo":{"baseKey":"BZyPHysXnrKQynrcQHOhUrtlZwb0F8HS1LYB1IKPO1Ub","baseKeyType":1,"closed":1747609725748,"used":1747609725390,"created":1747609725390,"remoteIdentityKey":"BVUT7GrXqCWQ+U9aQ1ePkYzz0xuHlO0qyg6Ypzegfsw5"},"_chains":{"BVASBPX9crpE6ypK7hhpAD+67T91HFOi/xtLHLvHRp4A":{"chainKey":{"counter":0,"key":"jT700gs8B4jG8COUWAOS5tu955LY5LW1TsY6M2ERuH8="},"chainType":1,"messageKeys":{}}},"pendingPreKey":{"signedKeyId":0,"baseKey":"BZyPHysXnrKQynrcQHOhUrtlZwb0F8HS1LYB1IKPO1Ub","preKeyId":4048922}},"BW+aqjW0AveTLQIU6SM7RmHFJ5Dpx0nOUZiNqrxphZR8":{"registrationId":464406676,"currentRatchet":{"ephemeralKeyPair":{"pubKey":"BUorYvlWCIESfeWAL9v3T4aD/Zx1id4WOUsMQLedv15U","privKey":"cOCAz9ia9kspwo5NdFYfmqGveMTMmb1CyQ7BUFtB+WE="},"lastRemoteEphemeralKey":"BQV+kF3cpmeFbX12aMfhKproJ8tHpKUdtnU13rxXHMRM","previousCounter":0,"rootKey":"Wr8xBmpC9dP9c2YqNlTQcHpqnpupYKhWmHgXR/yVYqE="},"indexInfo":{"baseKey":"BW+aqjW0AveTLQIU6SM7RmHFJ5Dpx0nOUZiNqrxphZR8","baseKeyType":1,"closed":1747609726120,"used":1747609725746,"created":1747609725746,"remoteIdentityKey":"BVUT7GrXqCWQ+U9aQ1ePkYzz0xuHlO0qyg6Ypzegfsw5"},"_chains":{"BUorYvlWCIESfeWAL9v3T4aD/Zx1id4WOUsMQLedv15U":{"chainKey":{"counter":0,"key":"pgI+0gmZ/hsbMXQJHHrxc2tWJaC8cTf3yGjrDELN49Y="},"chainType":1,"messageKeys":{}}},"pendingPreKey":{"signedKeyId":0,"baseKey":"BW+aqjW0AveTLQIU6SM7RmHFJ5Dpx0nOUZiNqrxphZR8","preKeyId":4048917}},"BV1gCaTllxzzy99KOyc/LFcLMA0LMoFmI4Rl/uHABgUK":{"registrationId":464406676,"currentRatchet":{"ephemeralKeyPair":{"pubKey":"BRE1bkKDm9GzLCQC6RPK8BtNijPnEFbYer2906EwNUdP","privKey":"2OAZtO+2FjWWOJEE4Au0sLjcCB46ODhSAI/0L+vOl2E="},"lastRemoteEphemeralKey":"BQV+kF3cpmeFbX12aMfhKproJ8tHpKUdtnU13rxXHMRM","previousCounter":0,"rootKey":"pOPCSandjYQADf/dbFC9QEKGz6FlMvTOqnDHariISVY="},"indexInfo":{"baseKey":"BV1gCaTllxzzy99KOyc/LFcLMA0LMoFmI4Rl/uHABgUK","baseKeyType":1,"closed":1747609726491,"used":1747609726118,"created":1747609726118,"remoteIdentityKey":"BVUT7GrXqCWQ+U9aQ1ePkYzz0xuHlO0qyg6Ypzegfsw5"},"_chains":{"BRE1bkKDm9GzLCQC6RPK8BtNijPnEFbYer2906EwNUdP":{"chainKey":{"counter":0,"key":"Jcj4sBX4xb5DGmFVymMZl9ZECBHIgRcuKE1S3X6U3kg="},"chainType":1,"messageKeys":{}}},"pendingPreKey":{"signedKeyId":0,"baseKey":"BV1gCaTllxzzy99KOyc/LFcLMA0LMoFmI4Rl/uHABgUK","preKeyId":4048703}},"BUyXh7mkXp/CuRaF9epsqPj+7ngjKTkzq1Ifo5sb/jAt":{"registrationId":464406676,"currentRatchet":{"ephemeralKeyPair":{"pubKey":"BXGvfQU1tyrhFNHW05jgx9Qoqh/2U5g3+1S65HHRSrpl","privKey":"iE7xMgzOTbxy1Atzt3JnzLtJPrhre92vBIwAxgoUFGI="},"lastRemoteEphemeralKey":"BQV+kF3cpmeFbX12aMfhKproJ8tHpKUdtnU13rxXHMRM","previousCounter":0,"rootKey":"Jj26BDlrfxSiQY7ZS0DFDGKNCV7WKQT0HBue2XAZ25M="},"indexInfo":{"baseKey":"BUyXh7mkXp/CuRaF9epsqPj+7ngjKTkzq1Ifo5sb/jAt","baseKeyType":1,"closed":1747609726869,"used":1747609726489,"created":1747609726489,"remoteIdentityKey":"BVUT7GrXqCWQ+U9aQ1ePkYzz0xuHlO0qyg6Ypzegfsw5"},"_chains":{"BXGvfQU1tyrhFNHW05jgx9Qoqh/2U5g3+1S65HHRSrpl":{"chainKey":{"counter":0,"key":"CDMggAMXpTiPuPVlu5DGKMl7HEzIJRKToPKiISH7rsA="},"chainType":1,"messageKeys":{}}},"pendingPreKey":{"signedKeyId":0,"baseKey":"BUyXh7mkXp/CuRaF9epsqPj+7ngjKTkzq1Ifo5sb/jAt","preKeyId":4049029}},"BaqCiqEP3CKDFmhMu49P2vOD4lR0YJA3iWuDkMuBQKF5":{"registrationId":464406676,"currentRatchet":{"ephemeralKeyPair":{"pubKey":"BavesRfz7zF4uDgcqaPm2QP40DzI5LW+0QY5JCHXfwFk","privKey":"+HEi1IMX2ftTBT6bKhUXDkXNs82gMQLuETUlIOUOSUI="},"lastRemoteEphemeralKey":"BQV+kF3cpmeFbX12aMfhKproJ8tHpKUdtnU13rxXHMRM","previousCounter":0,"rootKey":"zhxgRENUj3QawQ4uP9zRzqPQlgTyAijpK4rOYP/4XxM="},"indexInfo":{"baseKey":"BaqCiqEP3CKDFmhMu49P2vOD4lR0YJA3iWuDkMuBQKF5","baseKeyType":1,"closed":1747609727227,"used":1747609726868,"created":1747609726868,"remoteIdentityKey":"BVUT7GrXqCWQ+U9aQ1ePkYzz0xuHlO0qyg6Ypzegfsw5"},"_chains":{"BavesRfz7zF4uDgcqaPm2QP40DzI5LW+0QY5JCHXfwFk":{"chainKey":{"counter":0,"key":"IIYFhKwMfejkIG/+jKYLEh3RM6XSVKIZTJ/McMJKfnU="},"chainType":1,"messageKeys":{}}},"pendingPreKey":{"signedKeyId":0,"baseKey":"BaqCiqEP3CKDFmhMu49P2vOD4lR0YJA3iWuDkMuBQKF5","preKeyId":4048723}},"BZbZbMVJDnRQna3E++hjAZVAwy1E2T08LCjNa/8oFvw5":{"registrationId":464406676,"currentRatchet":{"ephemeralKeyPair":{"pubKey":"BUfzp4/2tjvIYYYei/EnGYxPDy2a/xfzbnluxzC7QRNu","privKey":"IFmLSm0i9JSLpdK7IQ3FOg7HnJy71EPMyqo5BsB+9l8="},"lastRemoteEphemeralKey":"BQV+kF3cpmeFbX12aMfhKproJ8tHpKUdtnU13rxXHMRM","previousCounter":0,"rootKey":"8osC/yAu3BGumVOPPPb87fIEVbaUlkKn53ACP2Gky6A="},"indexInfo":{"baseKey":"BZbZbMVJDnRQna3E++hjAZVAwy1E2T08LCjNa/8oFvw5","baseKeyType":1,"closed":1747610237985,"used":1747609727225,"created":1747609727225,"remoteIdentityKey":"BVUT7GrXqCWQ+U9aQ1ePkYzz0xuHlO0qyg6Ypzegfsw5"},"_chains":{"BUfzp4/2tjvIYYYei/EnGYxPDy2a/xfzbnluxzC7QRNu":{"chainKey":{"counter":0,"key":"uaXQJ3Sm7V231+ACAUkt1rC+N/9ic5ArlWaBnMmGxUc="},"chainType":1,"messageKeys":{}}},"pendingPreKey":{"signedKeyId":0,"baseKey":"BZbZbMVJDnRQna3E++hjAZVAwy1E2T08LCjNa/8oFvw5","preKeyId":4048686}},"BXAq0foq3rceA0pva+9OGfFs6mnlWJ2gQCJpJ41ykeh+":{"registrationId":464406676,"currentRatchet":{"ephemeralKeyPair":{"pubKey":"BfzRZXv/yQ+tPBmTZUPUXk5EJJLv/7MBUPIhXRAMfLVO","privKey":"SBuG4jdX1CQzSJ1QJrRkLMAi8XBzE94q9hCovrPFwm0="},"lastRemoteEphemeralKey":"BQV+kF3cpmeFbX12aMfhKproJ8tHpKUdtnU13rxXHMRM","previousCounter":0,"rootKey":"IdvxFFiIav0n03Y6fQ5UEHciN76m28TMiDC5rMKav+Q="},"indexInfo":{"baseKey":"BXAq0foq3rceA0pva+9OGfFs6mnlWJ2gQCJpJ41ykeh+","baseKeyType":1,"closed":1747610238488,"used":1747610237981,"created":1747610237981,"remoteIdentityKey":"BVUT7GrXqCWQ+U9aQ1ePkYzz0xuHlO0qyg6Ypzegfsw5"},"_chains":{"BfzRZXv/yQ+tPBmTZUPUXk5EJJLv/7MBUPIhXRAMfLVO":{"chainKey":{"counter":0,"key":"i+6nAkHRO0YgLcFMeMDOm/MPkxMQqLPzugP79cPmRB0="},"chainType":1,"messageKeys":{}}},"pendingPreKey":{"signedKeyId":0,"baseKey":"BXAq0foq3rceA0pva+9OGfFs6mnlWJ2gQCJpJ41ykeh+","preKeyId":4048755}},"BTvEpO4nKNL/NEJK1KCPr2Tb8S8PtasUWtsf4k2Dx2Ue":{"registrationId":464406676,"currentRatchet":{"ephemeralKeyPair":{"pubKey":"BU2Mr/3LvSPxWYhLKM2S7j6RdVv0B692JDP3sN1ohC8V","privKey":"WA8sctE4lbuMjjBA6FkZUvl+Si1e3ecn5kwhXMuPUk8="},"lastRemoteEphemeralKey":"BQV+kF3cpmeFbX12aMfhKproJ8tHpKUdtnU13rxXHMRM","previousCounter":0,"rootKey":"KHLHFEx8YQj04ZzREtrvMFCMqLoqCpgmAN5JIQH092s="},"indexInfo":{"baseKey":"BTvEpO4nKNL/NEJK1KCPr2Tb8S8PtasUWtsf4k2Dx2Ue","baseKeyType":1,"closed":1747610238886,"used":1747610238486,"created":1747610238486,"remoteIdentityKey":"BVUT7GrXqCWQ+U9aQ1ePkYzz0xuHlO0qyg6Ypzegfsw5"},"_chains":{"BU2Mr/3LvSPxWYhLKM2S7j6RdVv0B692JDP3sN1ohC8V":{"chainKey":{"counter":0,"key":"DizQJwOSONtB6tRNGXOsQglTBeVbIMot4DQXW03wmWw="},"chainType":1,"messageKeys":{}}},"pendingPreKey":{"signedKeyId":0,"baseKey":"BTvEpO4nKNL/NEJK1KCPr2Tb8S8PtasUWtsf4k2Dx2Ue","preKeyId":4048789}},"BaT49CHkHH3zqXDdn083MvHCpXi+5C+CjAwTsG29T9wR":{"registrationId":464406676,"currentRatchet":{"ephemeralKeyPair":{"pubKey":"BRSoFUvQGii7kqJAuwQVlGoyv80EqMqbqDYjmyMF7L95","privKey":"EJoQenU1Te0W7wZkGituWTz27EzPwvB/zQDZ6s07B18="},"lastRemoteEphemeralKey":"BQV+kF3cpmeFbX12aMfhKproJ8tHpKUdtnU13rxXHMRM","previousCounter":0,"rootKey":"EeLK+osihxGtGpWZFH0R4Q82A3XLxq1whMPIMmIxJ+Q="},"indexInfo":{"baseKey":"BaT49CHkHH3zqXDdn083MvHCpXi+5C+CjAwTsG29T9wR","baseKeyType":1,"closed":1747610239259,"used":1747610238884,"created":1747610238884,"remoteIdentityKey":"BVUT7GrXqCWQ+U9aQ1ePkYzz0xuHlO0qyg6Ypzegfsw5"},"_chains":{"BRSoFUvQGii7kqJAuwQVlGoyv80EqMqbqDYjmyMF7L95":{"chainKey":{"counter":0,"key":"KjOC+kzaM6UaPG5qICJgAxGuejEZKiyR49r6nKNMExY="},"chainType":1,"messageKeys":{}}},"pendingPreKey":{"signedKeyId":0,"baseKey":"BaT49CHkHH3zqXDdn083MvHCpXi+5C+CjAwTsG29T9wR","preKeyId":4048490}},"BTcslARGndgQu0pRtrAtP0ojJUMjzy/jBt6FB0MnDxAO":{"registrationId":464406676,"currentRatchet":{"ephemeralKeyPair":{"pubKey":"BTQ+yqqYY4WdgwHEQoHZTDEAgtrsKMXGniyjarVgNNg4","privKey":"2LIk8UyAcYZr+By1+lweay5mEYQrCoKaICOIg4/Gokk="},"lastRemoteEphemeralKey":"BQV+kF3cpmeFbX12aMfhKproJ8tHpKUdtnU13rxXHMRM","previousCounter":0,"rootKey":"Pb9Lp9aU15Rda6EbMVYBEJtOyEnM2Ul0MRMWIeFjkAg="},"indexInfo":{"baseKey":"BTcslARGndgQu0pRtrAtP0ojJUMjzy/jBt6FB0MnDxAO","baseKeyType":1,"closed":1747610239625,"used":1747610239258,"created":1747610239258,"remoteIdentityKey":"BVUT7GrXqCWQ+U9aQ1ePkYzz0xuHlO0qyg6Ypzegfsw5"},"_chains":{"BTQ+yqqYY4WdgwHEQoHZTDEAgtrsKMXGniyjarVgNNg4":{"chainKey":{"counter":0,"key":"vCTBQteDUm/2B3uqIDIOR8S4p0wqGcD0UrPU8QQKeD4="},"chainType":1,"messageKeys":{}}},"pendingPreKey":{"signedKeyId":0,"baseKey":"BTcslARGndgQu0pRtrAtP0ojJUMjzy/jBt6FB0MnDxAO","preKeyId":4048906}},"BXn4w/m6l/QEXX6QbBcXZeGriRsHBXcNoeDWXdJEx0w2":{"registrationId":464406676,"currentRatchet":{"ephemeralKeyPair":{"pubKey":"BXgTBMYy2ZJU93yjXoK7JX3nkRr6zfALk4XasM8FrPhF","privKey":"wAMC93CO6ySs8+1g1zqaDZyUQotxxM5wf2YS4jeZ5Xs="},"lastRemoteEphemeralKey":"BQV+kF3cpmeFbX12aMfhKproJ8tHpKUdtnU13rxXHMRM","previousCounter":0,"rootKey":"3QEpjxqZHM8wD6EI/PuwfLbzjc8l0DbC3H1cFSlDok0="},"indexInfo":{"baseKey":"BXn4w/m6l/QEXX6QbBcXZeGriRsHBXcNoeDWXdJEx0w2","baseKeyType":1,"closed":1747610239993,"used":1747610239623,"created":1747610239623,"remoteIdentityKey":"BVUT7GrXqCWQ+U9aQ1ePkYzz0xuHlO0qyg6Ypzegfsw5"},"_chains":{"BXgTBMYy2ZJU93yjXoK7JX3nkRr6zfALk4XasM8FrPhF":{"chainKey":{"counter":0,"key":"85khuKxuhU+PRUVO3U7UFqKxLi6G7Vd1y+g6Ws5YnyM="},"chainType":1,"messageKeys":{}}},"pendingPreKey":{"signedKeyId":0,"baseKey":"BXn4w/m6l/QEXX6QbBcXZeGriRsHBXcNoeDWXdJEx0w2","preKeyId":4048953}},"BeX/mHORKcupNqQ0PEimzDcbB3+UGIjgoF8FD1EiNWJg":{"registrationId":464406676,"currentRatchet":{"ephemeralKeyPair":{"pubKey":"BQpyaPE/FBGfXh101Wu3szfw4Wb3JiFsDo8+Emooa3dm","privKey":"mOtxVXJNS1XWhz5gqA4hmhY1w7/O/na8tnu8d6bw6Ho="},"lastRemoteEphemeralKey":"BQV+kF3cpmeFbX12aMfhKproJ8tHpKUdtnU13rxXHMRM","previousCounter":0,"rootKey":"0P1ny9CEz2UBD5NRpnk4bMcZ2i3bVZIj5eFA9YXWt2M="},"indexInfo":{"baseKey":"BeX/mHORKcupNqQ0PEimzDcbB3+UGIjgoF8FD1EiNWJg","baseKeyType":1,"closed":1747610240339,"used":1747610239991,"created":1747610239991,"remoteIdentityKey":"BVUT7GrXqCWQ+U9aQ1ePkYzz0xuHlO0qyg6Ypzegfsw5"},"_chains":{"BQpyaPE/FBGfXh101Wu3szfw4Wb3JiFsDo8+Emooa3dm":{"chainKey":{"counter":0,"key":"PeLt3ShHathSyXT5sxeMIYwSv4Bh4Q37/0VPcjevkPY="},"chainType":1,"messageKeys":{}}},"pendingPreKey":{"signedKeyId":0,"baseKey":"BeX/mHORKcupNqQ0PEimzDcbB3+UGIjgoF8FD1EiNWJg","preKeyId":4049067}},"BafgvatPzwVy2cnPRjuxWGgO/u8izNK5FE7ySmyqSBQg":{"registrationId":464406676,"currentRatchet":{"ephemeralKeyPair":{"pubKey":"BeXIFPWaXBeH5+2QREG1mYHHZNvJlZgbt1P+/WDjASRF","privKey":"+J77MARjqQZ3aOvLzE744Wkgh0Cr78XhKeieRlMzZ0c="},"lastRemoteEphemeralKey":"BQV+kF3cpmeFbX12aMfhKproJ8tHpKUdtnU13rxXHMRM","previousCounter":0,"rootKey":"eNWtDPj7tsowRbXkTPH0fZND2xYNekofple5z5/ziRg="},"indexInfo":{"baseKey":"BafgvatPzwVy2cnPRjuxWGgO/u8izNK5FE7ySmyqSBQg","baseKeyType":1,"closed":-1,"used":1747610240338,"created":1747610240338,"remoteIdentityKey":"BVUT7GrXqCWQ+U9aQ1ePkYzz0xuHlO0qyg6Ypzegfsw5"},"_chains":{"BeXIFPWaXBeH5+2QREG1mYHHZNvJlZgbt1P+/WDjASRF":{"chainKey":{"counter":20,"key":"0sPDxGk4Ztkq6EjjaRyGn301h4mUOYYjwUtEj0+BoJM="},"chainType":1,"messageKeys":{}}},"pendingPreKey":{"signedKeyId":0,"baseKey":"BafgvatPzwVy2cnPRjuxWGgO/u8izNK5FE7ySmyqSBQg","preKeyId":4048693}}},"version":"v1"}