{"_sessions":{"BSmVQrE0nhrO6kvVLeKXKhzj7XQR5xyXPzYJg461Y8wI":{"registrationId":109041009,"currentRatchet":{"ephemeralKeyPair":{"pubKey":"BektaQq2s91CO3iUSAbtbM/0+9myslsTANv4/rJOU8p+","privKey":"+Bbyh+/tzZhJjy/BvJ6SMMrgDVseZUqRqTvN1b07nHw="},"lastRemoteEphemeralKey":"BXUVSfD/sWOfmuvSX347c+29iQ0fEIEqX4zZG+OqUGFp","previousCounter":0,"rootKey":"NUw8HIgTgu8/y5bGbEvR8QPHHtLLCshRhWSt3JTZEg8="},"indexInfo":{"baseKey":"BSmVQrE0nhrO6kvVLeKXKhzj7XQR5xyXPzYJg461Y8wI","baseKeyType":1,"closed":-1,"used":1747661227439,"created":1747661227439,"remoteIdentityKey":"Bbyv8qUnzcmzs+TF3CnxZ+8a3H/oavOeh6/7EDbDFc5w"},"_chains":{"BektaQq2s91CO3iUSAbtbM/0+9myslsTANv4/rJOU8p+":{"chainKey":{"counter":2,"key":"2XJlBtN/KQpAinRShz+2RBWgtrQfQRmPdr156hjq0+c="},"chainType":1,"messageKeys":{}}},"pendingPreKey":{"signedKeyId":6,"baseKey":"BSmVQrE0nhrO6kvVLeKXKhzj7XQR5xyXPzYJg461Y8wI","preKeyId":559717}}},"version":"v1"}