{"_sessions":{"BWxAiEAri/OqgPMaHgAtUBcce8iZO7bWCwnJOpGyUct+":{"registrationId":1920722874,"currentRatchet":{"ephemeralKeyPair":{"pubKey":"BVZysEqVhk7n8Kxc5jjCjQzUoImZz7+VWPLOvyJuMds5","privKey":"QPyEfNekrTC4uhlVlxpab3nxlIwlJUTl214qDNIUtmk="},"lastRemoteEphemeralKey":"BQOOBTPqN73Q7/hnLHrN+31rbA8u6wClWXauvp3iwEBr","previousCounter":0,"rootKey":"u47K+adqV/X0g0PbxYYfwPRoCK2tcFbNzZLkKr8itdM="},"indexInfo":{"baseKey":"BWxAiEAri/OqgPMaHgAtUBcce8iZO7bWCwnJOpGyUct+","baseKeyType":1,"closed":-1,"used":1747283734911,"created":1747283734911,"remoteIdentityKey":"BYk06xSXtV8Vx9YXL/MwWF/LAr3XGj8JKVqn6VoXxx0v"},"_chains":{"BVZysEqVhk7n8Kxc5jjCjQzUoImZz7+VWPLOvyJuMds5":{"chainKey":{"counter":81,"key":"QOuaVn0lEYT6bsaiMKYiMkQQM+YyCfemaKOZ4hMEeS4="},"chainType":1,"messageKeys":{}}},"pendingPreKey":{"signedKeyId":1,"baseKey":"BWxAiEAri/OqgPMaHgAtUBcce8iZO7bWCwnJOpGyUct+","preKeyId":6964101}}},"version":"v1"}