{"_sessions":{"BRwEs+gd6apdAxZ05ir8FyXnpy2QUOjCbE3M1WxRNWdT":{"registrationId":1156861948,"currentRatchet":{"ephemeralKeyPair":{"pubKey":"BeUC4YtPKpbOfNAMnV+/6EKJO0eX87ARnq1/1zJOz71i","privKey":"0LJjQ68r+/fGHiRRbV4As6fbZOioROZt19HZUqElhFg="},"lastRemoteEphemeralKey":"BZas/EPm+gTo46kd/2MyGT8uxfPuPH4hQB8hw87xRlZz","previousCounter":0,"rootKey":"Rt6B3YKg9lb8lcC4zyPM/NxxkilXvxaGCF8aYzdqmhM="},"indexInfo":{"baseKey":"BRwEs+gd6apdAxZ05ir8FyXnpy2QUOjCbE3M1WxRNWdT","baseKeyType":1,"closed":-1,"used":1747269907575,"created":1747269907575,"remoteIdentityKey":"BZ3iIi8Ef+mO2ondkyd9Tv+qm7n9oLpbfaXI77LwmX03"},"_chains":{"BeUC4YtPKpbOfNAMnV+/6EKJO0eX87ARnq1/1zJOz71i":{"chainKey":{"counter":0,"key":"lNHaDbgxMcSLZCCRR8FugTjV4veeTT9EGQ7pspZotXo="},"chainType":1,"messageKeys":{}}},"pendingPreKey":{"signedKeyId":14,"baseKey":"BRwEs+gd6apdAxZ05ir8FyXnpy2QUOjCbE3M1WxRNWdT","preKeyId":16041827}}},"version":"v1"}