{"_sessions":{"BTrwUBdwJi3i3gM/4Ewcc30qVYz0zXu53m5Q/hzBZ6gO":{"registrationId":5589,"currentRatchet":{"ephemeralKeyPair":{"pubKey":"BXe1X4QcUp0BjZiJDmL9cVMnUXWfTtTyznUa/53ZIUAI","privKey":"KBIOFvMKS+P5dVon4Ktufw/tLWf7BAqWYzH/YkGnSmQ="},"lastRemoteEphemeralKey":"BUSYBDpuhF532sA6JeTrxurT61EOyXXN1wnFrrc+cTYZ","previousCounter":0,"rootKey":"+h1NzsZdiE59hOrcOfbUvE7cs3wXJWNR3pjBGxe08xU="},"indexInfo":{"baseKey":"BTrwUBdwJi3i3gM/4Ewcc30qVYz0zXu53m5Q/hzBZ6gO","baseKeyType":1,"closed":-1,"used":1747312052361,"created":1747312052361,"remoteIdentityKey":"Baan/xOykQ+/bwaLEEcJCHd72Cj7xuPhYZGOXKOACPsW"},"_chains":{"BXe1X4QcUp0BjZiJDmL9cVMnUXWfTtTyznUa/53ZIUAI":{"chainKey":{"counter":0,"key":"gbyxsbNNoadA3YudkY+IkjpXWh/2iMlC2DNm5foZLMs="},"chainType":1,"messageKeys":{}}},"pendingPreKey":{"signedKeyId":1,"baseKey":"BTrwUBdwJi3i3gM/4Ewcc30qVYz0zXu53m5Q/hzBZ6gO","preKeyId":742}}},"version":"v1"}