{"_sessions":{"BeKYybjWT7jVVqX78OutgRyZVnEkFEs3Eupk4Qh8v8Mn":{"registrationId":6074,"currentRatchet":{"ephemeralKeyPair":{"pubKey":"BeHBCiAl18/RJkCulZXq4mMD7lTBieaKAXwTBIBpcbc9","privKey":"WHkajZ1s/IKu3HJ3h+AcNBzY5EUOv2G3xVWOaT4U0kg="},"lastRemoteEphemeralKey":"BYAw4B6/WNQNWgdRMd6RTKWn2URkLt9ECOclDYviuk9X","previousCounter":0,"rootKey":"P3F+M+9L7kOSHQdm8U9IAFxK2Bx8EB84Gb7J8/K3KRc="},"indexInfo":{"baseKey":"BeKYybjWT7jVVqX78OutgRyZVnEkFEs3Eupk4Qh8v8Mn","baseKeyType":1,"closed":-1,"used":1747269903205,"created":1747269903205,"remoteIdentityKey":"BTzsAMwdXeaGbESt06KM/VT2d3nup5aEePRgwM/8loQ/"},"_chains":{"BeHBCiAl18/RJkCulZXq4mMD7lTBieaKAXwTBIBpcbc9":{"chainKey":{"counter":0,"key":"RhrCoGeysJz3eE53T+PohjnekEiMgaOSoNoYXuJpJNk="},"chainType":1,"messageKeys":{}}},"pendingPreKey":{"signedKeyId":1,"baseKey":"BeKYybjWT7jVVqX78OutgRyZVnEkFEs3Eupk4Qh8v8Mn"}}},"version":"v1"}