{"_sessions":{"BSqrAOB0tLZvOVphPLMZ5bKP6KY2mmh6gj5JLoIUY7IM":{"registrationId":1473767315,"currentRatchet":{"ephemeralKeyPair":{"pubKey":"BaYkPG6R0YCMtIp7dEiFMHDVd7zfk+C3r50vXBjBMUIT","privKey":"oEJUAuMLONZ3s0Tblz1a75URmrZfCee68swPFJh+13s="},"lastRemoteEphemeralKey":"BTExB7Nbz6VppkfgyBMjtl1LfpT+Nh2VTeEUbi7utFF1","previousCounter":0,"rootKey":"/dq82xmxckXj7bX041kxpaGrbZ/kt1+9AnCgLxglV+o="},"indexInfo":{"baseKey":"BSqrAOB0tLZvOVphPLMZ5bKP6KY2mmh6gj5JLoIUY7IM","baseKeyType":1,"closed":-1,"used":1747231422537,"created":1747231422537,"remoteIdentityKey":"BYZ6tw9Qf1GxUXXbSSMbjAJ7djVZur09k5TT35rg5g0W"},"_chains":{"BaYkPG6R0YCMtIp7dEiFMHDVd7zfk+C3r50vXBjBMUIT":{"chainKey":{"counter":89,"key":"HlsPfYIsjRNOKcU/mdoKSz9Mn+SlXHDEyCuUD9W31nU="},"chainType":1,"messageKeys":{}}},"pendingPreKey":{"signedKeyId":0,"baseKey":"BSqrAOB0tLZvOVphPLMZ5bKP6KY2mmh6gj5JLoIUY7IM"}}},"version":"v1"}