{"_sessions":{"BS1gsJ23C+LgVYNjy88kAN5uPWHHvyNXodKcR+scN9MI":{"registrationId":2688471114,"currentRatchet":{"ephemeralKeyPair":{"pubKey":"BZKRb2XbUSCvE/1irx+3+Ln77lB0TpuLm2bs8xMJq2sl","privKey":"cCn/eZO+gTEF9wQq7+OcJ3d568NQ2G3jgQyhN0jtLHQ="},"lastRemoteEphemeralKey":"Bd/GdYV0ebtYdHWW9f0LmeKPieSsttQGz+L269LpqvQe","previousCounter":0,"rootKey":"pFwwuFnWXILrb1WWu8qYi1Rs8/u+LXHOL3yRyPgX2Fc="},"indexInfo":{"baseKey":"BS1gsJ23C+LgVYNjy88kAN5uPWHHvyNXodKcR+scN9MI","baseKeyType":1,"closed":-1,"used":1747269903172,"created":1747269903172,"remoteIdentityKey":"Ba/jaoCaIfmQBF1ubrPNUXwBGeD/yR7orG4mb1dsuqJV"},"_chains":{"BZKRb2XbUSCvE/1irx+3+Ln77lB0TpuLm2bs8xMJq2sl":{"chainKey":{"counter":0,"key":"5uOerj4lauTYBupWKRbcR2Qg0szr5Y4DBKl5RmBUoBA="},"chainType":1,"messageKeys":{}}},"pendingPreKey":{"signedKeyId":1,"baseKey":"BS1gsJ23C+LgVYNjy88kAN5uPWHHvyNXodKcR+scN9MI","preKeyId":1424}}},"version":"v1"}