{"_sessions":{"Bcq8GSm5+Ana3yHgcWHPwWNW0s/h+SNadrxpYEA28eoU":{"registrationId":1119083584,"currentRatchet":{"ephemeralKeyPair":{"pubKey":"Bbq8mDteoeS7lVl/Oa8KT/sKFjmzuGhya0Mdydxpo21Z","privKey":"6JlKVsmkeogRNriYVZxla9CMywg2M4E+KkIvb3CCyEM="},"lastRemoteEphemeralKey":"BWgEbVinIOs7P5XRvnT4y9vg/edPXVcS4XelmakU4F8e","previousCounter":0,"rootKey":"buewxq/BJzyPwZfdkbLI1F/bDQO46+5LdtkPZ/6pS/E="},"indexInfo":{"baseKey":"Bcq8GSm5+Ana3yHgcWHPwWNW0s/h+SNadrxpYEA28eoU","baseKeyType":1,"closed":-1,"used":1747231422006,"created":1747231422006,"remoteIdentityKey":"BR+wHzmqum+K8bIEcFqD6PsagHMStJxpdAPIAO9Sd+0L"},"_chains":{"Bbq8mDteoeS7lVl/Oa8KT/sKFjmzuGhya0Mdydxpo21Z":{"chainKey":{"counter":89,"key":"Rsw6BSp4kEzSXP2egHU/O4F9VdbFwwsi3ZgWVSMOm58="},"chainType":1,"messageKeys":{}}},"pendingPreKey":{"signedKeyId":8,"baseKey":"Bcq8GSm5+Ana3yHgcWHPwWNW0s/h+SNadrxpYEA28eoU","preKeyId":2205946}}},"version":"v1"}