{"_sessions":{"BU4Ih/lbs5LCsKTFnia3jd04WjnZ2Cldp6ipOHjkCPtM":{"registrationId":2095916131,"currentRatchet":{"ephemeralKeyPair":{"pubKey":"BdeW9QtVkJAF7GrXVx+Sx7KgUvQnUwzjsjr30bIa8oxJ","privKey":"mPz0F8c8fw8pt4aoZDlz47OAZfnriCOu6XNtsGYWdXw="},"lastRemoteEphemeralKey":"BWmaWGRIjn2ZzxTSk2KbiZ0qsFm3GDJk/YNyFk3JkBMR","previousCounter":16,"rootKey":"yis1Lxx04eZ3A4+VX6hOrxDbMy5wCmtLxiqmSujFk7M="},"indexInfo":{"baseKey":"BU4Ih/lbs5LCsKTFnia3jd04WjnZ2Cldp6ipOHjkCPtM","baseKeyType":1,"closed":-1,"used":1747537715504,"created":1747231422039,"remoteIdentityKey":"BYoLkv7RwLgQIigDHet38QoXig4XS++CNlRwPYDdB8VP"},"_chains":{"BWmaWGRIjn2ZzxTSk2KbiZ0qsFm3GDJk/YNyFk3JkBMR":{"chainKey":{"counter":0,"key":"52LhqWluyU8ZmZpv3qCUZDT+vYUapN5IAxY4AN5b1/Y="},"chainType":2,"messageKeys":{}},"BdeW9QtVkJAF7GrXVx+Sx7KgUvQnUwzjsjr30bIa8oxJ":{"chainKey":{"counter":72,"key":"21k+Fx51lceWPqBpBkfkqKa2qg1HmmvPjnNkMbDuB20="},"chainType":1,"messageKeys":{}}}}},"version":"v1"}