{"_sessions":{"BYQuGDp7gSGoaBZZYn9nXNP54VzfEYGq+Cbo8nR4vvhO":{"registrationId":135994334,"currentRatchet":{"ephemeralKeyPair":{"pubKey":"BdLtqMUuGaPQdsB/MPSBZeZQFmPuL3FxQC/Hw2BNAH4v","privKey":"6KG2EBqJyuh0BOlnSFNKlBvVHKZYZvxVPLU9qPHOpEE="},"lastRemoteEphemeralKey":"Bedv2cFAioY2sAccXlVdrq5lpIpWgKRR0Sn1xC2/NTZD","previousCounter":1,"rootKey":"wj77L1JiLyl4CaQhHsBZYsa+nHpbkgl9xM7ELhUy4Gw="},"indexInfo":{"baseKey":"BYQuGDp7gSGoaBZZYn9nXNP54VzfEYGq+Cbo8nR4vvhO","baseKeyType":1,"closed":-1,"used":1747474479633,"created":1747231422312,"remoteIdentityKey":"Bcqs2zPBxGaoZXGUz3QB7K3Uf09jDSPvilUCvm5CciFA"},"_chains":{"BQiw9bWItoJZoMig8bEa2qF75YNdk4fbAi06KI2+Qaxt":{"chainKey":{"counter":2},"chainType":2,"messageKeys":{}},"BQrZYDhRMYy6tEAlhlWbdOM8h5g8iztRWX3IoKCGzcBL":{"chainKey":{"counter":0},"chainType":2,"messageKeys":{}},"BYGoswieEnQZQF+NnhjLtIHcbJVAZ0Bw401iWC009kpo":{"chainKey":{"counter":0},"chainType":2,"messageKeys":{}},"Bedv2cFAioY2sAccXlVdrq5lpIpWgKRR0Sn1xC2/NTZD":{"chainKey":{"counter":0,"key":"Z5gU3J/79nY1G23Ueb6r+1AQ+wJnyvpiVL8blzW8xuU="},"chainType":2,"messageKeys":{}},"BdLtqMUuGaPQdsB/MPSBZeZQFmPuL3FxQC/Hw2BNAH4v":{"chainKey":{"counter":72,"key":"SedtuOeah9RhsafURd7VzjzVWrVUtXoOe5KNfRIENN8="},"chainType":1,"messageKeys":{}}}}},"version":"v1"}