{"_sessions":{"BceqX3Zh5rVcTRemWZtQeMU43wAvkS2QDW+SOJ4s3AxG":{"registrationId":1159738336,"currentRatchet":{"ephemeralKeyPair":{"pubKey":"BcWAZe4A+BpQEET4Pg6Mdm6GsypHq1VgLuIly2naBzRl","privKey":"QKAE7YfTlw8z3LVCheZFhWDnYzn+r5sNwnyCcUeeJ28="},"lastRemoteEphemeralKey":"BVBxzlmtfCusPMBeiRiRqLJIO3/kCq712ybGt2fSvVt4","previousCounter":0,"rootKey":"77aNdW1hKg9s0Td4NT4+7lXsaJlZ4McxCM1gxkV0OZg="},"indexInfo":{"baseKey":"BceqX3Zh5rVcTRemWZtQeMU43wAvkS2QDW+SOJ4s3AxG","baseKeyType":1,"closed":-1,"used":1747231422233,"created":1747231422233,"remoteIdentityKey":"BT8tyPyS6qHXAqy7ZDfQ1zUXPNZHpkChCyxKfW4UPa0b"},"_chains":{"BcWAZe4A+BpQEET4Pg6Mdm6GsypHq1VgLuIly2naBzRl":{"chainKey":{"counter":89,"key":"PBqK44/Gebg0wEyRWQpEzjR8mXvjTdmiOrwoLInOzi8="},"chainType":1,"messageKeys":{}}},"pendingPreKey":{"signedKeyId":40,"baseKey":"BceqX3Zh5rVcTRemWZtQeMU43wAvkS2QDW+SOJ4s3AxG","preKeyId":5036251}}},"version":"v1"}