{"_sessions":{"BYeWc6mffsFHk5sY+KkfochoTMoXnI147M2FgD3+1/kT":{"registrationId":399350460,"currentRatchet":{"ephemeralKeyPair":{"pubKey":"BXdGv+a/GOZiySpWokLLk7QQnwvVbG9yr13Mqkz/hNRI","privKey":"AH5IEa7yX4Vs22fzfFkfUM9A4DJUQjp7w0cTVKCYcWA="},"lastRemoteEphemeralKey":"BbBNdaiNSSRHC6bfc7UqbsnjtLHLDSr2ciKtc/C2ULRR","previousCounter":1,"rootKey":"M+OtNAByXtc9np09RZQuJ0GonLlvEvUP1FyTlyHHco8="},"indexInfo":{"baseKey":"BYeWc6mffsFHk5sY+KkfochoTMoXnI147M2FgD3+1/kT","baseKeyType":2,"closed":1747238556775,"used":1747238485718,"created":1747231345507,"remoteIdentityKey":"BbfwGzhPLhhO+zmLJVTumhECENK8AbaaRLWMbigWqagp"},"_chains":{"Ba8ZpdmktjehpNViuSNlwRAkxOeosXb/iI8h88X6zIxY":{"chainKey":{"counter":5},"chainType":2,"messageKeys":{}},"BWim0WrDJYZBWEtx5lofCiOwlMkfNVcjSRk6qvqqnQtp":{"chainKey":{"counter":0},"chainType":2,"messageKeys":{}},"BbBNdaiNSSRHC6bfc7UqbsnjtLHLDSr2ciKtc/C2ULRR":{"chainKey":{"counter":0,"key":"Bc/VWEjIL7sWxJVFunfUikdFMaY0KzZN4C+ycefQRQo="},"chainType":2,"messageKeys":{}},"BXdGv+a/GOZiySpWokLLk7QQnwvVbG9yr13Mqkz/hNRI":{"chainKey":{"counter":1,"key":"eIvzY2jFcCvh5ej5HxOiPMFPJM3I6yGLgYrSsS+zSok="},"chainType":1,"messageKeys":{}}}},"BctHqAueFxQHS92wvL1JIIDnuzyUGzsH7hIcYgaXoYQv":{"registrationId":399350460,"currentRatchet":{"ephemeralKeyPair":{"pubKey":"BceChuTvuag5iOILDmUXcWZhj/4rm+BSwv9ZuLZagLkk","privKey":"UJloveCYR6+m8CAiSg5PRhqM8OXwLqijWP5cUA0jrXU="},"lastRemoteEphemeralKey":"BRLAKCqNccQCc/A7s762qBRPpadZdzG4UDK8axEJLgJz","previousCounter":2,"rootKey":"casu0S1yKXu8LZpMOaknIX+AI6TPRFkVwlhT2aV4yYo="},"indexInfo":{"baseKey":"BctHqAueFxQHS92wvL1JIIDnuzyUGzsH7hIcYgaXoYQv","baseKeyType":1,"closed":1747269947983,"used":1747269472330,"created":1747238556745,"remoteIdentityKey":"BbfwGzhPLhhO+zmLJVTumhECENK8AbaaRLWMbigWqagp"},"_chains":{"BVMF9mMCDldo3unoz3VoMCEj/SJF00D9kLrm0FvU6C4N":{"chainKey":{"counter":0},"chainType":2,"messageKeys":{}},"BbByh5yT7w0nCLqP5ogTYfkEB2PLA/y6f8If+3GLi1cT":{"chainKey":{"counter":0},"chainType":2,"messageKeys":{}},"BayFhblA3rQ6aHCxRf83WZ1hFW5H6U125YiNHV1BlYJ2":{"chainKey":{"counter":0},"chainType":2,"messageKeys":{}},"BRLAKCqNccQCc/A7s762qBRPpadZdzG4UDK8axEJLgJz":{"chainKey":{"counter":0,"key":"Thc/cSZE3MMEChruaAXFxCdKHmrjG6zbfeAPEQUwRF8="},"chainType":2,"messageKeys":{}},"BceChuTvuag5iOILDmUXcWZhj/4rm+BSwv9ZuLZagLkk":{"chainKey":{"counter":33,"key":"jfEQmCQDvMvWzD/YjpjMblFWAdpAIjEPgjKycLXgDEs="},"chainType":1,"messageKeys":{}}}},"BWRwwLdkD/zCjY4oej7Eapbj/UX9EaVQO7MP6Mfnt9sT":{"registrationId":399350460,"currentRatchet":{"ephemeralKeyPair":{"pubKey":"BX5zOxcGXseGrLsgRtzB+mT9vUVReiVFsjAQdSQUCs1T","privKey":"SO52xJW5/tTT7WT1Tkkt5kTxcu8FnCPLzfpjJREsV1M="},"lastRemoteEphemeralKey":"BYtHW4+e4/d0YN3XlG+G2fv+qvwDUyVXQyNzgvzUSud7","previousCounter":0,"rootKey":"e63GDi5cMtbgAzfphHRV7D/3sz/NTBxPlIKxDUnzvEg="},"indexInfo":{"baseKey":"BWRwwLdkD/zCjY4oej7Eapbj/UX9EaVQO7MP6Mfnt9sT","baseKeyType":1,"closed":1747269949406,"used":1747269947971,"created":1747269947971,"remoteIdentityKey":"BbfwGzhPLhhO+zmLJVTumhECENK8AbaaRLWMbigWqagp"},"_chains":{"BX5zOxcGXseGrLsgRtzB+mT9vUVReiVFsjAQdSQUCs1T":{"chainKey":{"counter":0,"key":"6WnRtoQSDJo07qaD/pFt9H6XuLY6efZHjaWl+3xpTTo="},"chainType":1,"messageKeys":{}}},"pendingPreKey":{"signedKeyId":2,"baseKey":"BWRwwLdkD/zCjY4oej7Eapbj/UX9EaVQO7MP6Mfnt9sT","preKeyId":15743630}},"BQ9DGnOOq25eBXmgXZko4xiTFAp4B7hnJHp0kw0XOQ0O":{"registrationId":399350460,"currentRatchet":{"ephemeralKeyPair":{"pubKey":"BfphWr36joqIwQf77B3ZhxEL/3GmzkI4lqP97AqoOSF5","privKey":"IODeWYOGtiji6IZtlhS8x77Zzi/Nca5pVV1kvMQj7lg="},"lastRemoteEphemeralKey":"BQbM1Cp+MtC49u75TGv513Bjdb2aMDcrsB9G36uTAVsi","previousCounter":200,"rootKey":"QG/SxGLdrp7H5/9zJtjtXtuFRVnRDkm0d6+uuDyIFDo="},"indexInfo":{"baseKey":"BQ9DGnOOq25eBXmgXZko4xiTFAp4B7hnJHp0kw0XOQ0O","baseKeyType":1,"closed":-1,"used":1747554912547,"created":1747269949402,"remoteIdentityKey":"BbfwGzhPLhhO+zmLJVTumhECENK8AbaaRLWMbigWqagp"},"_chains":{"BZbQKvKhyNbxHWu5TSZwQp0N799AAnDK1WPTZHwrFzNw":{"chainKey":{"counter":0},"chainType":2,"messageKeys":{}},"Bf507QVpST+i/d73T7mhZkS5UgEnIWKZzNpJHZvvsI16":{"chainKey":{"counter":0},"chainType":2,"messageKeys":{}},"BXf1cPCiXF9C7/bFu6Z+PKovuHMWqc+3hx1qZCRryc1W":{"chainKey":{"counter":0},"chainType":2,"messageKeys":{}},"BfRXyU7FLQ11eIqZE86L4aE6GD+776y4xWjoHc/gxTZ4":{"chainKey":{"counter":1},"chainType":2,"messageKeys":{}},"Bdyx3wcDWSdPsipd3dUD0GfWtLWMtsACWGKQLcrP0EcT":{"chainKey":{"counter":0},"chainType":2,"messageKeys":{}},"BSEQeful5pRAONSN3bkXmplnLA0X0ACWChjXl0xV121O":{"chainKey":{"counter":0},"chainType":2,"messageKeys":{}},"Be/5oh2+Bk6rrB7iR39cYvBTiAgOGHsoN5uqR1Bep9x6":{"chainKey":{"counter":0},"chainType":2,"messageKeys":{}},"BUeVaKJv4yLZb6amTVmcAMwgZzHB0qeCgEZ0SNqQjnhE":{"chainKey":{"counter":0},"chainType":2,"messageKeys":{}},"BZMS0JS27ZVn66vl8mOrl6M90oMCK2qNWJUZgQ9ig2xR":{"chainKey":{"counter":0},"chainType":2,"messageKeys":{}},"BTQRzrSBLP91s4EbWRaJ0hymvFHsBPtzh0I28Tj2T3wa":{"chainKey":{"counter":0},"chainType":2,"messageKeys":{}},"BQamqUa5bubt+Zgs0DBnHjZeAp5FluuXwdVcNYwdnHJj":{"chainKey":{"counter":0},"chainType":2,"messageKeys":{}},"BfZQ5BDiswSjNfqM1+jXbqEGeDRW9JWLSGNEOwB1nQ9X":{"chainKey":{"counter":0},"chainType":2,"messageKeys":{}},"BfL4v4TSJ3MJvnLljVBWfgKdoGxHpQBSi7yIg67iZ9g+":{"chainKey":{"counter":0},"chainType":2,"messageKeys":{}},"BRY0JZsS+oHhMP1rPAMrlZ6oxdVEd5Nu6uB4O/GQD0w/":{"chainKey":{"counter":0},"chainType":2,"messageKeys":{}},"BY7Xrxw1iMCDBf73EmfnTcQbQrfU9U/7jJEbB6asFEsQ":{"chainKey":{"counter":0},"chainType":2,"messageKeys":{}},"BbleyOCnNIEBJlBKpUnS30ebxKI1OLmaYANpSAqJ7BJK":{"chainKey":{"counter":0},"chainType":2,"messageKeys":{}},"Bf2uMDDJ9AJpxQEnGCRmipRi4W+7GuMtQUP1mr2/IoB/":{"chainKey":{"counter":0},"chainType":2,"messageKeys":{}},"BWNP+U7nBPsDZs7SGUT24Q+pfAGVUP5za38Kd2e2KwpO":{"chainKey":{"counter":0},"chainType":2,"messageKeys":{}},"BQbM1Cp+MtC49u75TGv513Bjdb2aMDcrsB9G36uTAVsi":{"chainKey":{"counter":0,"key":"7BglR9J7Yd4AdktJBOfPF8jHZOUT0r2B1zJud8FrJT8="},"chainType":2,"messageKeys":{}},"BfphWr36joqIwQf77B3ZhxEL/3GmzkI4lqP97AqoOSF5":{"chainKey":{"counter":174,"key":"C8A7pH66nyJKkIqjeTgkmAtLD6b8qqMNTR8WH2lCTl0="},"chainType":1,"messageKeys":{}}}}},"version":"v1"}