{"_sessions":{"BVFqf95jdTX7GihwzbNi/ePxDnaAKXtnqArvsulcho59":{"registrationId":392196684,"currentRatchet":{"ephemeralKeyPair":{"pubKey":"BSpDEfho50phhVD5AbU66DrWi/oLkweyvDpmgn2GGdNk","privKey":"2HeUe2CxgKfEFfp36KFVYW8Qg2KJfT9xnHh7RkEAcno="},"lastRemoteEphemeralKey":"BZ4OV+l7kdXfyz30S/1aDIhhV7v4MWmzP76G8WAFibZ5","previousCounter":0,"rootKey":"llmZRQisXkdW4TJbq9g17kSmH2wJImsp7eL6FDHcKKc="},"indexInfo":{"baseKey":"BVFqf95jdTX7GihwzbNi/ePxDnaAKXtnqArvsulcho59","baseKeyType":1,"closed":-1,"used":1747231422330,"created":1747231422330,"remoteIdentityKey":"BSTY6JF9S/tQhiGaUOTr4ZqqNLsQf06Qjn2l8VEj0Aw5"},"_chains":{"BSpDEfho50phhVD5AbU66DrWi/oLkweyvDpmgn2GGdNk":{"chainKey":{"counter":89,"key":"qL7bQeIx+0IEa6TDNkQwD9JKeUZDj/z2ni/+K0CB5Zc="},"chainType":1,"messageKeys":{}}},"pendingPreKey":{"signedKeyId":1,"baseKey":"BVFqf95jdTX7GihwzbNi/ePxDnaAKXtnqArvsulcho59","preKeyId":4918121}}},"version":"v1"}