{"_sessions":{"BewqaxdFd0bA499bQCXT6jF1nbhlamwSjTIRF4jj4gJV":{"registrationId":9274,"currentRatchet":{"ephemeralKeyPair":{"pubKey":"BY10jbEpX8/l/9qeGu/BwvgN1KPT8o/YAw7GYqIiNQcx","privKey":"EIzxUvh3eb1p5TKmPM09DGpKMTnzupctHYSCOvSbUVY="},"lastRemoteEphemeralKey":"BZP3KYQ60iltAJbDF79UTwPv6B+tFgB3Twm3nnyRxwp4","previousCounter":0,"rootKey":"tOy6XqgcqlMo1qZF66L/+e0NbXYSk3+9kY/HavF0HrU="},"indexInfo":{"baseKey":"BewqaxdFd0bA499bQCXT6jF1nbhlamwSjTIRF4jj4gJV","baseKeyType":1,"closed":-1,"used":1747637667749,"created":1747637667749,"remoteIdentityKey":"BYXdTIUoce2XIBK/yHD50QS8JNU1RrHjFbcbEYcbWZcN"},"_chains":{"BY10jbEpX8/l/9qeGu/BwvgN1KPT8o/YAw7GYqIiNQcx":{"chainKey":{"counter":18,"key":"UBRQUTjHFShWcuyNp0yxL1SXdqa+8BAPX64fWBofELk="},"chainType":1,"messageKeys":{}}},"pendingPreKey":{"signedKeyId":1,"baseKey":"BewqaxdFd0bA499bQCXT6jF1nbhlamwSjTIRF4jj4gJV","preKeyId":93}}},"version":"v1"}