{"_sessions":{"BT8uJYe4UEK7IyTnsBEaZJT5bdfBrdiAVcp8Ygc54+Is":{"registrationId":222995761,"currentRatchet":{"ephemeralKeyPair":{"pubKey":"Be9rP2qr8oz0lHZ3uQCXiIihQVj3McMLiXpAGpG/eE4w","privKey":"UHaUxb4Pqa9AEV5w71r6LBzAFJn7mpSkJl78WlP4PUk="},"lastRemoteEphemeralKey":"BdANKdw9y8h3UI5eEDjj0uds7DDov8Ojj1N4+SFl7YMt","previousCounter":0,"rootKey":"2zMxZMOO1LpAHDsz547j53Yhwr5ap+xeVw8+nW/WGAk="},"indexInfo":{"baseKey":"BT8uJYe4UEK7IyTnsBEaZJT5bdfBrdiAVcp8Ygc54+Is","baseKeyType":1,"closed":-1,"used":1747231422681,"created":1747231422681,"remoteIdentityKey":"BVrwdqL1adVGz3siPlMoOQ8KJyT1Wea27wp37i8OYxp4"},"_chains":{"Be9rP2qr8oz0lHZ3uQCXiIihQVj3McMLiXpAGpG/eE4w":{"chainKey":{"counter":89,"key":"qJEcHOIhuw7xcyyWf8XAYabO2XtRS7vLQXW/SDk0Db8="},"chainType":1,"messageKeys":{}}},"pendingPreKey":{"signedKeyId":0,"baseKey":"BT8uJYe4UEK7IyTnsBEaZJT5bdfBrdiAVcp8Ygc54+Is"}}},"version":"v1"}