{"_sessions":{"BfDUEXJpvgFJjIRT63KZZn+zbLzxb34kUy6V1DMvcAcn":{"registrationId":27,"currentRatchet":{"ephemeralKeyPair":{"pubKey":"Ba89qQVj0JkxWJePz64tqytWYiKZlmLI3fv8NXwHxDlN","privKey":"AJ6GuG2RNyBiwQNMQF85SCanuz0/0989RLTTga0q8XM="},"lastRemoteEphemeralKey":"BeK+16Zq2KzVZlW7jj3FtRkCkXFtzODU/Kkv4FuKllUz","previousCounter":0,"rootKey":"QrLFWXxhMFOYeWGWmtshsslxVPG7sFPHWWla/YMr30w="},"indexInfo":{"baseKey":"BfDUEXJpvgFJjIRT63KZZn+zbLzxb34kUy6V1DMvcAcn","baseKeyType":1,"closed":-1,"used":1747387789541,"created":1747387789541,"remoteIdentityKey":"BTa4JXZL8EDxGmKJALxpB5/hCilf2Kua73tbR2cSqEd2"},"_chains":{"Ba89qQVj0JkxWJePz64tqytWYiKZlmLI3fv8NXwHxDlN":{"chainKey":{"counter":15,"key":"63ux/W0fPK+YJWwwRorx01V0vIicIJpVK7Npn7ZX2gA="},"chainType":1,"messageKeys":{}}},"pendingPreKey":{"signedKeyId":1,"baseKey":"BfDUEXJpvgFJjIRT63KZZn+zbLzxb34kUy6V1DMvcAcn"}}},"version":"v1"}