{"_sessions":{"BWjH4muCvvRza4YRnx7QnqFpUcOCA3Oam0/nN13o6L5E":{"registrationId":8133,"currentRatchet":{"ephemeralKeyPair":{"pubKey":"BQcfAMvj4Xbr1aSMiZTZhYalLln2SmjLOhJBtpdTvlMS","privKey":"KC6DgNlCf6u+0FAhDxJDj3CgdGJgQQyS7Ui0HxPudGk="},"lastRemoteEphemeralKey":"BWkVaNdcGNI2XWZ8CtP2YT3CsXcZk2EIIAlDHoUPWO8r","previousCounter":0,"rootKey":"OaaBConzaU3xFpTm4p9zB8y000OFEsJuzEO74Z532ys="},"indexInfo":{"baseKey":"BWjH4muCvvRza4YRnx7QnqFpUcOCA3Oam0/nN13o6L5E","baseKeyType":1,"closed":-1,"used":1747231421750,"created":1747231421750,"remoteIdentityKey":"BYtSxEYWl2I7payszk8m/1arpH8Hhmp+EGj2qiLk8i0x"},"_chains":{"BQcfAMvj4Xbr1aSMiZTZhYalLln2SmjLOhJBtpdTvlMS":{"chainKey":{"counter":89,"key":"ok9qOC7vnaKOLrfU/Mml9BIysEozUmfDJjXQAGSehLE="},"chainType":1,"messageKeys":{}}},"pendingPreKey":{"signedKeyId":1,"baseKey":"BWjH4muCvvRza4YRnx7QnqFpUcOCA3Oam0/nN13o6L5E","preKeyId":1478}}},"version":"v1"}