{"_sessions":{"BWzBj/V/krsa7jhMA2/m/WCqqepOrqBhGkk1Mv/ZSsIj":{"registrationId":14879,"currentRatchet":{"ephemeralKeyPair":{"pubKey":"BVrRalvwVd9sJarfPmRFM9Jh0WOfech4AGWfdPHN7N09","privKey":"iGWQjckzw1MVnAThjtaz91fCEAGh5p1rOOYyGjmKSlM="},"lastRemoteEphemeralKey":"BaJSrWe96GN+5q0g0wnp8L2sc1C/yIfLYTeEzg4qwh1n","previousCounter":0,"rootKey":"aBKxrAypFSBZwovHRUATYfdFaAQFVP5wEMmuSaU6kSk="},"indexInfo":{"baseKey":"BWzBj/V/krsa7jhMA2/m/WCqqepOrqBhGkk1Mv/ZSsIj","baseKeyType":1,"closed":-1,"used":1747269903150,"created":1747269903150,"remoteIdentityKey":"BUmHJRPtVPddObzKeDKYQN3exXVVJfDwnwkXXq+GjEZa"},"_chains":{"BVrRalvwVd9sJarfPmRFM9Jh0WOfech4AGWfdPHN7N09":{"chainKey":{"counter":0,"key":"0OlL4uhIPv5EuwJfuNQ9qvtXq6eGyDBKt/qISW3wmps="},"chainType":1,"messageKeys":{}}},"pendingPreKey":{"signedKeyId":1,"baseKey":"BWzBj/V/krsa7jhMA2/m/WCqqepOrqBhGkk1Mv/ZSsIj"}}},"version":"v1"}