{"_sessions":{"BeJR6/5j/7lSe4Yi7uTaHB9oa4vWm7LYvoaiLIcA75AG":{"registrationId":228,"currentRatchet":{"ephemeralKeyPair":{"pubKey":"BaQga/FE1Z8JBIZE9VnLTm/DR9vdCXKtJ8Xd+2EhJxRO","privKey":"OE164/3HHb4b9f9OYnlvPxUjxf+pn9jkBZDG6mCgtnE="},"lastRemoteEphemeralKey":"BYQrqfOBbDBqBASI/ywK95KSrq9bUv3e8ybJXazkQIR+","previousCounter":0,"rootKey":"69pE1/Aj2BX3sErMY3ihN6d04f12FeuHdK7CzT65YfE="},"indexInfo":{"baseKey":"BeJR6/5j/7lSe4Yi7uTaHB9oa4vWm7LYvoaiLIcA75AG","baseKeyType":1,"closed":-1,"used":1747231421782,"created":1747231421782,"remoteIdentityKey":"BTM4MjS4wk/hmYbd0hM19QyIcD9zZFcqkIu5h2QxtOQR"},"_chains":{"BaQga/FE1Z8JBIZE9VnLTm/DR9vdCXKtJ8Xd+2EhJxRO":{"chainKey":{"counter":89,"key":"bBttd2vh/mib7auqdnEMG8q439DIX+E/Lo1prDoagAs="},"chainType":1,"messageKeys":{}}},"pendingPreKey":{"signedKeyId":1,"baseKey":"BeJR6/5j/7lSe4Yi7uTaHB9oa4vWm7LYvoaiLIcA75AG"}}},"version":"v1"}