{"_sessions":{"BYrrDLCLt6wR3ETslbqb/g/yBwjgmBtKnNb9CtOHTpp1":{"registrationId":1636447931,"currentRatchet":{"ephemeralKeyPair":{"pubKey":"BSBwSRgwQ2ieTWM9UbxC7HHX/iWAUCMNq+dC5K5t8lwc","privKey":"ENm6xZblWVkQSoOayTUEt6Yezw4t+K+JT/AkP5cZ1ls="},"lastRemoteEphemeralKey":"Bc/ghd4fP9uPjRjYG98PMg4n8HsapEA1ozdtBa1MEOZz","previousCounter":0,"rootKey":"1LkgdXCtTxKZm2syXflepb1m4jMP2t4umbFeP+qRa7c="},"indexInfo":{"baseKey":"BYrrDLCLt6wR3ETslbqb/g/yBwjgmBtKnNb9CtOHTpp1","baseKeyType":1,"closed":1747608930412,"used":1747269812354,"created":1747231422321,"remoteIdentityKey":"BQhs5AJw0+EI/rQJoevS3rk1TBumhM1Qhlq4XiX09hYZ"},"_chains":{"Bfti5MEmQ5iJNjtFWiaDPrhFkLfnL7IEVSt3yf0ulple":{"chainKey":{"counter":0},"chainType":2,"messageKeys":{}},"Bc4U8EjqE9FNyKf7d8yvmKpkG/JU62vXfzIKqHW+SLMz":{"chainKey":{"counter":0},"chainType":2,"messageKeys":{}},"BSJT00kRhXiBIiRLzsTDxtWoYu0fttauqmaFrKpnBZge":{"chainKey":{"counter":0},"chainType":2,"messageKeys":{}},"BUB6odINNaau8is+IDyy2ks6JNquqaniNKsmTv2vWBsY":{"chainKey":{"counter":0},"chainType":2,"messageKeys":{}},"Bc/ghd4fP9uPjRjYG98PMg4n8HsapEA1ozdtBa1MEOZz":{"chainKey":{"counter":0,"key":"Cxlfre8f+rh4QNnbKxpNayoVl8EFQ2vgXvoLGKohJac="},"chainType":2,"messageKeys":{}},"BSBwSRgwQ2ieTWM9UbxC7HHX/iWAUCMNq+dC5K5t8lwc":{"chainKey":{"counter":48,"key":"8gkY/+A7vdHn1LKEmU/cjGt0fkEMwYQji+sAkThHDeA="},"chainType":1,"messageKeys":{}}}},"BaLf4koyVz1/idTfdzEfhNUOMk8+ai1LEmkibow6mrdl":{"registrationId":290613867,"currentRatchet":{"ephemeralKeyPair":{"pubKey":"BYq7Ef179ORzAVSN2uBs+DA/fZjcWJCPEa9D5NRzF+ty","privKey":"GJIwBYw96XoLifyE7DTGshTu1QeV8fZTuwnRgGnSwUE="},"lastRemoteEphemeralKey":"Bb8+aACaSXo988MS+ZecT2Q5CaFzNd5D8BzVgyKXlRM2","previousCounter":0,"rootKey":"ci9KFhCfgTeIF0VBUIEKdqBg2iSaPKxwJXrkH5/COLE="},"indexInfo":{"baseKey":"BaLf4koyVz1/idTfdzEfhNUOMk8+ai1LEmkibow6mrdl","baseKeyType":1,"closed":1747608931115,"used":1747608930405,"created":1747608930405,"remoteIdentityKey":"BRv2YUjuP77EHA6PSx8sBbj0zF63qgoa6rjywlLAIQdS"},"_chains":{"BYq7Ef179ORzAVSN2uBs+DA/fZjcWJCPEa9D5NRzF+ty":{"chainKey":{"counter":0,"key":"MeWOGHRJfNJbor1s6OoBA9AD3x9Ml9/ByPep+hRryww="},"chainType":1,"messageKeys":{}}},"pendingPreKey":{"signedKeyId":0,"baseKey":"BaLf4koyVz1/idTfdzEfhNUOMk8+ai1LEmkibow6mrdl","preKeyId":12342286}},"BZkon4H97b0sRf1qfHY6NRbCQRRQhCi+QGZFHVP8dAoK":{"registrationId":290613867,"currentRatchet":{"ephemeralKeyPair":{"pubKey":"Bd0MZvgcic1Ojg2Rb0G1q36X8dQj/poWnTP093v7sfAW","privKey":"QC5nFHQZgX9Nno24g4AGH3O56l6zKNi2HYBOxG6LvEc="},"lastRemoteEphemeralKey":"Bb8+aACaSXo988MS+ZecT2Q5CaFzNd5D8BzVgyKXlRM2","previousCounter":0,"rootKey":"noIlAt4HGNewdMlYnyIUfNqwEsoU5seuJipTO0pZE0M="},"indexInfo":{"baseKey":"BZkon4H97b0sRf1qfHY6NRbCQRRQhCi+QGZFHVP8dAoK","baseKeyType":1,"closed":1747648702653,"used":1747608931114,"created":1747608931114,"remoteIdentityKey":"BRv2YUjuP77EHA6PSx8sBbj0zF63qgoa6rjywlLAIQdS"},"_chains":{"Bd0MZvgcic1Ojg2Rb0G1q36X8dQj/poWnTP093v7sfAW":{"chainKey":{"counter":31,"key":"wNZ8x6K+LyCCDGeJa3DJzCfP2PchSTnf+4GPClqKEgs="},"chainType":1,"messageKeys":{}}},"pendingPreKey":{"signedKeyId":0,"baseKey":"BZkon4H97b0sRf1qfHY6NRbCQRRQhCi+QGZFHVP8dAoK","preKeyId":12342256}},"BVinSWiF495WeB9VTaLaYuTlmOpoHGjoCS9CGORKVyoM":{"registrationId":290613867,"currentRatchet":{"ephemeralKeyPair":{"pubKey":"BXotMTxfH1g2V9w+F5Csf9ejEuz6OPXptAyxIk7ePHEC","privKey":"YJnVdwM4gPw9HIYXNsIhCQ7EzQoBcwvT8Md5jl5qfHY="},"lastRemoteEphemeralKey":"Bb8+aACaSXo988MS+ZecT2Q5CaFzNd5D8BzVgyKXlRM2","previousCounter":0,"rootKey":"INAO3A33gbbVMXCg6e42KNRLr609hfK2K1lKn+ai/s4="},"indexInfo":{"baseKey":"BVinSWiF495WeB9VTaLaYuTlmOpoHGjoCS9CGORKVyoM","baseKeyType":1,"closed":-1,"used":1747648702597,"created":1747648702597,"remoteIdentityKey":"BRv2YUjuP77EHA6PSx8sBbj0zF63qgoa6rjywlLAIQdS"},"_chains":{"BXotMTxfH1g2V9w+F5Csf9ejEuz6OPXptAyxIk7ePHEC":{"chainKey":{"counter":18,"key":"976FM3NaXR6fj5mlgtKCIB7sxpnDJXgtkcHEUCdW1To="},"chainType":1,"messageKeys":{}}},"pendingPreKey":{"signedKeyId":0,"baseKey":"BVinSWiF495WeB9VTaLaYuTlmOpoHGjoCS9CGORKVyoM","preKeyId":12342777}}},"version":"v1"}