{"_sessions":{"BSOtwAEr1kFpTGJNg2XDhFE9lE3jXDhpscUe27PFipwy":{"registrationId":316550409,"currentRatchet":{"ephemeralKeyPair":{"pubKey":"BT9Y5SxfSx/OjP/hqUw37RhNcqE1+EA5roQEvz4998Jn","privKey":"kAkb2uGrqLa/13dKH7dAy3HFWgV4GAC7aAjDa5NtNEM="},"lastRemoteEphemeralKey":"BVa12TEdcIyytuEdSUdty6+17LDnokFpHN91klFePJgL","previousCounter":3,"rootKey":"Za/TUm/sUnHGxUB3TU1TFZ8g1TwfnCmvu965bSZgduo="},"indexInfo":{"baseKey":"BSOtwAEr1kFpTGJNg2XDhFE9lE3jXDhpscUe27PFipwy","baseKeyType":1,"closed":-1,"used":1747377264469,"created":1747308999451,"remoteIdentityKey":"BQfHQUmBH8idGXwso2Y+56hlMV7NbVGwUZ6meBLruC0y"},"_chains":{"BTzd/Te6le8dgekXfq5NGMBNfgVWEoAYPWgv38c6S6IO":{"chainKey":{"counter":1},"chainType":2,"messageKeys":{}},"BVa12TEdcIyytuEdSUdty6+17LDnokFpHN91klFePJgL":{"chainKey":{"counter":0,"key":"fFh9khLsEIH+AzTTaOyR9MAzGdnOmIhbcMIO5Ns9puY="},"chainType":2,"messageKeys":{}},"BT9Y5SxfSx/OjP/hqUw37RhNcqE1+EA5roQEvz4998Jn":{"chainKey":{"counter":75,"key":"i3PUz56EdghhrUbGUgkRGebAZyNMZ7VSc66dwcLxKAQ="},"chainType":1,"messageKeys":{}}}}},"version":"v1"}