{"_sessions":{"BVZ0mapereNQ0RjR9GU6DAvDjfhwKY6QDmvZNEzdhgQi":{"registrationId":2114796438,"currentRatchet":{"ephemeralKeyPair":{"pubKey":"BYXY90Rs4jfzayc3Pu9LAqhIHn57F1tQMvgTO9mSBU12","privKey":"OI1WMTtMue3KiSRk5U97mMIWn4UatpLadeH90n+MaGw="},"lastRemoteEphemeralKey":"BdKMqCCLv2DiYtU/6ybUsjYKkTd5RqzIlbDrT/cdb/RW","previousCounter":0,"rootKey":"Pu4eYf/XTRS+GcpJUODqGat0AXVPvUZj5s5aKsRsXmQ="},"indexInfo":{"baseKey":"BVZ0mapereNQ0RjR9GU6DAvDjfhwKY6QDmvZNEzdhgQi","baseKeyType":1,"closed":-1,"used":1747231422121,"created":1747231422121,"remoteIdentityKey":"BYtUEJFKufrKvYym/XBmRmNUMtIOVXM53l84KUM5gWpl"},"_chains":{"BYXY90Rs4jfzayc3Pu9LAqhIHn57F1tQMvgTO9mSBU12":{"chainKey":{"counter":89,"key":"SYlhfq9UmGhqiLh0U8qB/p/3CFJs6gv3EkNk0IJtMIA="},"chainType":1,"messageKeys":{}}},"pendingPreKey":{"signedKeyId":1,"baseKey":"BVZ0mapereNQ0RjR9GU6DAvDjfhwKY6QDmvZNEzdhgQi","preKeyId":9027643}}},"version":"v1"}