{"_sessions":{"BZYhzuRlrUSn11EbsPlTjHWQOja+35DyFE/CKaH3sU9e":{"registrationId":232,"currentRatchet":{"ephemeralKeyPair":{"pubKey":"BaVGLmMPTEZSh6LM33dkl3/sQFwy+zyckbP2YcRA4Y5X","privKey":"KPHXRbfzGsFaGAsVl3rFCkpzS98uGuCpPykEMLybF0g="},"lastRemoteEphemeralKey":"Beg4V/Vrnv+Y1GivK7b8pOqUwWnSxUjwD1a/u/8L51wF","previousCounter":0,"rootKey":"nnEOHMPiHJoEuoxhhfWJbq1El3h6ldMsM14xdqLKGUA="},"indexInfo":{"baseKey":"BZYhzuRlrUSn11EbsPlTjHWQOja+35DyFE/CKaH3sU9e","baseKeyType":1,"closed":-1,"used":1747231421687,"created":1747231421687,"remoteIdentityKey":"Bc7GyypjRuwWJW6fP6cjbEbBMzuFFREMaSAbWeVaPQtX"},"_chains":{"BaVGLmMPTEZSh6LM33dkl3/sQFwy+zyckbP2YcRA4Y5X":{"chainKey":{"counter":89,"key":"U0NAzUoDiv/tTPKGHPZ1GBEHy17ZamroZyC3sGdZq58="},"chainType":1,"messageKeys":{}}},"pendingPreKey":{"signedKeyId":1,"baseKey":"BZYhzuRlrUSn11EbsPlTjHWQOja+35DyFE/CKaH3sU9e"}}},"version":"v1"}