{"_sessions":{"BYPWrljSEyrcE6qU7lEioCCcfrMKHktjdcVm8cC2a+ke":{"registrationId":692942558,"currentRatchet":{"ephemeralKeyPair":{"pubKey":"BbeVoQ8zzYC12Lo99+vRla4KNUrLOdNbgfeRAKwh4UMM","privKey":"eGFjyOYu77UH3Ea30JnqbohuO1fMVhJttmcX1Qvz92I="},"lastRemoteEphemeralKey":"BRl3drwCPd9Suok91Ba8g4H/2eqWTj9yNbJZgbNbCdgT","previousCounter":0,"rootKey":"hSdw7zFWFT0z3PtzlBlU67QY2Z6+k9RgebiqqXTWQ1w="},"indexInfo":{"baseKey":"BYPWrljSEyrcE6qU7lEioCCcfrMKHktjdcVm8cC2a+ke","baseKeyType":1,"closed":-1,"used":1747231422832,"created":1747231422832,"remoteIdentityKey":"BbIvBkizPc0dkDLCV5U+hfXBHJRnj73aDYTy3gFyBlgC"},"_chains":{"BbeVoQ8zzYC12Lo99+vRla4KNUrLOdNbgfeRAKwh4UMM":{"chainKey":{"counter":89,"key":"31LL+yH6hnzY9gcxtW+dSQo0uoMhyh+pm/MyizJ5hdY="},"chainType":1,"messageKeys":{}}},"pendingPreKey":{"signedKeyId":2,"baseKey":"BYPWrljSEyrcE6qU7lEioCCcfrMKHktjdcVm8cC2a+ke"}}},"version":"v1"}