{"_sessions":{"BUCLKoiaoPRvJ5/LSS789nkUJanAQLmylHQtBoQtx2Bx":{"registrationId":112618636,"currentRatchet":{"ephemeralKeyPair":{"pubKey":"BerlPdjFzZqxySLP51f7QKec4P9eec5elKxrW3j5rxQ5","privKey":"8ISnM8rPXz/sp2HxOuZZCFJvFcXuKYe66yovhXTsAUY="},"lastRemoteEphemeralKey":"Bex0cdBdMDShcAUrk75xhMbqu3JXovpkJEoorVErfjV+","previousCounter":0,"rootKey":"r5zMdqY+71329DyLoPy//6Ez7rJc/p8t8bEwbVTU57c="},"indexInfo":{"baseKey":"BUCLKoiaoPRvJ5/LSS789nkUJanAQLmylHQtBoQtx2Bx","baseKeyType":1,"closed":-1,"used":1747231422625,"created":1747231422625,"remoteIdentityKey":"BXk8kq3bLSAtByDtCHdiOr3qxaa5q/H6dChUGanu6F8N"},"_chains":{"BerlPdjFzZqxySLP51f7QKec4P9eec5elKxrW3j5rxQ5":{"chainKey":{"counter":89,"key":"3bdpfbVTzkFr6EO0gaQiY4Au/5FfShwMesQ4iTM9gZI="},"chainType":1,"messageKeys":{}}},"pendingPreKey":{"signedKeyId":3,"baseKey":"BUCLKoiaoPRvJ5/LSS789nkUJanAQLmylHQtBoQtx2Bx","preKeyId":15378382}}},"version":"v1"}