{"_sessions":{"BYF+dHxqVeBUXvTCcL+bv+VMZsrhxqiHJeTB3LSRecII":{"registrationId":996000240,"currentRatchet":{"ephemeralKeyPair":{"pubKey":"BXMtd4eWm4OLT8T2ojjF5fi48ZTcO68tcWiEjHoxRLMy","privKey":"IFYce3YETpud/KEsbFl8HwPAljMyYk9m0fFZPgDjgUs="},"lastRemoteEphemeralKey":"BeTebrOPztZTfSMqvqsRKBW2RVXzj7/X7XB+Zwn7yhFu","previousCounter":0,"rootKey":"p30T9OxoTjkIl/rCVfAJ9Bn0TMPx8QSfXfQkGC/3RSw="},"indexInfo":{"baseKey":"BYF+dHxqVeBUXvTCcL+bv+VMZsrhxqiHJeTB3LSRecII","baseKeyType":1,"closed":-1,"used":1747231422284,"created":1747231422284,"remoteIdentityKey":"BSxFaOKGhTBU9mUvuR69UpjIIPhYOY+KtoCcWJhWzBx4"},"_chains":{"BXMtd4eWm4OLT8T2ojjF5fi48ZTcO68tcWiEjHoxRLMy":{"chainKey":{"counter":89,"key":"VpwofL0ZrVZ0pePCrMc9JkXoYk+FJfJEPrQ6PPDkijU="},"chainType":1,"messageKeys":{}}},"pendingPreKey":{"signedKeyId":2,"baseKey":"BYF+dHxqVeBUXvTCcL+bv+VMZsrhxqiHJeTB3LSRecII","preKeyId":14904111}}},"version":"v1"}