{"_sessions":{"Be73iCeYEUGnTCyrcQs8pR4wNcHv9d68h/ROD4wnV9NJ":{"registrationId":552732846,"currentRatchet":{"ephemeralKeyPair":{"pubKey":"BZiiwTLd4Q0jUdulk5MZYciEP0PgM7Lrp4esiraV5DhC","privKey":"QCOMXT07Ca2QeKXD498UOqLDsE/8ZdfUnLTwB0FKqWg="},"lastRemoteEphemeralKey":"BXJsUxo60r3DQjdTjeDZMZ4Qa62X5Cveo0q8001CmuQr","previousCounter":0,"rootKey":"+XB18Qb24BZxGNB/T2EmXGQkkWGRqI7FCe6ru8139W4="},"indexInfo":{"baseKey":"Be73iCeYEUGnTCyrcQs8pR4wNcHv9d68h/ROD4wnV9NJ","baseKeyType":1,"closed":-1,"used":1747299421481,"created":1747299421481,"remoteIdentityKey":"BS44lTZB6X/vLle/SBaxTTQDhpY278XRdCiKGOjHvcdZ"},"_chains":{"BZiiwTLd4Q0jUdulk5MZYciEP0PgM7Lrp4esiraV5DhC":{"chainKey":{"counter":0,"key":"x7eItTETZWAULeoLPG2qI0u3koUEpXN5zHiJHdb1L40="},"chainType":1,"messageKeys":{}}},"pendingPreKey":{"signedKeyId":1,"baseKey":"Be73iCeYEUGnTCyrcQs8pR4wNcHv9d68h/ROD4wnV9NJ","preKeyId":451}}},"version":"v1"}