{"_sessions":{"BZSAoqYghes3TrFQ7mSNQBoEBbhTdMzAkXDz0gtHyNp5":{"registrationId":128796885,"currentRatchet":{"ephemeralKeyPair":{"pubKey":"BUU6+60vWFuLptIqK6VQZyH1nG1jLvzZ49nM8nCTvd41","privKey":"sMqvLN0xhu075bo69CV/bJC49f5IXyPJ1TcSlfBaSUM="},"lastRemoteEphemeralKey":"Behz0lZlxnYhaBXGICdE+TFORiOYJM3xgCzbfw3jFkp5","previousCounter":0,"rootKey":"GQfmBcukGIfOc7pseMgD1xLp3OrfH088uh1XUqHkTzk="},"indexInfo":{"baseKey":"BZSAoqYghes3TrFQ7mSNQBoEBbhTdMzAkXDz0gtHyNp5","baseKeyType":1,"closed":-1,"used":1747548475423,"created":1747532669087,"remoteIdentityKey":"BfWAT/KowBGO6lDpmgMLgU9HFVOHSPkDkWUZBHFHzr4q"},"_chains":{"Behz0lZlxnYhaBXGICdE+TFORiOYJM3xgCzbfw3jFkp5":{"chainKey":{"counter":2,"key":"C4Sj2hwio0jMbHXoTOOWBfSO97LCa+KGVgucW58jvJM="},"chainType":2,"messageKeys":{}},"BUU6+60vWFuLptIqK6VQZyH1nG1jLvzZ49nM8nCTvd41":{"chainKey":{"counter":72,"key":"b6AKUzz4DXx8TCawpIPaPUWvG1i/hl1gmimYjfUydlU="},"chainType":1,"messageKeys":{}}}}},"version":"v1"}