{"_sessions":{"BXntOJCAZfODCQiwPWv9NMz5VpcR2sAxAKEZ6oljzJ0h":{"registrationId":2132700017,"currentRatchet":{"ephemeralKeyPair":{"pubKey":"BYhHM+adWnWeqypLBwLKw7WEbIMfZoVuTjlGFiOt8bxA","privKey":"oPFlJKP6QrrMvxGXT2M42uZxg46Z9L70nNsZa3j+hmI="},"lastRemoteEphemeralKey":"BbLf/P5FSCQHFellBZvN1H6xF21Gl3USmGFaYWgiSgkT","previousCounter":0,"rootKey":"AGDgKV1fZcBMiWK6FBxDj2NaQaozFR7jq5P9UJwqyKQ="},"indexInfo":{"baseKey":"BXntOJCAZfODCQiwPWv9NMz5VpcR2sAxAKEZ6oljzJ0h","baseKeyType":1,"closed":-1,"used":1747231422099,"created":1747231422099,"remoteIdentityKey":"BRc2kp9C1x8OolOD/Zpc3UTA6sDX8SB+x7zDlgEuDKNt"},"_chains":{"BYhHM+adWnWeqypLBwLKw7WEbIMfZoVuTjlGFiOt8bxA":{"chainKey":{"counter":89,"key":"zDmlVuWg2iNXgLLouJK9o4PYwyZ7lWQsxlnymlNEGRE="},"chainType":1,"messageKeys":{}}},"pendingPreKey":{"signedKeyId":2,"baseKey":"BXntOJCAZfODCQiwPWv9NMz5VpcR2sAxAKEZ6oljzJ0h","preKeyId":5574583}}},"version":"v1"}