{"_sessions":{"Bdmm1YVm5uuxQvWV9WT/WmwmEsgbc4wjJJeiiImq/xYg":{"registrationId":791379349,"currentRatchet":{"ephemeralKeyPair":{"pubKey":"BTEUnf09Akt2o8209Lb1g9LNWKEebSgBEgm1vRm1lFwn","privKey":"4MsXOvrnjD/og+HeAfsPdN7YBhu9Ox4FGrEnIuKSDkk="},"lastRemoteEphemeralKey":"BVr2wcghHwf8/R+ImkhX3bM6/OVHpJM+AWy7Hp1Ug48a","previousCounter":1,"rootKey":"jnBBPtRumezLIbdQjwkeMr34URIikoAYsy0SJ842DqE="},"indexInfo":{"baseKey":"Bdmm1YVm5uuxQvWV9WT/WmwmEsgbc4wjJJeiiImq/xYg","baseKeyType":1,"closed":-1,"used":1747568065706,"created":1747567713156,"remoteIdentityKey":"BYyGLE1aAVjiyu024zrotM34ejRwIb4oJ3bypgphHfFU"},"_chains":{"BVr2wcghHwf8/R+ImkhX3bM6/OVHpJM+AWy7Hp1Ug48a":{"chainKey":{"counter":0,"key":"jj8sDO9zlScOqvdhYrA+qCsodQiP9mMQr7cFaWcjm8U="},"chainType":2,"messageKeys":{}},"BTEUnf09Akt2o8209Lb1g9LNWKEebSgBEgm1vRm1lFwn":{"chainKey":{"counter":50,"key":"rDBQ3WFiHdkFnK6nW+6Iyq9N3bY+ER1fT9HsLUBYqtw="},"chainType":1,"messageKeys":{}}}}},"version":"v1"}