{"_sessions":{"BY2AXGLt6Od1LZgEsL17k4WjvbYXRhDwgv94NVRrDtgA":{"registrationId":1216506287,"currentRatchet":{"ephemeralKeyPair":{"pubKey":"BWb1x4sqPn4IgNJ75xtzL7b6tOCz0eHYQSHVcttA+4NP","privKey":"iN54yPaVKmIyBkHA33N9VFUHKw0EYcYeoNueYeLHK0g="},"lastRemoteEphemeralKey":"BUiKyXDlwPHP9BBKzu1nN1+AaUanMZt4TY4ORY3XRb40","previousCounter":0,"rootKey":"wDe0TGtv1eh575pB7wWnzZVF9Zj+6i+cOCcGkRouKd0="},"indexInfo":{"baseKey":"BY2AXGLt6Od1LZgEsL17k4WjvbYXRhDwgv94NVRrDtgA","baseKeyType":1,"closed":-1,"used":1747234962021,"created":1747231422189,"remoteIdentityKey":"BeTUSSCy/eTivGmZogtGaaVOSxm23PrBWr46ZTesRFBw"},"_chains":{"BUiKyXDlwPHP9BBKzu1nN1+AaUanMZt4TY4ORY3XRb40":{"chainKey":{"counter":1,"key":"2b8Ht2zIDFlylQMnj2UJHczKEIgvcckR9SbJOcP67E0="},"chainType":2,"messageKeys":{}},"BWb1x4sqPn4IgNJ75xtzL7b6tOCz0eHYQSHVcttA+4NP":{"chainKey":{"counter":12,"key":"2CWW/HVrm1NsFkJXZL50VpupzWyWsSQzfZfIHzfDiSE="},"chainType":1,"messageKeys":{}}}}},"version":"v1"}