{"_sessions":{"BT6s5PAuO5jaeD2tTO4cLbH8gD1SHJqr+X3M/0GS3oBf":{"registrationId":757762329,"currentRatchet":{"ephemeralKeyPair":{"pubKey":"Bfczd2ItamiMTNp+lpBlsdppghmh0It+ukFdc67Bgsp1","privKey":"UBWxIP/ilhCsFCn319wdO8JfFq4gCOyNtixVZqWCiHg="},"lastRemoteEphemeralKey":"BaIOD/Uhbw3+Gi5A8yo5i3/QrE66GWyfbernzE7B+Qh/","previousCounter":0,"rootKey":"4nbnCkb9nH8aMlmJGCO5s3pS3lOiNRQxjYRis7Kszsg="},"indexInfo":{"baseKey":"BT6s5PAuO5jaeD2tTO4cLbH8gD1SHJqr+X3M/0GS3oBf","baseKeyType":1,"closed":-1,"used":1747328186980,"created":1747298947948,"remoteIdentityKey":"BZsn8qzWAMDWCyWSAoaOmwnqf95ljC//AEKfhNu4wXtm"},"_chains":{"BaIOD/Uhbw3+Gi5A8yo5i3/QrE66GWyfbernzE7B+Qh/":{"chainKey":{"counter":1,"key":"iZWLRR/+vW4+sDqhMPLVpY9rSjlpWc94u6R5WE4Irts="},"chainType":2,"messageKeys":{}},"Bfczd2ItamiMTNp+lpBlsdppghmh0It+ukFdc67Bgsp1":{"chainKey":{"counter":-1,"key":"zBDYmdVHjlrwaR7N6nNE5onx9VHMjumj4KiOIwlJZas="},"chainType":1,"messageKeys":{}}}}},"version":"v1"}