{"_sessions":{"BXXIEBbNCt5jMUJGnvFY2u4LzgUHpg+SN+NiGRHYM5cq":{"registrationId":1054130780,"currentRatchet":{"ephemeralKeyPair":{"pubKey":"BSw7n1AsKMCgyyODRc45+GXuTC45Q5QK3qAoEEYpEW8f","privKey":"CGUQCU0bk7EDfJuPx8qgmxstFzLjGgqGW/B56Wsdjmo="},"lastRemoteEphemeralKey":"BcD/daL24zuut6JmaeN8GKmFwXh34Vvy9+r2jBYdBFox","previousCounter":0,"rootKey":"Hd+lcF1KCmSRlOuHQaxe7QjfjK1KoRFMdWTgkp98et4="},"indexInfo":{"baseKey":"BXXIEBbNCt5jMUJGnvFY2u4LzgUHpg+SN+NiGRHYM5cq","baseKeyType":1,"closed":-1,"used":1747551916568,"created":1747551877705,"remoteIdentityKey":"BdWP7M8E1/kygYBTPXesM3vAauumtgEspyOe+WXt1Mdf"},"_chains":{"BcD/daL24zuut6JmaeN8GKmFwXh34Vvy9+r2jBYdBFox":{"chainKey":{"counter":0,"key":"2o+hYdJeqg1YdcIRJYSDZrezseRWvenZGnLiVp46GD0="},"chainType":2,"messageKeys":{}},"BSw7n1AsKMCgyyODRc45+GXuTC45Q5QK3qAoEEYpEW8f":{"chainKey":{"counter":1,"key":"gh3Mex9Mj2X58H6bXuBUdvnp99UXLagAiJIH2XfWszA="},"chainType":1,"messageKeys":{}}}}},"version":"v1"}