{"_sessions":{"BQNmEPgvTfvYykC0UzKPlQOuuObtnViXD+ydSWqaYD80":{"registrationId":1540556950,"currentRatchet":{"ephemeralKeyPair":{"pubKey":"BS5QQGjAzt5lbMTzvRrrsS2KOw8+ri7t6Ci+3vvbomBw","privKey":"mGmL2kxsWZu8ilzp+lJXYRWuRq7lM4sRo2H9059r62k="},"lastRemoteEphemeralKey":"BTUNyqUE/BKiueoDj8Hs+2OSENC6KBFFccQJIxN89L12","previousCounter":0,"rootKey":"Yd0+w3c64I5OzT5ca804D9s+OOISUQrDzrHv12m+2sA="},"indexInfo":{"baseKey":"BQNmEPgvTfvYykC0UzKPlQOuuObtnViXD+ydSWqaYD80","baseKeyType":1,"closed":-1,"used":1747405425002,"created":1747269904030,"remoteIdentityKey":"Bfvrm9I/6japHJ0OBQthA8Bdagc0KFknWy9sKbOJsqUP"},"_chains":{"BUyr6Im4O7zy+bK8mqzjhHsnJrqPZ/sqXhOmImmMa68s":{"chainKey":{"counter":0},"chainType":2,"messageKeys":{}},"BSmzaXn+ry9i72BoQesHVfOUC+pqn8B8R3n3Eh9ihlZf":{"chainKey":{"counter":0},"chainType":2,"messageKeys":{}},"BTUNyqUE/BKiueoDj8Hs+2OSENC6KBFFccQJIxN89L12":{"chainKey":{"counter":0,"key":"UJN5NOz4Qll/EqoZjd2CUNqj3+pOrpIkh8ciVx954Go="},"chainType":2,"messageKeys":{}},"BS5QQGjAzt5lbMTzvRrrsS2KOw8+ri7t6Ci+3vvbomBw":{"chainKey":{"counter":0,"key":"fnfJRlt8Irxy7if/QjhebvjHMD53giI559B53ZTpOl8="},"chainType":1,"messageKeys":{}}}}},"version":"v1"}