{"_sessions":{"BdHZhKGW6fc8DgmjRLKpWwr4PjpztAmgqCjI3bT/9KdW":{"registrationId":112,"currentRatchet":{"ephemeralKeyPair":{"pubKey":"BeKpsbP46RySBLu6z78xTLd+15bo/B1Z722u7JL4VjJU","privKey":"OHDRCf2gczBbCo6UYoaK2+YAGcjKAaoGEhlspfBSdHI="},"lastRemoteEphemeralKey":"BeQrRCAYwsNG2Hg9yOF2GfdezwciF6Ezgh9Oz1oxYuJ+","previousCounter":0,"rootKey":"Mp5ukiqq9alPsg/QYGAw9HLcSzSlyha+IvJ8ZJ1wkZo="},"indexInfo":{"baseKey":"BdHZhKGW6fc8DgmjRLKpWwr4PjpztAmgqCjI3bT/9KdW","baseKeyType":1,"closed":-1,"used":1747231421877,"created":1747231421877,"remoteIdentityKey":"BYiFHpFMk1r2yUNxyiZmNT2Tt9PBIV/u99FhUYB/yH93"},"_chains":{"BeKpsbP46RySBLu6z78xTLd+15bo/B1Z722u7JL4VjJU":{"chainKey":{"counter":89,"key":"GUcz2l1Y129RTp1xfjTiKrdqpCnXQ+KlIm5XmrrRHrY="},"chainType":1,"messageKeys":{}}},"pendingPreKey":{"signedKeyId":1,"baseKey":"BdHZhKGW6fc8DgmjRLKpWwr4PjpztAmgqCjI3bT/9KdW"}}},"version":"v1"}