{"_sessions":{"BfPjVJLZCm2RF/C3ukNoir0YtcKYjg41RmGy/53wOu05":{"registrationId":986865444,"currentRatchet":{"ephemeralKeyPair":{"pubKey":"BWbWn16ajwzGUTCiZBueV00eMYNY5W/v7v7b9/Vx6jMI","privKey":"aBdv2k6gzzXR7kOPRWimlPwFS0XvUWum8Psrzqovc38="},"lastRemoteEphemeralKey":"BS1jba/IxvcZPQDqNFAT/2q/u8PxQHIN5Lxr/lHUabEI","previousCounter":15,"rootKey":"BjqyTEYYannAik+wf13POG1NukcVtbbSYAtdJJzE8fI="},"indexInfo":{"baseKey":"BfPjVJLZCm2RF/C3ukNoir0YtcKYjg41RmGy/53wOu05","baseKeyType":1,"closed":-1,"used":1747656767072,"created":1747231422601,"remoteIdentityKey":"Be6N0dYgK5iiiaVo6/JuVSHZbYlWS1RvzChpDB05Axxq"},"_chains":{"BbWVkRlF8qLaX7jn5HiP0USV4AK0WISPyzeKh94vP2Nh":{"chainKey":{"counter":0},"chainType":2,"messageKeys":{}},"BVjS4WKtLTgTvqRsL1FHOCkUbNex12DKl5Y/onNxPzUd":{"chainKey":{"counter":0},"chainType":2,"messageKeys":{}},"BbMGEnxafXsuL1xX+LPC0BSxlCgPnOKrHtjjWDhttSB2":{"chainKey":{"counter":0},"chainType":2,"messageKeys":{}},"Be8cKxkJAQP/Y9ozPUJKgJR1PirtNjpMM+WD6oCKqHhb":{"chainKey":{"counter":0},"chainType":2,"messageKeys":{}},"BQ359icyPsn9rFkjr85MjeR3MZ+sU6pbHmvKDCtLS2EN":{"chainKey":{"counter":0},"chainType":2,"messageKeys":{}},"Bd3EY8Zn0QRi1OJiyiYHh+uL7TW+j15XmaxpHUkYMxop":{"chainKey":{"counter":0},"chainType":2,"messageKeys":{}},"BVIOLznIW/LlJx8P5P31mTSTBMAYO3A0vLJyUrnwljcr":{"chainKey":{"counter":0},"chainType":2,"messageKeys":{}},"BS1jba/IxvcZPQDqNFAT/2q/u8PxQHIN5Lxr/lHUabEI":{"chainKey":{"counter":0,"key":"kBdWOLkhLYK5s4zkU1CMIeQ+oqT4DwAUz+cEnTAl3A4="},"chainType":2,"messageKeys":{}},"BWbWn16ajwzGUTCiZBueV00eMYNY5W/v7v7b9/Vx6jMI":{"chainKey":{"counter":2,"key":"ApssDwqrtMryEm8kxNoMAfbXXk96NT9guN1jYGUGQew="},"chainType":1,"messageKeys":{}}}}},"version":"v1"}