{"_sessions":{"BV3uiauU5AcCNuxH2TghEHEZuZv/OcC9RsJcd+D18ZZK":{"registrationId":1874521927,"currentRatchet":{"ephemeralKeyPair":{"pubKey":"BRr57ITY+R9p49HL8bIJvgpTibMTYlG2ZYUR9PC2Tnw7","privKey":"mBIItEx74CpowZuf9PcKYZR1N0vtItId6pfPJBstt00="},"lastRemoteEphemeralKey":"BVb9j7ofGWSbYx/KjJu+PK1C7VL+ixqs+ST223U88QUo","previousCounter":0,"rootKey":"M31TjbYQEhxrcJKqu5VqbVDZfnnL27ehYexTZzPpP90="},"indexInfo":{"baseKey":"BV3uiauU5AcCNuxH2TghEHEZuZv/OcC9RsJcd+D18ZZK","baseKeyType":1,"closed":-1,"used":1747269916140,"created":1747269916140,"remoteIdentityKey":"Bce02mCax1AAg+PIwmqqzDAOGKqEI0T2AAlTRhk5LTVA"},"_chains":{"BRr57ITY+R9p49HL8bIJvgpTibMTYlG2ZYUR9PC2Tnw7":{"chainKey":{"counter":0,"key":"tkvXHwcXix11AXVlXpQnwLbXnugZn5jqbLUTjWRSwXE="},"chainType":1,"messageKeys":{}}},"pendingPreKey":{"signedKeyId":1,"baseKey":"BV3uiauU5AcCNuxH2TghEHEZuZv/OcC9RsJcd+D18ZZK","preKeyId":857}}},"version":"v1"}