{"_sessions":{"BSCaThAcf7wW16bQzAwYx0uPYKmBHvr6EAqBIdlkUQdq":{"registrationId":1242252286,"currentRatchet":{"ephemeralKeyPair":{"pubKey":"BfWh2r8P3svuODVeW6bMb8YiddDdDgAT3k396eIolAQU","privKey":"CLltJQuIMEp5Aml9aA/sKrT+qm10lKuPaA5Z3JK8C2c="},"lastRemoteEphemeralKey":"BVRd3X3YRKqgD2t2MgRAfXHoz0n492Hd63d/7pakYbpP","previousCounter":16,"rootKey":"SihPdDFTmQxE/DxuH4yHmQJhZ8pOEkehYEPBcm6/248="},"indexInfo":{"baseKey":"BSCaThAcf7wW16bQzAwYx0uPYKmBHvr6EAqBIdlkUQdq","baseKeyType":1,"closed":1747568005737,"used":1747567285099,"created":1747387789568,"remoteIdentityKey":"Bairf6ytAwLfIREEpl8YAWnl7+YPKyLzVmF51PQxtHIh"},"_chains":{"BeHFGARlneRAVSw/Fa0hXC/Eom5c2AcvAxwQ/iNhzKwH":{"chainKey":{"counter":1},"chainType":2,"messageKeys":{}},"BeESmuVRIbz6RQEMUnpmqTDGpbFIY0r50Plc+Xaez7cQ":{"chainKey":{"counter":4},"chainType":2,"messageKeys":{}},"BVRd3X3YRKqgD2t2MgRAfXHoz0n492Hd63d/7pakYbpP":{"chainKey":{"counter":0,"key":"pTKBNv+WsGsPvJRMwBk6VRp6Fnrx/P/UVucomwE2oek="},"chainType":2,"messageKeys":{}},"BfWh2r8P3svuODVeW6bMb8YiddDdDgAT3k396eIolAQU":{"chainKey":{"counter":3,"key":"leZ41u3ym3TwH7Ztkn4vYisxp1k/djm1KwqtKhzt7KI="},"chainType":1,"messageKeys":{}}}},"BZScttpjDBtrd3mijpplThrtILsSGMo2Yb65Ze+8LodS":{"registrationId":1551763855,"currentRatchet":{"ephemeralKeyPair":{"pubKey":"BR9FhN9coDSIENuWGI8QhHYKYbkV7diNsgsF3pDI0gAF","privKey":"OErzkTcUXFjIbls1WXBUNna23evEaSS3tCN3WoD8RF0="},"lastRemoteEphemeralKey":"BWzjxci8y5wKa699PIao09NQpZ3tiPcLJ0x+alJ1Y2NE","previousCounter":1,"rootKey":"ySwSRx9+U9TvBwQCNJBUSJ4IeHCZl4HoNX+EGUY+kZY="},"indexInfo":{"baseKey":"BZScttpjDBtrd3mijpplThrtILsSGMo2Yb65Ze+8LodS","baseKeyType":1,"closed":1747651793919,"used":1747609506669,"created":1747568005735,"remoteIdentityKey":"BWx7jQua8UrowhL51tMS2zoPASi4md5RWGeFk0EX/PUD"},"_chains":{"BSgiCQWNRx0cWDfTLGuCHXlw+/VL7/3EQvZJ6CnGnfso":{"chainKey":{"counter":0},"chainType":2,"messageKeys":{}},"BWzjxci8y5wKa699PIao09NQpZ3tiPcLJ0x+alJ1Y2NE":{"chainKey":{"counter":0,"key":"NgCiHP4BBt7ndmSRC0eoL95f6P0vQCrFS4+ifzt9ZSc="},"chainType":2,"messageKeys":{}},"BR9FhN9coDSIENuWGI8QhHYKYbkV7diNsgsF3pDI0gAF":{"chainKey":{"counter":30,"key":"bu3a6I2L3M/OZfKXpPpBPp9VRXPCoU2eca9VyouXl+8="},"chainType":1,"messageKeys":{}}}},"BUCA9/8Z5nrigHMc6ShWp3TfaUDC423BmI5Igp2LEOcq":{"registrationId":1952462473,"currentRatchet":{"ephemeralKeyPair":{"pubKey":"BdS9i9Q9MlN+CgWceYsbzLKVjTMw4xW2OI3Mlr/alxB1","privKey":"CBCmDRJ9KB25UwliTzduq5z3o9ZnyJzAo5oN0sAGPXo="},"lastRemoteEphemeralKey":"BYOs9J628+oKpFFmCO5B0z2DPEt5kJCgsfdOYF+Z3hlj","previousCounter":0,"rootKey":"Y93vlzky/qhETKoEFlwXL/Ljtq+7Ek3jNIO+4WABHBI="},"indexInfo":{"baseKey":"BUCA9/8Z5nrigHMc6ShWp3TfaUDC423BmI5Igp2LEOcq","baseKeyType":1,"closed":1747651794509,"used":1747651793910,"created":1747651793910,"remoteIdentityKey":"BQRXbOKb8T/asqHkcpU+u2ZUJjyB8FfHcuEHGogspYI0"},"_chains":{"BdS9i9Q9MlN+CgWceYsbzLKVjTMw4xW2OI3Mlr/alxB1":{"chainKey":{"counter":0,"key":"AzanFvWPne/8ri51gUI1mTDJR9eQKAH6oNiJbsuVfLQ="},"chainType":1,"messageKeys":{}}},"pendingPreKey":{"signedKeyId":0,"baseKey":"BUCA9/8Z5nrigHMc6ShWp3TfaUDC423BmI5Igp2LEOcq","preKeyId":13114746}},"BfSKGPcRjwLewcDRszme7jB8DcBx4oLEcHvYznVqG3xf":{"registrationId":1952462473,"currentRatchet":{"ephemeralKeyPair":{"pubKey":"BdBMpiUWK0Hg8WfBpcREnZDKhwQzEtrgJUFKK1KsMxp6","privKey":"sFaPmKaNvlhX+2zzqnHMQ9KqNW9aSiRxo+z8/3BCFWA="},"lastRemoteEphemeralKey":"BYOs9J628+oKpFFmCO5B0z2DPEt5kJCgsfdOYF+Z3hlj","previousCounter":0,"rootKey":"FV8oILIT4sRkVjfwvhCjr1O9Blipl8EiFoq8MKO1lnk="},"indexInfo":{"baseKey":"BfSKGPcRjwLewcDRszme7jB8DcBx4oLEcHvYznVqG3xf","baseKeyType":1,"closed":1747651794990,"used":1747651794507,"created":1747651794507,"remoteIdentityKey":"BQRXbOKb8T/asqHkcpU+u2ZUJjyB8FfHcuEHGogspYI0"},"_chains":{"BdBMpiUWK0Hg8WfBpcREnZDKhwQzEtrgJUFKK1KsMxp6":{"chainKey":{"counter":0,"key":"9QWwbwIv15MgMQoyHVa1YsHTTRk3LIkB773VDYi0E28="},"chainType":1,"messageKeys":{}}},"pendingPreKey":{"signedKeyId":0,"baseKey":"BfSKGPcRjwLewcDRszme7jB8DcBx4oLEcHvYznVqG3xf","preKeyId":13114742}},"BVJ+Ny8M7qjQ/EOi/zYFsqIvu/OeBNOd1L/YWUJ/GfN0":{"registrationId":1952462473,"currentRatchet":{"ephemeralKeyPair":{"pubKey":"BQwiAAIV+yJkdXuwyDP22+qo9Y4Q/bl7Tmvf7dLejL1V","privKey":"+Eq7/DpGx7jbLaFsnLf5Nc3WstAASU30iOAUVxlGN1Y="},"lastRemoteEphemeralKey":"BYOs9J628+oKpFFmCO5B0z2DPEt5kJCgsfdOYF+Z3hlj","previousCounter":0,"rootKey":"12OzxHerGE+y4Bs6unOy/6gzrBcu01uxfRTivcfaS+k="},"indexInfo":{"baseKey":"BVJ+Ny8M7qjQ/EOi/zYFsqIvu/OeBNOd1L/YWUJ/GfN0","baseKeyType":1,"closed":1747651795478,"used":1747651794989,"created":1747651794989,"remoteIdentityKey":"BQRXbOKb8T/asqHkcpU+u2ZUJjyB8FfHcuEHGogspYI0"},"_chains":{"BQwiAAIV+yJkdXuwyDP22+qo9Y4Q/bl7Tmvf7dLejL1V":{"chainKey":{"counter":0,"key":"PYVqHhwMOuk3+6Xs2YvkLF8e/wmnAcf0UGEZ6qT2lo0="},"chainType":1,"messageKeys":{}}},"pendingPreKey":{"signedKeyId":0,"baseKey":"BVJ+Ny8M7qjQ/EOi/zYFsqIvu/OeBNOd1L/YWUJ/GfN0","preKeyId":13114711}},"BUGV3WuBWZUcDQNRZFj7MC/v5DUpcSfTRRM63yUCIU5c":{"registrationId":1952462473,"currentRatchet":{"ephemeralKeyPair":{"pubKey":"BeAlLpoAqzz1ccja+Sspdq6QDe5PSEWvSJ2z2tss3/Bc","privKey":"uLMHyVSewAJCjNwJHE3Y3eIUwUKnpgMFCw15VfnaI0M="},"lastRemoteEphemeralKey":"BYOs9J628+oKpFFmCO5B0z2DPEt5kJCgsfdOYF+Z3hlj","previousCounter":0,"rootKey":"QuCAnW98SfMRQoy0ASDHIqc9xl+astrRO9OM3eW5mHA="},"indexInfo":{"baseKey":"BUGV3WuBWZUcDQNRZFj7MC/v5DUpcSfTRRM63yUCIU5c","baseKeyType":1,"closed":1747651795832,"used":1747651795476,"created":1747651795476,"remoteIdentityKey":"BQRXbOKb8T/asqHkcpU+u2ZUJjyB8FfHcuEHGogspYI0"},"_chains":{"BeAlLpoAqzz1ccja+Sspdq6QDe5PSEWvSJ2z2tss3/Bc":{"chainKey":{"counter":0,"key":"4jnkYCIrlcjVsUsnv/mveGdg+RBWPqlxCQTsWYWKEI4="},"chainType":1,"messageKeys":{}}},"pendingPreKey":{"signedKeyId":0,"baseKey":"BUGV3WuBWZUcDQNRZFj7MC/v5DUpcSfTRRM63yUCIU5c"}},"BXBiKAdMlEhx9RpgF+D4IuOzGOoUSjf+IceM93IyKV59":{"registrationId":1952462473,"currentRatchet":{"ephemeralKeyPair":{"pubKey":"BWpc78MdKNMZBqAHlKzCoXciWH2yx7ulsF1SC9M4A8Jg","privKey":"8A8LKZ6hMcGmpmu6oUKv0RmDMGiAKbd72ZP8A53rykY="},"lastRemoteEphemeralKey":"BYOs9J628+oKpFFmCO5B0z2DPEt5kJCgsfdOYF+Z3hlj","previousCounter":0,"rootKey":"Txxt5SRMqXBfc0xAfkLDvSirubKQgPtiaHP5Pqu2c8E="},"indexInfo":{"baseKey":"BXBiKAdMlEhx9RpgF+D4IuOzGOoUSjf+IceM93IyKV59","baseKeyType":1,"closed":1747651796174,"used":1747651795831,"created":1747651795831,"remoteIdentityKey":"BQRXbOKb8T/asqHkcpU+u2ZUJjyB8FfHcuEHGogspYI0"},"_chains":{"BWpc78MdKNMZBqAHlKzCoXciWH2yx7ulsF1SC9M4A8Jg":{"chainKey":{"counter":0,"key":"4EvZS9+A5QZHXWqIKZHRY9VE4rl5rCRKIsgFX7EESFg="},"chainType":1,"messageKeys":{}}},"pendingPreKey":{"signedKeyId":0,"baseKey":"BXBiKAdMlEhx9RpgF+D4IuOzGOoUSjf+IceM93IyKV59"}},"BWNgKl7QIT4mHjgU6vgpBQC/HwqobJVYbmyeSsZhLchn":{"registrationId":1952462473,"currentRatchet":{"ephemeralKeyPair":{"pubKey":"BalOAMCaLhAnOnSd4dwEhaMwhSJSXYfinMc1UcVj2IYz","privKey":"mFdXtNOTpzwwd/bslFmofZzIcGJD/k2fG4h4VaUJelY="},"lastRemoteEphemeralKey":"BYOs9J628+oKpFFmCO5B0z2DPEt5kJCgsfdOYF+Z3hlj","previousCounter":0,"rootKey":"kXl3j2QXM5EcL6PtfyzcsqTLiXsSYbdxDoCWD6904JE="},"indexInfo":{"baseKey":"BWNgKl7QIT4mHjgU6vgpBQC/HwqobJVYbmyeSsZhLchn","baseKeyType":1,"closed":1747651796546,"used":1747651796173,"created":1747651796173,"remoteIdentityKey":"BQRXbOKb8T/asqHkcpU+u2ZUJjyB8FfHcuEHGogspYI0"},"_chains":{"BalOAMCaLhAnOnSd4dwEhaMwhSJSXYfinMc1UcVj2IYz":{"chainKey":{"counter":0,"key":"66dgllYrH2rncjRjmVCHMPJcff1I6g1oUdHnZOrs+h0="},"chainType":1,"messageKeys":{}}},"pendingPreKey":{"signedKeyId":0,"baseKey":"BWNgKl7QIT4mHjgU6vgpBQC/HwqobJVYbmyeSsZhLchn"}},"BbKMQkrRqtW8ukETkuhXx+uHFenEmJLcqAJ5J4lrZ6YQ":{"registrationId":1952462473,"currentRatchet":{"ephemeralKeyPair":{"pubKey":"BTYwnlfeAKhmyH7URIj12yPVWI+5Czj2XoefKL4xqUJr","privKey":"MGhjJafWiMu3aPoONDDiMziz3LBWS4en1pz6WEpFV34="},"lastRemoteEphemeralKey":"BYOs9J628+oKpFFmCO5B0z2DPEt5kJCgsfdOYF+Z3hlj","previousCounter":0,"rootKey":"iv5J00CsSGz1zCw9xpjigioktSmThFUessRgTZO6jBs="},"indexInfo":{"baseKey":"BbKMQkrRqtW8ukETkuhXx+uHFenEmJLcqAJ5J4lrZ6YQ","baseKeyType":1,"closed":1747651796998,"used":1747651796544,"created":1747651796544,"remoteIdentityKey":"BQRXbOKb8T/asqHkcpU+u2ZUJjyB8FfHcuEHGogspYI0"},"_chains":{"BTYwnlfeAKhmyH7URIj12yPVWI+5Czj2XoefKL4xqUJr":{"chainKey":{"counter":0,"key":"dWMoOnCw5TU0Pi1XWhMpechH7bGCibnQgDbCCMXlyUM="},"chainType":1,"messageKeys":{}}},"pendingPreKey":{"signedKeyId":0,"baseKey":"BbKMQkrRqtW8ukETkuhXx+uHFenEmJLcqAJ5J4lrZ6YQ"}},"BePxlOKAR0aMR/OHUy5NoM2XZy+R+Jx7DuvFtrhLr29P":{"registrationId":1952462473,"currentRatchet":{"ephemeralKeyPair":{"pubKey":"BY/a035pLcBTfe4yhu5FDA63/5G05rYL+UR1uJF3IK4F","privKey":"wIC6vBwIhoK0RJ4rc2WHxXxMSHPk1CmolDg/UjRcfEw="},"lastRemoteEphemeralKey":"BYOs9J628+oKpFFmCO5B0z2DPEt5kJCgsfdOYF+Z3hlj","previousCounter":0,"rootKey":"Jl4JoM+2F6kLdt7wmwr3MOTlk1y3aGmP7F7gKUxLSGo="},"indexInfo":{"baseKey":"BePxlOKAR0aMR/OHUy5NoM2XZy+R+Jx7DuvFtrhLr29P","baseKeyType":1,"closed":1747651797364,"used":1747651796997,"created":1747651796997,"remoteIdentityKey":"BQRXbOKb8T/asqHkcpU+u2ZUJjyB8FfHcuEHGogspYI0"},"_chains":{"BY/a035pLcBTfe4yhu5FDA63/5G05rYL+UR1uJF3IK4F":{"chainKey":{"counter":0,"key":"nn6bsLrs3Cv5xDUN1gjEm9F8ItG5jOTvu3fESgNwtO0="},"chainType":1,"messageKeys":{}}},"pendingPreKey":{"signedKeyId":0,"baseKey":"BePxlOKAR0aMR/OHUy5NoM2XZy+R+Jx7DuvFtrhLr29P"}},"BaIkZ3KeqGC1U2VO28mDo9H7z3cxXUedcqgVTO1D64pK":{"registrationId":1952462473,"currentRatchet":{"ephemeralKeyPair":{"pubKey":"Bf95/8lAx7jI6hNMM82/Lu7JAQhi3BzIanJz4O4KsAdV","privKey":"6G6GQNl2cFzLOOHrjELYSCV0sX8M4IGrbHpCaHVU9Vc="},"lastRemoteEphemeralKey":"BYOs9J628+oKpFFmCO5B0z2DPEt5kJCgsfdOYF+Z3hlj","previousCounter":0,"rootKey":"cV4lNCqOCRfQRygBTm1NpjOQFoDwCGoacDUCP0oVyfk="},"indexInfo":{"baseKey":"BaIkZ3KeqGC1U2VO28mDo9H7z3cxXUedcqgVTO1D64pK","baseKeyType":1,"closed":1747651797717,"used":1747651797363,"created":1747651797363,"remoteIdentityKey":"BQRXbOKb8T/asqHkcpU+u2ZUJjyB8FfHcuEHGogspYI0"},"_chains":{"Bf95/8lAx7jI6hNMM82/Lu7JAQhi3BzIanJz4O4KsAdV":{"chainKey":{"counter":0,"key":"ZbdXjow79CP2fY6RnAjSFWxZclRpT5m0MAp1OpQwUv8="},"chainType":1,"messageKeys":{}}},"pendingPreKey":{"signedKeyId":0,"baseKey":"BaIkZ3KeqGC1U2VO28mDo9H7z3cxXUedcqgVTO1D64pK"}},"BSWGPJrFPeAVlVPQxQcz0+R71OEtwuZ/HyqkjGxIj0wK":{"registrationId":1952462473,"currentRatchet":{"ephemeralKeyPair":{"pubKey":"BS16UGHRvNbZeR/CX6M4YCTTWNQh9hIK9pBu2YMPtX09","privKey":"GI3ejF7EZkPnRflngMp7WVGAVFZ2v2XX8cvClUlqOnY="},"lastRemoteEphemeralKey":"BYOs9J628+oKpFFmCO5B0z2DPEt5kJCgsfdOYF+Z3hlj","previousCounter":0,"rootKey":"vBMmQtYebpw1iOzbLI6cTlWXOSXjLhJ8ST+vEcSS/eY="},"indexInfo":{"baseKey":"BSWGPJrFPeAVlVPQxQcz0+R71OEtwuZ/HyqkjGxIj0wK","baseKeyType":1,"closed":1747651798146,"used":1747651797715,"created":1747651797715,"remoteIdentityKey":"BQRXbOKb8T/asqHkcpU+u2ZUJjyB8FfHcuEHGogspYI0"},"_chains":{"BS16UGHRvNbZeR/CX6M4YCTTWNQh9hIK9pBu2YMPtX09":{"chainKey":{"counter":0,"key":"WqK4Xx2NmzXFii6PbcAS7ZUOFjQJRTymPSYCUlN8ybw="},"chainType":1,"messageKeys":{}}},"pendingPreKey":{"signedKeyId":0,"baseKey":"BSWGPJrFPeAVlVPQxQcz0+R71OEtwuZ/HyqkjGxIj0wK"}},"BUzTdTUWI+BeZkSuzoW5wQ3tu4il5PJMbazgzS0CAfNT":{"registrationId":1952462473,"currentRatchet":{"ephemeralKeyPair":{"pubKey":"BW0eWlZxyeYfQEeApQwLMBeAUM0bU7Ox3iCe7zGiguVy","privKey":"qHMRQE6+6UZUSNQsQtZl9Qn3JORJO+zlHJrs1jGxAkE="},"lastRemoteEphemeralKey":"BYOs9J628+oKpFFmCO5B0z2DPEt5kJCgsfdOYF+Z3hlj","previousCounter":0,"rootKey":"S07AnlFJRu9V9/KWrfT9SnS3WfDlNPCVHmG3WXQkZy0="},"indexInfo":{"baseKey":"BUzTdTUWI+BeZkSuzoW5wQ3tu4il5PJMbazgzS0CAfNT","baseKeyType":1,"closed":1747651798495,"used":1747651798142,"created":1747651798142,"remoteIdentityKey":"BQRXbOKb8T/asqHkcpU+u2ZUJjyB8FfHcuEHGogspYI0"},"_chains":{"BW0eWlZxyeYfQEeApQwLMBeAUM0bU7Ox3iCe7zGiguVy":{"chainKey":{"counter":0,"key":"/hKHhAZsqJ9dwUcnrcG9ebZu42z8o1G9H31fbh2EbNw="},"chainType":1,"messageKeys":{}}},"pendingPreKey":{"signedKeyId":0,"baseKey":"BUzTdTUWI+BeZkSuzoW5wQ3tu4il5PJMbazgzS0CAfNT"}},"BegzoSNBlqH4AyB+dNuPsjNSdYZ429mnZK8wPKhgF90e":{"registrationId":1952462473,"currentRatchet":{"ephemeralKeyPair":{"pubKey":"BcxKGoXDTH9hX09D7UEmHZWWNXojcuMpXlXn53o5fdp5","privKey":"qMWkQXisI61mFUwg7I3Cm+lSqze8wOaerbj5mkTFT30="},"lastRemoteEphemeralKey":"BYOs9J628+oKpFFmCO5B0z2DPEt5kJCgsfdOYF+Z3hlj","previousCounter":0,"rootKey":"vnSoI0/NBhkFhgfuexz/u4iEJrWsqzMao/CFp689ePI="},"indexInfo":{"baseKey":"BegzoSNBlqH4AyB+dNuPsjNSdYZ429mnZK8wPKhgF90e","baseKeyType":1,"closed":1747651798841,"used":1747651798494,"created":1747651798494,"remoteIdentityKey":"BQRXbOKb8T/asqHkcpU+u2ZUJjyB8FfHcuEHGogspYI0"},"_chains":{"BcxKGoXDTH9hX09D7UEmHZWWNXojcuMpXlXn53o5fdp5":{"chainKey":{"counter":0,"key":"bcQv+g89Brc9CkUbSL8M+/1kATXIKyXkP5j6yxP280U="},"chainType":1,"messageKeys":{}}},"pendingPreKey":{"signedKeyId":0,"baseKey":"BegzoSNBlqH4AyB+dNuPsjNSdYZ429mnZK8wPKhgF90e"}},"BYW51RCCurfCqtGU5SLdyB8NsdPSpUtE100uLA+yQZhv":{"registrationId":1952462473,"currentRatchet":{"ephemeralKeyPair":{"pubKey":"BXgwb0e4LimHe5CHk8ff/AGjvmzOx49phqnMhfxA5RBi","privKey":"ID8X5uBiVYQwXCkMk7o2FvnsAeZ+wHwHVNCQYTB5W2M="},"lastRemoteEphemeralKey":"BYOs9J628+oKpFFmCO5B0z2DPEt5kJCgsfdOYF+Z3hlj","previousCounter":0,"rootKey":"+O02QPIYKD3hKzPvnnOHEBqoFhcq7mIbI0yewTEm2p4="},"indexInfo":{"baseKey":"BYW51RCCurfCqtGU5SLdyB8NsdPSpUtE100uLA+yQZhv","baseKeyType":1,"closed":1747651799563,"used":1747651798840,"created":1747651798840,"remoteIdentityKey":"BQRXbOKb8T/asqHkcpU+u2ZUJjyB8FfHcuEHGogspYI0"},"_chains":{"BXgwb0e4LimHe5CHk8ff/AGjvmzOx49phqnMhfxA5RBi":{"chainKey":{"counter":0,"key":"dT0mA4t79hkSY/PcTqdrC/VkyffRRWQ4VadzMcPMBto="},"chainType":1,"messageKeys":{}}},"pendingPreKey":{"signedKeyId":0,"baseKey":"BYW51RCCurfCqtGU5SLdyB8NsdPSpUtE100uLA+yQZhv"}},"BVdD29VKg09eiCbRfMNDD6wd3wqMYvue2Jk12qxLPekJ":{"registrationId":1952462473,"currentRatchet":{"ephemeralKeyPair":{"pubKey":"BdQnLgkZAG1XkOtYfZHfgiVkiWPgkveRgETGijnUI04P","privKey":"gEa9GcPOxFzU4NxUH53s4TX6T48uw3HkrNSce7d+vUc="},"lastRemoteEphemeralKey":"BYOs9J628+oKpFFmCO5B0z2DPEt5kJCgsfdOYF+Z3hlj","previousCounter":0,"rootKey":"u3cSNwTpVoAmannDtferreZrpLM17XZPdnTrU/JwWwM="},"indexInfo":{"baseKey":"BVdD29VKg09eiCbRfMNDD6wd3wqMYvue2Jk12qxLPekJ","baseKeyType":1,"closed":1747651799910,"used":1747651799561,"created":1747651799561,"remoteIdentityKey":"BQRXbOKb8T/asqHkcpU+u2ZUJjyB8FfHcuEHGogspYI0"},"_chains":{"BdQnLgkZAG1XkOtYfZHfgiVkiWPgkveRgETGijnUI04P":{"chainKey":{"counter":0,"key":"00OKFA6ZoHVvk2Hfiac/49TUldYu7eeQOCmoCCMtctw="},"chainType":1,"messageKeys":{}}},"pendingPreKey":{"signedKeyId":0,"baseKey":"BVdD29VKg09eiCbRfMNDD6wd3wqMYvue2Jk12qxLPekJ"}},"BVdXDfIpWO/pB0Tfrk/DdEEus8WzMa9rsI/Jgy2SRHUF":{"registrationId":1952462473,"currentRatchet":{"ephemeralKeyPair":{"pubKey":"BaOoXZdnA90YQwP5tN/7aRmXLYhbJc5JPpPzjBrhTvxa","privKey":"0MdmTxajNdwBPEXm37HdzimN5uq/wlTvE8J2i85rUE4="},"lastRemoteEphemeralKey":"BYOs9J628+oKpFFmCO5B0z2DPEt5kJCgsfdOYF+Z3hlj","previousCounter":0,"rootKey":"d9txAICbHENAPf3qvMi7wK2HqcVAWY0KWFMb9KWfV+0="},"indexInfo":{"baseKey":"BVdXDfIpWO/pB0Tfrk/DdEEus8WzMa9rsI/Jgy2SRHUF","baseKeyType":1,"closed":-1,"used":1747651799909,"created":1747651799909,"remoteIdentityKey":"BQRXbOKb8T/asqHkcpU+u2ZUJjyB8FfHcuEHGogspYI0"},"_chains":{"BaOoXZdnA90YQwP5tN/7aRmXLYhbJc5JPpPzjBrhTvxa":{"chainKey":{"counter":0,"key":"3P5/lJL078KIbFEBF5gZVvVM4BPj+NG6nquYZocefVw="},"chainType":1,"messageKeys":{}}},"pendingPreKey":{"signedKeyId":0,"baseKey":"BVdXDfIpWO/pB0Tfrk/DdEEus8WzMa9rsI/Jgy2SRHUF"}}},"version":"v1"}