{"_sessions":{"BcAcT8oIm2LAPqXCle0h4DDfxhjtix91DRJUWyv7RhAC":{"registrationId":10,"currentRatchet":{"ephemeralKeyPair":{"pubKey":"BVHOXUqmERw5CgdFpJYbl5WRXb0Oq5Qe3gy8zv4QhtlB","privKey":"4PgJy7VuJA1EPD5zOPUuDX0Etsgp7wnPK2IlpJM1JUo="},"lastRemoteEphemeralKey":"BQz/sKTviFNzF0XbEGkx85FY2uc1JYV2rmfhkgORp2tW","previousCounter":0,"rootKey":"jlGXpAUQhTXFC9eqYaDAfLC8Q1KrzaS2U9TedrVUdW4="},"indexInfo":{"baseKey":"BcAcT8oIm2LAPqXCle0h4DDfxhjtix91DRJUWyv7RhAC","baseKeyType":1,"closed":-1,"used":1747656775857,"created":1747656190429,"remoteIdentityKey":"BbzzS3Nwas0AKGMwmlPmV5+V7wUu6tdIgjFAbWtGCfZ+"},"_chains":{"BQz/sKTviFNzF0XbEGkx85FY2uc1JYV2rmfhkgORp2tW":{"chainKey":{"counter":0,"key":"WtzS5Mql9q8VsEuNKr812e0iZz+2bnwdkezGa6Dx73Q="},"chainType":2,"messageKeys":{}},"BVHOXUqmERw5CgdFpJYbl5WRXb0Oq5Qe3gy8zv4QhtlB":{"chainKey":{"counter":2,"key":"3WxVGOlsCFewwNo2upFTSAr97gfZAwZAwmjqj78TAV8="},"chainType":1,"messageKeys":{}}}}},"version":"v1"}