{"_sessions":{"BYTl/aiGWALFZEP95KWDw59vJUEAjtukBePWQRtYQ/4c":{"registrationId":175519169,"currentRatchet":{"ephemeralKeyPair":{"pubKey":"BQMEjbImnr0NupwdZT2KqXYPEBdsYx85maK9KkIWOzFa","privKey":"GFnm4dHomFk/vtETdXSCA/8WBZPKXnNMtJud18dj1X0="},"lastRemoteEphemeralKey":"BWZ1DpYYnIYq71mMQkkac5uluWosVhfRwxGFUXJePgU+","previousCounter":14,"rootKey":"InFG9QYif0CYZzqJ+9O2biwTpgFEuxB7AkSWBoSA9iw="},"indexInfo":{"baseKey":"BYTl/aiGWALFZEP95KWDw59vJUEAjtukBePWQRtYQ/4c","baseKeyType":1,"closed":-1,"used":1747656185548,"created":1747637754004,"remoteIdentityKey":"BfWREJg/eqSzN3OsqwDUfdnvOdjaq7dIGJtoXOy4LctY"},"_chains":{"Bcs2KfMkAIDCW5PZ7Yszt0B5+PkW4v3N3op6Cdzr0tYv":{"chainKey":{"counter":0},"chainType":2,"messageKeys":{}},"BWZ1DpYYnIYq71mMQkkac5uluWosVhfRwxGFUXJePgU+":{"chainKey":{"counter":1,"key":"XhCc8h6EwRF05LQaGxGFrVgXICrzXJmQUEShXtO6pW8="},"chainType":2,"messageKeys":{}},"BQMEjbImnr0NupwdZT2KqXYPEBdsYx85maK9KkIWOzFa":{"chainKey":{"counter":2,"key":"vNiSjDzjZ9VYmsUbAT8RDuSukPEs2OAxmYsQfNX09Cg="},"chainType":1,"messageKeys":{}}}}},"version":"v1"}