{"_sessions":{"BesA67cdTnqeHV1loiQUXbgOMkhfp2XvofuAz2US7You":{"registrationId":1443732204,"currentRatchet":{"ephemeralKeyPair":{"pubKey":"BeLIV+1A+4rA9hTl1ecveFcn+1rF5wzXHf/5jjfdehQ3","privKey":"ONQUJCKKkmFIBPnlIW6XqJy/qcYrlARtWfYForrbIUU="},"lastRemoteEphemeralKey":"BfuAHJKFdcM/0bpQY2Tpftii8rCj9fRyIsCq6GGyfoIW","previousCounter":0,"rootKey":"MWq1J8t5I7BWSD2pPmRT3uIINy1Ma7dDU2DZHZTzUJs="},"indexInfo":{"baseKey":"BesA67cdTnqeHV1loiQUXbgOMkhfp2XvofuAz2US7You","baseKeyType":1,"closed":-1,"used":1747231422779,"created":1747231422779,"remoteIdentityKey":"BZdIhhYJ+maKtPyFljiKSWPea5G7p0w94QyjAAAX9jEE"},"_chains":{"BeLIV+1A+4rA9hTl1ecveFcn+1rF5wzXHf/5jjfdehQ3":{"chainKey":{"counter":89,"key":"LhTi9fUW92JUUt2MjPguktf6V3/cIjidz9bAVR+yWlQ="},"chainType":1,"messageKeys":{}}},"pendingPreKey":{"signedKeyId":1,"baseKey":"BesA67cdTnqeHV1loiQUXbgOMkhfp2XvofuAz2US7You"}}},"version":"v1"}