{"_sessions":{"BZlTV5sByVvzVL6ibqAlajEUSIwsZmAkBjj/TdY7G8Zu":{"registrationId":102,"currentRatchet":{"ephemeralKeyPair":{"pubKey":"BWqRd5/JC10G80cxNtvbTWbl4OkeVVErhrSpHyvx3AAl","privKey":"EGm1NwfeSoHgQZBXp/rkuSJEqdxKn3qUgZCl/8wlKF8="},"lastRemoteEphemeralKey":"BZEinurDh86HQWU9N0T72mwAGRL1ixcBZ/kztfGtHzl6","previousCounter":0,"rootKey":"AkZgUcEDGgnX8sjraf0YdgwYOaq9l0r3Ru8Tc/r2SZg="},"indexInfo":{"baseKey":"BZlTV5sByVvzVL6ibqAlajEUSIwsZmAkBjj/TdY7G8Zu","baseKeyType":1,"closed":-1,"used":1747609481399,"created":1747609481399,"remoteIdentityKey":"BXi+p1CETqzh/d/wOVkFYCUJhor4fd5q65AudPI07NBl"},"_chains":{"BWqRd5/JC10G80cxNtvbTWbl4OkeVVErhrSpHyvx3AAl":{"chainKey":{"counter":51,"key":"RL7y4OMzzUYH/CdhdkL1nbSvsei6kmMo0/Dw2vb3LFk="},"chainType":1,"messageKeys":{}}},"pendingPreKey":{"signedKeyId":1,"baseKey":"BZlTV5sByVvzVL6ibqAlajEUSIwsZmAkBjj/TdY7G8Zu","preKeyId":57}}},"version":"v1"}