{"_sessions":{"BRJ33izwBMFehgFcyM4WSbVu0Em2BDY3Oc/PGSdoN5NT":{"registrationId":1335556811,"currentRatchet":{"ephemeralKeyPair":{"pubKey":"Beb2lhr2J+1hcx0pVnDhzWlEXchaifP+T21q/x0/i79G","privKey":"eNW3T2lcsgM8bnn8GDatNLEjL9xxkukmBisvad5OdGg="},"lastRemoteEphemeralKey":"BTCxnkl2EvkJmhNjcuf1G7kWYe+UByQrsIrw6eFeXwRZ","previousCounter":0,"rootKey":"J5hblcc88Nn+zD3vzqQaWJhVnmS1FTKsVSOmZ0nWxPo="},"indexInfo":{"baseKey":"BRJ33izwBMFehgFcyM4WSbVu0Em2BDY3Oc/PGSdoN5NT","baseKeyType":1,"closed":-1,"used":1747298947936,"created":1747298947936,"remoteIdentityKey":"BQVkmUCst+sqyh2bUrBoim5m93iN1bz9hwabJKlk8BMX"},"_chains":{"Beb2lhr2J+1hcx0pVnDhzWlEXchaifP+T21q/x0/i79G":{"chainKey":{"counter":0,"key":"I6iftpgtNJScqgI9aMxXqTJ1wMSZfUlkx9tU5xi5mYM="},"chainType":1,"messageKeys":{}}},"pendingPreKey":{"signedKeyId":1,"baseKey":"BRJ33izwBMFehgFcyM4WSbVu0Em2BDY3Oc/PGSdoN5NT","preKeyId":801}}},"version":"v1"}