{"_sessions":{"BYIQbV9ssphAtGGFPgI5yivjCLgMj5ZDxO3TGq4Bj9xd":{"registrationId":795056635,"currentRatchet":{"ephemeralKeyPair":{"pubKey":"BangFtj+DyAmnWz5u/ZbzhHvIQ1G3uePhi3LreGheFt/","privKey":"2G7SvXed1Q81jNY/OItvfVBnvH54O842qMnh98Aqp24="},"lastRemoteEphemeralKey":"BWgx/YioD/nYEkNTLvbHIkWK+EWyGm4yTgybg6+AD91W","previousCounter":0,"rootKey":"+0LC9WC32NrRKXvvApVMsq3jrBhME6NJCcZZZNUPpkA="},"indexInfo":{"baseKey":"BYIQbV9ssphAtGGFPgI5yivjCLgMj5ZDxO3TGq4Bj9xd","baseKeyType":1,"closed":1747280726187,"used":1747269473473,"created":1747269473473,"remoteIdentityKey":"BX8UqiErXewLp+zTJKZAnfgwUFEQysAf9/b5DA+OKnMi"},"_chains":{"BangFtj+DyAmnWz5u/ZbzhHvIQ1G3uePhi3LreGheFt/":{"chainKey":{"counter":3,"key":"jTojhJjLcs0jfYPRHZqmzqbZYVRpUF7CzGET2gkXoK8="},"chainType":1,"messageKeys":{}}},"pendingPreKey":{"signedKeyId":6,"baseKey":"BYIQbV9ssphAtGGFPgI5yivjCLgMj5ZDxO3TGq4Bj9xd","preKeyId":3628494}},"BcQsPAuaaUoQp+mXriCJEVKzBGLyddxv+vLZ4FjjOlkI":{"registrationId":795056635,"currentRatchet":{"ephemeralKeyPair":{"pubKey":"BUP8SWAND1lLYatpCjuTTvDMbxZuXy0pCVjTh0yoj68Z","privKey":"mDULMbS3seyaGbreaetUwtG8VE/BZDRswOVj9/WtS2g="},"lastRemoteEphemeralKey":"BWpBdDhw2vviarsJezYpBSPY3Acaco2MvgmrqfsfO1wo","previousCounter":0,"rootKey":"K0zO0rTF2/R3N8P+h1yUAfC3+FDoiJoiwTnCJr2ssFI="},"indexInfo":{"baseKey":"BcQsPAuaaUoQp+mXriCJEVKzBGLyddxv+vLZ4FjjOlkI","baseKeyType":2,"closed":1747280728108,"used":1747280726196,"created":1747280726196,"remoteIdentityKey":"BX8UqiErXewLp+zTJKZAnfgwUFEQysAf9/b5DA+OKnMi"},"_chains":{"BWpBdDhw2vviarsJezYpBSPY3Acaco2MvgmrqfsfO1wo":{"chainKey":{"counter":0,"key":"NA4YvduPBEWaPmiNPHQtO/nXYWLs00gZYZX73pWJK6o="},"chainType":2,"messageKeys":{}},"BUP8SWAND1lLYatpCjuTTvDMbxZuXy0pCVjTh0yoj68Z":{"chainKey":{"counter":-1,"key":"Z89J6ofjU+cvIUdn5ehT3jwtPzHDJYWG9f+3lD/ywEE="},"chainType":1,"messageKeys":{}}}},"BSk96vfPXWcrKszBraZ9fct4j+4RIdt0Lsb0+PQpUtkM":{"registrationId":795056635,"currentRatchet":{"ephemeralKeyPair":{"pubKey":"BdYVjpXAhnzmSh80MJvz2LykkW+7q49PAmPtqKQxAr8y","privKey":"oFCFSzQUDf6oThZcwWZC20kA+sRqa7Y697sLTLh59Vo="},"lastRemoteEphemeralKey":"BWgx/YioD/nYEkNTLvbHIkWK+EWyGm4yTgybg6+AD91W","previousCounter":0,"rootKey":"GENPS6sfWGXTd71pBrv2Y2fwT26UIh+9eAf6k8iNjm4="},"indexInfo":{"baseKey":"BSk96vfPXWcrKszBraZ9fct4j+4RIdt0Lsb0+PQpUtkM","baseKeyType":1,"closed":1747280729690,"used":1747280728102,"created":1747280728102,"remoteIdentityKey":"BX8UqiErXewLp+zTJKZAnfgwUFEQysAf9/b5DA+OKnMi"},"_chains":{"BdYVjpXAhnzmSh80MJvz2LykkW+7q49PAmPtqKQxAr8y":{"chainKey":{"counter":1,"key":"pxnQBwRdHXagaNM7Z6X3plaSOu8ICGbhaNv5iTPLs6E="},"chainType":1,"messageKeys":{}}},"pendingPreKey":{"signedKeyId":6,"baseKey":"BSk96vfPXWcrKszBraZ9fct4j+4RIdt0Lsb0+PQpUtkM","preKeyId":3628200}},"Be8zOW/HftZP0yVPVDGllNwthyw3F+JbiDNf7fmkoSpq":{"registrationId":795056635,"currentRatchet":{"ephemeralKeyPair":{"pubKey":"BYDn81RNn5aWk13vIisytUzazDI6o5XiIsQOoGY24vMS","privKey":"yHK9PjO3dczcgJ12RRltNVk3LNQsITSLihPwrdpwwUA="},"lastRemoteEphemeralKey":"BWgx/YioD/nYEkNTLvbHIkWK+EWyGm4yTgybg6+AD91W","previousCounter":0,"rootKey":"fr4l+Aff1cW4eVmpP6C2gEcWc5Op2g9/if4atk3fKX0="},"indexInfo":{"baseKey":"Be8zOW/HftZP0yVPVDGllNwthyw3F+JbiDNf7fmkoSpq","baseKeyType":1,"closed":-1,"used":1747280729686,"created":1747280729686,"remoteIdentityKey":"BX8UqiErXewLp+zTJKZAnfgwUFEQysAf9/b5DA+OKnMi"},"_chains":{"BYDn81RNn5aWk13vIisytUzazDI6o5XiIsQOoGY24vMS":{"chainKey":{"counter":2,"key":"EIoU/rAKaMD+kyDfEYUMc3+B1CltZvunBlhX24XB/DA="},"chainType":1,"messageKeys":{}}},"pendingPreKey":{"signedKeyId":6,"baseKey":"Be8zOW/HftZP0yVPVDGllNwthyw3F+JbiDNf7fmkoSpq","preKeyId":3628408}}},"version":"v1"}