{"_sessions":{"BesVYBfxkoW4o5KRZiThiHh9c9hZ/1h53XIgVLke7eJ7":{"registrationId":2358,"currentRatchet":{"ephemeralKeyPair":{"pubKey":"BQy+vX+skt3S+8cuuVNNMru1Wa2ulkqT5zrFnDyiV4AM","privKey":"6BBIj27UeGhv3pdO8gW/2tFxu7rnT3tKQEd1JjtPGk4="},"lastRemoteEphemeralKey":"Bde+3XC1UHJ1P5iXcsclupBZUP0pGTWckpaDOqZrN3Uc","previousCounter":0,"rootKey":"Rz0JWi3V6swzxR4j5YnSjPgbeTchQ6vg9Bbb6flhG5Y="},"indexInfo":{"baseKey":"BesVYBfxkoW4o5KRZiThiHh9c9hZ/1h53XIgVLke7eJ7","baseKeyType":1,"closed":-1,"used":1747547727985,"created":1747547727985,"remoteIdentityKey":"BYk9blSIfsVygdbhqe3ZxiVJDa6un4qujXffjQ5ljftP"},"_chains":{"BQy+vX+skt3S+8cuuVNNMru1Wa2ulkqT5zrFnDyiV4AM":{"chainKey":{"counter":73,"key":"dGJNJ6YNtQQ6sWJ3qDT1k9ExOCR8Gt1JMlsVchbgn9U="},"chainType":1,"messageKeys":{}}},"pendingPreKey":{"signedKeyId":1,"baseKey":"BesVYBfxkoW4o5KRZiThiHh9c9hZ/1h53XIgVLke7eJ7","preKeyId":807}}},"version":"v1"}