{"_sessions":{"BRet2VCtHtUfwjc81ISkBurgcDY0DzbUqUDq1LwBOt5D":{"registrationId":154,"currentRatchet":{"ephemeralKeyPair":{"pubKey":"BUi49nX96HWp6tMjroxrhTw8KA0dgtk/ufKb6Mhrhy9e","privKey":"gA+IP0NzkI2Wvuz5pt9zoQ0zvTy8DUz7T+PxaWNaKF0="},"lastRemoteEphemeralKey":"BfB1Xca6b/cUm0noTKNJ+B3VabZebJnJOpaWeOrIwAJk","previousCounter":0,"rootKey":"cPJY9vnGZ9Kli/bHBoAsz8z/tnFHzwwzPD6JRE6yWeA="},"indexInfo":{"baseKey":"BRet2VCtHtUfwjc81ISkBurgcDY0DzbUqUDq1LwBOt5D","baseKeyType":1,"closed":-1,"used":1747231421793,"created":1747231421793,"remoteIdentityKey":"BUm/gGfpmYBZGclCNKOq/qYEZjeMYzGRYWsEDN6W3Kci"},"_chains":{"BUi49nX96HWp6tMjroxrhTw8KA0dgtk/ufKb6Mhrhy9e":{"chainKey":{"counter":1646,"key":"AmqE2k2fE+rhVboKC0WVL998RH08A/z5VFE6HKuguAo="},"chainType":1,"messageKeys":{}}},"pendingPreKey":{"signedKeyId":1,"baseKey":"BRet2VCtHtUfwjc81ISkBurgcDY0DzbUqUDq1LwBOt5D","preKeyId":121}}},"version":"v1"}