{"_sessions":{"BVu9VnugwzUqPJS2aFqXlY8zo0Ug1Qf9NbQt3QjcCj99":{"registrationId":478696012,"currentRatchet":{"ephemeralKeyPair":{"pubKey":"BYFHuOvZksJSwlQAP7zY54BcU4+I+pQ/cMdwFmr1iRcP","privKey":"0PTq1FiwUOPv1bNha2LC8loKcXYF0lksBRMYLAEkr3Q="},"lastRemoteEphemeralKey":"BRmRmQaXJKOSjfLg4HDOBe+czIpFjFb8pzU5Un3MhM5R","previousCounter":0,"rootKey":"hawKgBeWExgDf43kvIEFh3Bqb0GklxNEbX+LwukFc1w="},"indexInfo":{"baseKey":"BVu9VnugwzUqPJS2aFqXlY8zo0Ug1Qf9NbQt3QjcCj99","baseKeyType":1,"closed":-1,"used":1747269915133,"created":1747269915133,"remoteIdentityKey":"BTU4lbcC2wqWjIfgIi4rbeDlbbPlVtvla3sVxh1AFN8L"},"_chains":{"BYFHuOvZksJSwlQAP7zY54BcU4+I+pQ/cMdwFmr1iRcP":{"chainKey":{"counter":0,"key":"7Qp05AZcw4QKMJhIMXIMy+a80utP8z7RIyWX0l9Cv9U="},"chainType":1,"messageKeys":{}}},"pendingPreKey":{"signedKeyId":13,"baseKey":"BVu9VnugwzUqPJS2aFqXlY8zo0Ug1Qf9NbQt3QjcCj99","preKeyId":10952845}}},"version":"v1"}