{"_sessions":{"BSZ7K/kwetprryM2TJiijI5xcasO0DyJl23bGyrGhcRB":{"registrationId":1670984292,"currentRatchet":{"ephemeralKeyPair":{"pubKey":"BSTJQD01LHQcsh77HXtCr2QbfWGLG6eHoPFcriImj1B/","privKey":"6NEsdIGiEZRW5UJVG9/8dmHHSHDWwSsFhH3oh1eEmHI="},"lastRemoteEphemeralKey":"BfVZU2j6RxW9wplDHwYd6qQPNd8RnfMPz22+WyTlrClg","previousCounter":0,"rootKey":"l/oE7OtyDTX/uTeC7ai1cZ29r84k++4au7b2jD1T4QM="},"indexInfo":{"baseKey":"BSZ7K/kwetprryM2TJiijI5xcasO0DyJl23bGyrGhcRB","baseKeyType":1,"closed":-1,"used":1747231422370,"created":1747231422370,"remoteIdentityKey":"Bf+FhcPtMXHBHP+YLYiOvKworIdH7PidvOY/PC/+vSBt"},"_chains":{"BSTJQD01LHQcsh77HXtCr2QbfWGLG6eHoPFcriImj1B/":{"chainKey":{"counter":89,"key":"+wKy/4LfeRwJkI0GWeNPYE9yiSTf4owy3JN8VVXvzUU="},"chainType":1,"messageKeys":{}}},"pendingPreKey":{"signedKeyId":1,"baseKey":"BSZ7K/kwetprryM2TJiijI5xcasO0DyJl23bGyrGhcRB","preKeyId":3867032}}},"version":"v1"}