{"_sessions":{"BSLp56co0xDEh545UBxU7Ntf+Y3hsbBRBT9UGLtOF/43":{"registrationId":4860,"currentRatchet":{"ephemeralKeyPair":{"pubKey":"BS7TJjAHHSj2b6ugWbfBRfP0gED7AhEjPEJ+jWGrOkto","privKey":"SLJuCPLPvLwc/xI3DEbPtru2p6Ho/URh272PyjKqOUk="},"lastRemoteEphemeralKey":"Bal8TaI/3Lj8mMsxr3ZcVC6IwPl6TWWc4KfNI38dSyNI","previousCounter":0,"rootKey":"POHaTmzeTseipbcyEzrQooF6bxnDySrt0LsKgWQsZ58="},"indexInfo":{"baseKey":"BSLp56co0xDEh545UBxU7Ntf+Y3hsbBRBT9UGLtOF/43","baseKeyType":1,"closed":-1,"used":1747231421738,"created":1747231421738,"remoteIdentityKey":"BZlLjMwEtu1ZJvgqZhq4FHEML6oyYLoan4E3FBw3vBdF"},"_chains":{"BS7TJjAHHSj2b6ugWbfBRfP0gED7AhEjPEJ+jWGrOkto":{"chainKey":{"counter":89,"key":"0H5FGyJgX2USj07t7riaBWV8UK3GOkigdx+5vrtjQsc="},"chainType":1,"messageKeys":{}}},"pendingPreKey":{"signedKeyId":2,"baseKey":"BSLp56co0xDEh545UBxU7Ntf+Y3hsbBRBT9UGLtOF/43","preKeyId":1444}}},"version":"v1"}