{"_sessions":{"BT/0zTce9iH5grYIF6eDsPx1OGJCU1zCKtrBVjMrvywF":{"registrationId":1825088989,"currentRatchet":{"ephemeralKeyPair":{"pubKey":"BRc5L8ninseI0s17qrKdR4GJsBHzpdzxzqlQRrk/bJsK","privKey":"+IQOfxFjN390tf86LGi8QVWD4feReAKaxeA3hM7jpk8="},"lastRemoteEphemeralKey":"BXzfoVAIsmGjtaIuKQu4AQiWTBPrgvoaGkEDzfk5zsl8","previousCounter":0,"rootKey":"PAh245cOu3baWxI+3x54nJhWxqFid+i552o2zuu9qFs="},"indexInfo":{"baseKey":"BT/0zTce9iH5grYIF6eDsPx1OGJCU1zCKtrBVjMrvywF","baseKeyType":1,"closed":-1,"used":1747231422736,"created":1747231422736,"remoteIdentityKey":"BaOBCJmLVwDUqo1d7rWT7RACicp1QIH4oWm8FSIbLXBb"},"_chains":{"BRc5L8ninseI0s17qrKdR4GJsBHzpdzxzqlQRrk/bJsK":{"chainKey":{"counter":89,"key":"NwNtMAnEsJLk6DOQWk3uXKvue925EmYxmEOPKRsBeDY="},"chainType":1,"messageKeys":{}}},"pendingPreKey":{"signedKeyId":1,"baseKey":"BT/0zTce9iH5grYIF6eDsPx1OGJCU1zCKtrBVjMrvywF"}}},"version":"v1"}