{"_sessions":{"BTo+5YLtZjLXb1LpTf1n7j95zVItmpuEYpQyEy3xHXk9":{"registrationId":233275164,"currentRatchet":{"ephemeralKeyPair":{"pubKey":"BWW7btPav5KBYqlNm1q3Y9/iorPuH7A5OTl7FPxM8nIX","privKey":"2OXxJUqUXNLZpMCoLRqUQJD3DpGrHHYIJ3If5Tp3TWU="},"lastRemoteEphemeralKey":"BTrmAvLZqlcr4C2w8RafVvsHhy8Uq+uDvqoOXoRPm9t3","previousCounter":0,"rootKey":"g4t13/IVK0X2UzYueWX93HAV3ft6nrp9xZfDwdkw8Bo="},"indexInfo":{"baseKey":"BTo+5YLtZjLXb1LpTf1n7j95zVItmpuEYpQyEy3xHXk9","baseKeyType":1,"closed":-1,"used":1747388046453,"created":1747231421993,"remoteIdentityKey":"BYgXq7nUP31RLpZD/o9/BVwrQbzKugacCEZd6aenEQVN"},"_chains":{"BaxBkZoq1MpK963CZKFq856Emj3D6RxmcHjU/r1YkU5L":{"chainKey":{"counter":0},"chainType":2,"messageKeys":{}},"Bfi5xFLR/LezCe+ISxRYhSQh4VN/GQlN3G0ShDtBoKhO":{"chainKey":{"counter":0},"chainType":2,"messageKeys":{}},"BTrmAvLZqlcr4C2w8RafVvsHhy8Uq+uDvqoOXoRPm9t3":{"chainKey":{"counter":1,"key":"KCaq4NRQWLFMMj83Irc69s3MkIM2k0ETnxcFlypxj5s="},"chainType":2,"messageKeys":{}},"BWW7btPav5KBYqlNm1q3Y9/iorPuH7A5OTl7FPxM8nIX":{"chainKey":{"counter":71,"key":"qwZ4vhwaw4wySyJ0291cu/RVBMyBLJwyzR/z4S8df0U="},"chainType":1,"messageKeys":{}}}}},"version":"v1"}