{"_sessions":{"BWnEjXQu3XsstTZ/uKGrLEJMtKB+eOzR+gB3sXaEds5k":{"registrationId":887914750,"currentRatchet":{"ephemeralKeyPair":{"pubKey":"BY8qWxc5UaCj9fMuYGOGpbEF9BpfZ79JcHDPxef3KdBB","privKey":"wLScEmv8+apCq2XycoTJTzbj61pNLwny4enERk7kf3U="},"lastRemoteEphemeralKey":"BXboeROJhDIds42MbHab/DFtCjdK9V92tk54qYDcSi49","previousCounter":0,"rootKey":"zyRh5sfTD/rTmfoPsyJ7EH4KYN4SJu7JC2xDFUmFVH8="},"indexInfo":{"baseKey":"BWnEjXQu3XsstTZ/uKGrLEJMtKB+eOzR+gB3sXaEds5k","baseKeyType":1,"closed":-1,"used":1747231422302,"created":1747231422302,"remoteIdentityKey":"BSkP9uHwKommS78fwCDWGZr60zVvk2Mw+Ws4pTlxUkdG"},"_chains":{"BY8qWxc5UaCj9fMuYGOGpbEF9BpfZ79JcHDPxef3KdBB":{"chainKey":{"counter":89,"key":"XXypmaPEoEhLbiP6SoqVFiWpZymweQC9eP24YlRbDcE="},"chainType":1,"messageKeys":{}}},"pendingPreKey":{"signedKeyId":1,"baseKey":"BWnEjXQu3XsstTZ/uKGrLEJMtKB+eOzR+gB3sXaEds5k"}}},"version":"v1"}