{"_sessions":{"BVR9AkZiX6Y3/x3FeNbo4rmONOqrsNj/UuOD52+708FU":{"registrationId":1891950511,"currentRatchet":{"ephemeralKeyPair":{"pubKey":"BWAPEL6BWcTCbnNe1eUoGefrEumfgkM3Jp3wFSzLHdJ8","privKey":"kMXf2oHLseUNMk9rPOwX4IPcfihKkLC+vpjIMq8cSVA="},"lastRemoteEphemeralKey":"BTTw7hsuCU4owm1iqy/hT+WszWUsP2gH9KIznrsfhGY6","previousCounter":0,"rootKey":"xwGH8i+fshNEcq8AEIgGm/mLM5+WF9VGfEUzJbbInLQ="},"indexInfo":{"baseKey":"BVR9AkZiX6Y3/x3FeNbo4rmONOqrsNj/UuOD52+708FU","baseKeyType":1,"closed":-1,"used":1747231422070,"created":1747231422070,"remoteIdentityKey":"BSZPeJpp4gXeI36yzTRZm7LPBHugBbmkt09fQu/SgJYm"},"_chains":{"BWAPEL6BWcTCbnNe1eUoGefrEumfgkM3Jp3wFSzLHdJ8":{"chainKey":{"counter":89,"key":"iPajG/zWtYQVJ9NH+JJyYvOIDl+UH51BLWKmD6Alf3E="},"chainType":1,"messageKeys":{}}},"pendingPreKey":{"signedKeyId":29,"baseKey":"BVR9AkZiX6Y3/x3FeNbo4rmONOqrsNj/UuOD52+708FU"}}},"version":"v1"}