{"_sessions":{"BZLpKS6a4Y7E3aZkB8ljhuoduRcpW3W4Vc8JbrfoXAc8":{"registrationId":149524815,"currentRatchet":{"ephemeralKeyPair":{"pubKey":"Be8sIvkpRzw0CUMBJXxPB5KNEuzLkGypUTgKX/cJnxMp","privKey":"WOYpkfM6nF609YE1JBFKjh2/jmDs7HJ+tseX6x1E03I="},"lastRemoteEphemeralKey":"BTZvzGKzCgH/HzDKeANWXoptRRyuKi+HvR4lR2I9S1JN","previousCounter":0,"rootKey":"1Vh/QP5WLSfSV8iDJIiOT0R1aPRJpJCjBdXjvKnDF/k="},"indexInfo":{"baseKey":"BZLpKS6a4Y7E3aZkB8ljhuoduRcpW3W4Vc8JbrfoXAc8","baseKeyType":1,"closed":-1,"used":1747269917451,"created":1747269917451,"remoteIdentityKey":"BVKGdS1DdClFKtrrC3nOSDFfL3f6i4+zi3oGIpvsITMc"},"_chains":{"Be8sIvkpRzw0CUMBJXxPB5KNEuzLkGypUTgKX/cJnxMp":{"chainKey":{"counter":3,"key":"O0wL0wiutUX4/LFjviTnQ739Y3WmpOO2yl/72ZC5cUI="},"chainType":1,"messageKeys":{}}},"pendingPreKey":{"signedKeyId":1560854,"baseKey":"BZLpKS6a4Y7E3aZkB8ljhuoduRcpW3W4Vc8JbrfoXAc8"}}},"version":"v1"}