{"_sessions":{"BTna8UIXtq07jEVwjo2LZiqRWwF2GH6nXGHKU2Lg+mFl":{"registrationId":1681684951,"currentRatchet":{"ephemeralKeyPair":{"pubKey":"BQkKj/LdOa18qmIDdV2QKEBA6LQedIIBZsfIMuRAZyg6","privKey":"oGI2Dgsoc3Sfk0/ujLwdDnlY1uhmbYt9aNGMn+9pvlk="},"lastRemoteEphemeralKey":"BdqSTDCQgIyxXQx6frgwZKkKkIkID3ikeV8Vim9DZW5l","previousCounter":0,"rootKey":"W6s5ezdDRISjiBoAXY5WwsXzPR8Pr0+6VMepIzlfKuI="},"indexInfo":{"baseKey":"BTna8UIXtq07jEVwjo2LZiqRWwF2GH6nXGHKU2Lg+mFl","baseKeyType":1,"closed":-1,"used":1747565329591,"created":1747565329591,"remoteIdentityKey":"BS6SlSCD3OzgQnkli3R/c9YCEARcr6zuEFFL+B8qJMgX"},"_chains":{"BQkKj/LdOa18qmIDdV2QKEBA6LQedIIBZsfIMuRAZyg6":{"chainKey":{"counter":60,"key":"SL9rfJ9Fgc3Qyj9C4yNezsPrdeqOO/tD9REVVN7vPKU="},"chainType":1,"messageKeys":{}}},"pendingPreKey":{"signedKeyId":32,"baseKey":"BTna8UIXtq07jEVwjo2LZiqRWwF2GH6nXGHKU2Lg+mFl","preKeyId":16644693}}},"version":"v1"}