{"_sessions":{"BfHdPdSqw1T0QWWtX8tYXlCEvlUzh5Ef+Dc86eAWT+IY":{"registrationId":442544314,"currentRatchet":{"ephemeralKeyPair":{"pubKey":"BV7kZmD8eDSdsnK6cqSvUv961dT6U/DNkCgHSLf28CV8","privKey":"MFzB06EZRsR82gHWUmG+OilCDLFtHB6sjS2XBoa/Yn8="},"lastRemoteEphemeralKey":"BUWiEr+nksyA4d5qn5IKTL1Vp/JCTL6fHYMmAjlIghtO","previousCounter":0,"rootKey":"HtloAMAnvE1ip5GNCbCGECN/28YXR1edu0jQQrccILw="},"indexInfo":{"baseKey":"BfHdPdSqw1T0QWWtX8tYXlCEvlUzh5Ef+Dc86eAWT+IY","baseKeyType":1,"closed":1747387791002,"used":1747231422080,"created":1747231422080,"remoteIdentityKey":"BXquq/rbsQvVUgfrvdGuNjM+M/WNvHdGJyXR/+tIiJtk"},"_chains":{"BV7kZmD8eDSdsnK6cqSvUv961dT6U/DNkCgHSLf28CV8":{"chainKey":{"counter":13,"key":"Js7zXIlkzO4M1YHnsRbL+ctRvfNhiqe3xUTqcM0Hz0U="},"chainType":1,"messageKeys":{}}},"pendingPreKey":{"signedKeyId":0,"baseKey":"BfHdPdSqw1T0QWWtX8tYXlCEvlUzh5Ef+Dc86eAWT+IY","preKeyId":5540361}},"BXgDjG9L+08SwfQOQ/PskKZATrCo2tfVHzyBbOEbKoZW":{"registrationId":1752670747,"currentRatchet":{"ephemeralKeyPair":{"pubKey":"BcXwbgqLJP3MZ102s2W9V6OeWEkf4H+/HHCs0QoHQJsY","privKey":"sHPNTOFP+OE2dJKDndn+UJQGxby69KA8o+XDP7ZvY0c="},"lastRemoteEphemeralKey":"BZ9OSb1AZNCxjdERuEWY55eNvXRpdxvuc93lozeOUAhT","previousCounter":0,"rootKey":"J2/I3J5SlaYo2HTuSgABba3I8eeV7P2l/Pd+dvIgACI="},"indexInfo":{"baseKey":"BXgDjG9L+08SwfQOQ/PskKZATrCo2tfVHzyBbOEbKoZW","baseKeyType":1,"closed":-1,"used":1747387790993,"created":1747387790993,"remoteIdentityKey":"BVO4ugKURAzfG9qtnwwN5QOyrBanVXPy84sE1i+YiuMI"},"_chains":{"BcXwbgqLJP3MZ102s2W9V6OeWEkf4H+/HHCs0QoHQJsY":{"chainKey":{"counter":75,"key":"Sfc9RUjLxgJ4NBK4kPyevrv0Gjum2+WHzocp99bOvuQ="},"chainType":1,"messageKeys":{}}},"pendingPreKey":{"signedKeyId":2,"baseKey":"BXgDjG9L+08SwfQOQ/PskKZATrCo2tfVHzyBbOEbKoZW","preKeyId":4868580}}},"version":"v1"}