{"_sessions":{"BX+GWkyrseMtCPUvUiMWsNlhOYV7GklSyVedObWD5FF+":{"registrationId":1355981571,"currentRatchet":{"ephemeralKeyPair":{"pubKey":"BcNxxF8u2farw3PEKPskFvXookGUqb5S/caKGkq7FX0c","privKey":"mKPu3l8rhjOr+K5VDaSIuxmFd/R5pNw5l66cieGXdWM="},"lastRemoteEphemeralKey":"BXce96H1BhBnkdsq3qXhXoYErhKNAjD4sOluty02b+tc","previousCounter":0,"rootKey":"pO7BEBgu8O4Lup14BvgYjdYR9iC8xOblDYXm5o/+qzw="},"indexInfo":{"baseKey":"BX+GWkyrseMtCPUvUiMWsNlhOYV7GklSyVedObWD5FF+","baseKeyType":1,"closed":-1,"used":1747231422223,"created":1747231422223,"remoteIdentityKey":"BdQqHlI4MYNMq9g7PU/7gt/1XXMmxiuBIUud0LMa12Bo"},"_chains":{"BcNxxF8u2farw3PEKPskFvXookGUqb5S/caKGkq7FX0c":{"chainKey":{"counter":89,"key":"l9bBtzjlHzv//VbgwLm+pJTWFVC/nIqWahHY8I0NLuU="},"chainType":1,"messageKeys":{}}},"pendingPreKey":{"signedKeyId":3,"baseKey":"BX+GWkyrseMtCPUvUiMWsNlhOYV7GklSyVedObWD5FF+","preKeyId":9859047}}},"version":"v1"}