{"_sessions":{"BTbxOCzKgV52AHx9GHgQcIOFP6rTAJXBBP7O+bWwFwVJ":{"registrationId":1166985357,"currentRatchet":{"ephemeralKeyPair":{"pubKey":"BaLuQ+9tgXcqd3YnEulSV9rHSF40eGWI2a2XTPyBpzM5","privKey":"uNks0vfnWIGIzHaE6P7E0oJ5xcu09NgLIEvjL3aCWn0="},"lastRemoteEphemeralKey":"BVERhxzTM8yv7bItOuSn/3YMi/UMysIea8Jsl9Z8TwEM","previousCounter":0,"rootKey":"ehD30E+4nDqXPB6aWbDbyaLd9Y3UFZJSEVz7VGnm1gI="},"indexInfo":{"baseKey":"BTbxOCzKgV52AHx9GHgQcIOFP6rTAJXBBP7O+bWwFwVJ","baseKeyType":1,"closed":-1,"used":1747231422569,"created":1747231422569,"remoteIdentityKey":"BYHBefxmGptV0SUKzVWby3rRxemhM768hYvKJdmoBQVd"},"_chains":{"BaLuQ+9tgXcqd3YnEulSV9rHSF40eGWI2a2XTPyBpzM5":{"chainKey":{"counter":89,"key":"QdHgWXB2kuhvkMtB1BtB8onMDCua2XaZAaM1xi+MvMg="},"chainType":1,"messageKeys":{}}},"pendingPreKey":{"signedKeyId":5,"baseKey":"BTbxOCzKgV52AHx9GHgQcIOFP6rTAJXBBP7O+bWwFwVJ","preKeyId":11155404}}},"version":"v1"}