{"_sessions":{"BVD37K74cVN0EZVGWDhGb2+30KCkuvof38qCufoowY95":{"registrationId":298228429,"currentRatchet":{"ephemeralKeyPair":{"pubKey":"BQiHa3m3bFzhBc3LeDPe8tY6Dy4ndnTWhi9tkcM15FID","privKey":"wGAgwOr2ukOXLb386Mq5+CLOlibEPZRoqohjAcpjJGQ="},"lastRemoteEphemeralKey":"BR4ZbQ/zcQ2dGi0X+uCM5Dhwr939id5XrMCH1iBnN6Mp","previousCounter":0,"rootKey":"8sd3De2y+wBhA7zB3NFk8GIqNvLNqF4naULQrpSo76Y="},"indexInfo":{"baseKey":"BVD37K74cVN0EZVGWDhGb2+30KCkuvof38qCufoowY95","baseKeyType":1,"closed":-1,"used":1747663683781,"created":1747661229837,"remoteIdentityKey":"BQ9l9qL31HeC+QRjNS4pREtHgR1n4aGvbUmcc9BKGKJP"},"_chains":{"BR4ZbQ/zcQ2dGi0X+uCM5Dhwr939id5XrMCH1iBnN6Mp":{"chainKey":{"counter":0,"key":"SIkrL26GxR52kd3DTkLfmARDX2/PPTgiMfy1mbA4BhM="},"chainType":2,"messageKeys":{}},"BQiHa3m3bFzhBc3LeDPe8tY6Dy4ndnTWhi9tkcM15FID":{"chainKey":{"counter":1,"key":"be9QgTkAZC7aLqod88lvK16XLgPfHg7PvYsnRz3mZU0="},"chainType":1,"messageKeys":{}}}}},"version":"v1"}