{"_sessions":{"BceZUfeuVrjSNCJWF7yEuyS7jLM5ZiXnUJN7zZtLWddW":{"registrationId":333818909,"currentRatchet":{"ephemeralKeyPair":{"pubKey":"BQhLUJld6WfHR+6mN7IV7dpf5flAW/XOSip8+ZnsUr07","privKey":"QHfBnDqtfMxHz4f8eClNZ1g76ShgTvLZRKLQGSFHZm4="},"lastRemoteEphemeralKey":"Bep6AEGLd534Hhkt9775DycrSukfdF3EM4w4KNF1FFZK","previousCounter":0,"rootKey":"82q574rnWv9fWrkg8DiIbUxJpWxfuEEirEJ0YnBf0/I="},"indexInfo":{"baseKey":"BceZUfeuVrjSNCJWF7yEuyS7jLM5ZiXnUJN7zZtLWddW","baseKeyType":1,"closed":-1,"used":1747231422149,"created":1747231422149,"remoteIdentityKey":"BSQlG7/F7E18lrPDXIkAVErzKJZGOHqty/vogok/44cP"},"_chains":{"BQhLUJld6WfHR+6mN7IV7dpf5flAW/XOSip8+ZnsUr07":{"chainKey":{"counter":89,"key":"PljsfIuw9ci/TG8kHDCQcckis/r0VpgsUEj2GQqYoeA="},"chainType":1,"messageKeys":{}}},"pendingPreKey":{"signedKeyId":7,"baseKey":"BceZUfeuVrjSNCJWF7yEuyS7jLM5ZiXnUJN7zZtLWddW","preKeyId":2601103}}},"version":"v1"}