{"_sessions":{"BcKCGaG0FW0kvInjpE1a6IlfHDwYp5zf4U1VVBg1tsxr":{"registrationId":100,"currentRatchet":{"ephemeralKeyPair":{"pubKey":"BQaURB4+cDIISv1K5bETvD7Q01lj+OZRECCA/2KIjyUz","privKey":"aL7mwEV5sEXWfSrwZvwqV8YGHyUZuWavnA7jhTdqN38="},"lastRemoteEphemeralKey":"Bb8bcuTyU1LVe8tikvcC5DM9fvndanalwHe4DAfndcI3","previousCounter":0,"rootKey":"DdAP3FR/DImHvHuapsTrbf81/Cf/0gI3W5Q1Cs4ij7E="},"indexInfo":{"baseKey":"BcKCGaG0FW0kvInjpE1a6IlfHDwYp5zf4U1VVBg1tsxr","baseKeyType":1,"closed":-1,"used":1747654739116,"created":1747654739116,"remoteIdentityKey":"BSqAj+G2XluqYaZFREFVW3tD2CyXd4Iw7R8pcJeidh0a"},"_chains":{"BQaURB4+cDIISv1K5bETvD7Q01lj+OZRECCA/2KIjyUz":{"chainKey":{"counter":0,"key":"ntjP95losJwXdTCsJ29YqZzhAB0I8lxYp386CtmeBv8="},"chainType":1,"messageKeys":{}}},"pendingPreKey":{"signedKeyId":1,"baseKey":"BcKCGaG0FW0kvInjpE1a6IlfHDwYp5zf4U1VVBg1tsxr","preKeyId":32}}},"version":"v1"}