{"_sessions":{"BZJR6VqPFNNhmEn0heorfYeIplEcaB3F9vEdKILnCoI+":{"registrationId":73,"currentRatchet":{"ephemeralKeyPair":{"pubKey":"BbIYpqxnFDnrLp326FDsvQEzDC6JbPeVutTtZC7OG3cu","privKey":"SFoR1IGTr6uVWd5gLfYKAPFrZAv/M98RsQNjiz2EsH4="},"lastRemoteEphemeralKey":"BakrhFzkLW2KeC47+CXeQTqNxEcTm7YMdk8MKrTSpvpU","previousCounter":0,"rootKey":"XqOoyRLWKhD8oLL3e4gum0qh9mVAQ3S7GJJq6UZyOwk="},"indexInfo":{"baseKey":"BZJR6VqPFNNhmEn0heorfYeIplEcaB3F9vEdKILnCoI+","baseKeyType":1,"closed":-1,"used":1747556943795,"created":1747556943795,"remoteIdentityKey":"BVDfbsEtkMxgaCPJNEU7PkMAsYxSeXBtOokyseCpnyZC"},"_chains":{"BbIYpqxnFDnrLp326FDsvQEzDC6JbPeVutTtZC7OG3cu":{"chainKey":{"counter":14,"key":"SzYyAGPKd90cGMd341zq14eDay4ebg9cO6tX4JTwK6s="},"chainType":1,"messageKeys":{}}},"pendingPreKey":{"signedKeyId":1,"baseKey":"BZJR6VqPFNNhmEn0heorfYeIplEcaB3F9vEdKILnCoI+"}}},"version":"v1"}