{"_sessions":{"BcuPFAeKf7wrLlhQ/qc6TeNO6ItASXbHWs7UciyV07Il":{"registrationId":219053174,"currentRatchet":{"ephemeralKeyPair":{"pubKey":"BRpiS8sfk4AIwZ4ZRdgeLcWTPn7jLs1V0GoRwRW6hedh","privKey":"+O4BJQ0bLv25Cg9dUM2fxAZVDXAspTDPeaXio0mu81g="},"lastRemoteEphemeralKey":"BYTlcNtSMFi+nbodl3+42ZThlteBnqSNWrsXvahs+LF2","previousCounter":16,"rootKey":"a3WNjfXBNVtCgl3GRsEuiJB+xAdto50gueYagGTHdG8="},"indexInfo":{"baseKey":"BcuPFAeKf7wrLlhQ/qc6TeNO6ItASXbHWs7UciyV07Il","baseKeyType":1,"closed":-1,"used":1747446241522,"created":1747231421958,"remoteIdentityKey":"Bd0EjNVvnagyvgLM/cc5ay2POKpvTO4TaMIEBXoGLrVO"},"_chains":{"BYTlcNtSMFi+nbodl3+42ZThlteBnqSNWrsXvahs+LF2":{"chainKey":{"counter":1,"key":"FxYLTUpiQzsaOGc009ctJVvp5RMfNXeVF/oVpuVPAgo="},"chainType":2,"messageKeys":{}},"BRpiS8sfk4AIwZ4ZRdgeLcWTPn7jLs1V0GoRwRW6hedh":{"chainKey":{"counter":72,"key":"vxiovkP0MjRN9P96N/FrWJ+UXzflf2CYLrA0NfwfLf8="},"chainType":1,"messageKeys":{}}}}},"version":"v1"}