{"_sessions":{"BepqgbXCjnvhstxXa9DQiA46vpHOcr5zzHKkqL9+YglX":{"registrationId":982594395,"currentRatchet":{"ephemeralKeyPair":{"pubKey":"BZXg0oSp/S7EiSZyxds7jp2kgKJjI18h1SisDVwMLike","privKey":"KGnPSNJqHTbMuiuZMmuM6mdSUnF4hk59j/3uF+Qv1Ec="},"lastRemoteEphemeralKey":"BRTXAm1iMaJG4TO5Zhnlg1t5iNkQTpeH5NlbCrQB3LMu","previousCounter":0,"rootKey":"RwaKu/C7Bj/aTmsswCnH7euLhC0x+5J6yoPHLLy66m4="},"indexInfo":{"baseKey":"BepqgbXCjnvhstxXa9DQiA46vpHOcr5zzHKkqL9+YglX","baseKeyType":1,"closed":-1,"used":1747231422488,"created":1747231422488,"remoteIdentityKey":"BeJ56hNi4PTCgD3lHW/bozseatqia4EzZRWcBYzntMAk"},"_chains":{"BZXg0oSp/S7EiSZyxds7jp2kgKJjI18h1SisDVwMLike":{"chainKey":{"counter":89,"key":"pzrQS+D0f7Ma/fiobRSR1r5pnass83ltdqOrh8XXbwI="},"chainType":1,"messageKeys":{}}},"pendingPreKey":{"signedKeyId":3,"baseKey":"BepqgbXCjnvhstxXa9DQiA46vpHOcr5zzHKkqL9+YglX","preKeyId":10417486}}},"version":"v1"}