{"_sessions":{"BcHV+MK4a5IPrm6wIN+MLbbL7iOlUpC1DBgDiCjOY+IV":{"registrationId":1170421765,"currentRatchet":{"ephemeralKeyPair":{"pubKey":"BR740qQMKqlqBrJ+a40r0iSae0g1oWU3NYTP7W1IBl5B","privKey":"yOhzLaFJbSz6BCkwFYgHgeRFMRfqkApcxmskQLelMWM="},"lastRemoteEphemeralKey":"BefGncnTurfb4DTltPZ1O0yRu20KgYSD0UBnOHhyiS5M","previousCounter":69,"rootKey":"jjY15wCeU8V6LA0SDhjuZDyzOvlbS0B/tW04g8JZW7Y="},"indexInfo":{"baseKey":"BcHV+MK4a5IPrm6wIN+MLbbL7iOlUpC1DBgDiCjOY+IV","baseKeyType":1,"closed":-1,"used":1747653266951,"created":1747231422814,"remoteIdentityKey":"Bfh3TUOhiGBYEJxrzPfA5BSE8ZwCFMF80chxR5JlMvZi"},"_chains":{"BaFdMcBIYcifumjQiFpKQZGf/mqSUJedbo2ObOvkFJQq":{"chainKey":{"counter":2},"chainType":2,"messageKeys":{}},"BcpLvwUtctuwlFyQAK/Pg2SRpyNOM27PybSsv35ScTgS":{"chainKey":{"counter":1},"chainType":2,"messageKeys":{}},"BefGncnTurfb4DTltPZ1O0yRu20KgYSD0UBnOHhyiS5M":{"chainKey":{"counter":1,"key":"E1BN+WozPfAzE2qtxmMqmK9BX2I2Vg9dN18mzTHfUdI="},"chainType":2,"messageKeys":{}},"BR740qQMKqlqBrJ+a40r0iSae0g1oWU3NYTP7W1IBl5B":{"chainKey":{"counter":2,"key":"9aHEFjCOfgKysyZojXhmg3l3ad/aUq2c/2ZGi78QMqs="},"chainType":1,"messageKeys":{}}}}},"version":"v1"}