{"_sessions":{"BTpo3SMLQA87oepgBoS+8Se1oDwRbvIZAWm2EaS16B4C":{"registrationId":1687412514,"currentRatchet":{"ephemeralKeyPair":{"pubKey":"BX7CxpDqDS5YgBCj8V/001XhFwNWz3OmodHaNdnzvWto","privKey":"WLg0e+VKRTFZjeVFuC2/qHYMEAmJMVgfiB+2X9VSgl0="},"lastRemoteEphemeralKey":"BetJ37Kvkv2/6G+GVmQhkU1efQvzvCc+EBhfRvR4HPAw","previousCounter":0,"rootKey":"bNriLoyZFxBUtWkHD+jYmrbdHT2JXFW6B2gOxcaGIEI="},"indexInfo":{"baseKey":"BTpo3SMLQA87oepgBoS+8Se1oDwRbvIZAWm2EaS16B4C","baseKeyType":1,"closed":-1,"used":1747231422014,"created":1747231422014,"remoteIdentityKey":"BesYa2MMyJLuewKetKRs4uYUno4p5QV8FU3tHUleBx8Z"},"_chains":{"BX7CxpDqDS5YgBCj8V/001XhFwNWz3OmodHaNdnzvWto":{"chainKey":{"counter":89,"key":"CvS5oNC3cbyIp8BOpjeZZ8u7i2xla6jSh1snIcQteMc="},"chainType":1,"messageKeys":{}}},"pendingPreKey":{"signedKeyId":1,"baseKey":"BTpo3SMLQA87oepgBoS+8Se1oDwRbvIZAWm2EaS16B4C"}}},"version":"v1"}