{"_sessions":{"BbZWqvDpZTuM845lSAWk0bXupE6fCpDGgT5SgTE2S31d":{"registrationId":947208815,"currentRatchet":{"ephemeralKeyPair":{"pubKey":"BbQo+Tamympuv9oe2c4ZsRF44OsO02+0Uf7jXkGA9HB9","privKey":"CO9NzDF8X6X/I0TK1h9uaC5svcwIrsZAMNeRMYmudmI="},"lastRemoteEphemeralKey":"BRqaCGPJ6FrWhXgjJzshviOg6HFH9TeijufmRNunwFcG","previousCounter":1,"rootKey":"8j/wxk5yGI04joRomYj9IZp5uiF3O5jLeP1grToHBSY="},"indexInfo":{"baseKey":"BbZWqvDpZTuM845lSAWk0bXupE6fCpDGgT5SgTE2S31d","baseKeyType":1,"closed":-1,"used":1747652586810,"created":1747652014336,"remoteIdentityKey":"BTgdrBnRYT+JXf3/uO0zFF2Cpd4/0lFbcFnt0n5ZDtlT"},"_chains":{"BUu22YXZOUlvxtWFUuPRTTIf5Qz6GHCzNZSYhsQzo3Qq":{"chainKey":{"counter":0},"chainType":2,"messageKeys":{}},"BTQ+3n37uGBe0GnsZwIuYUTARVFeVZdxvcV0QkvjZb1y":{"chainKey":{"counter":0},"chainType":2,"messageKeys":{}},"BfK9qtS7cPH2uLeGPt50u89nHYhfMbwdXGc+e7sbui0p":{"chainKey":{"counter":0},"chainType":2,"messageKeys":{}},"BXrrSeb+hyDJTkVu96hYzxxTPxNi4JIO3+vIR40WjqAt":{"chainKey":{"counter":0},"chainType":2,"messageKeys":{}},"BQpA5G++biyq8lkt52co4s/dLfN9FRl9//tKvUkWS4ko":{"chainKey":{"counter":0},"chainType":2,"messageKeys":{}},"BRLprsFT1ApbcyNofQuoXEtjqj+JBYEexk4zeXC55zEr":{"chainKey":{"counter":2},"chainType":2,"messageKeys":{}},"BZQVl5CTJU3jj1wnS61LlvFPp9QlmF8BAP801jdnG+VD":{"chainKey":{"counter":1},"chainType":2,"messageKeys":{}},"BfA+n8+/zCl7uP8/CtCViznKYGOgrvYA1yz78p2HX8ct":{"chainKey":{"counter":2},"chainType":2,"messageKeys":{}},"BbSQj21+Ut6WhHSSLEQGXKogbdn8F01MRQ0kEgGFOxk9":{"chainKey":{"counter":1},"chainType":2,"messageKeys":{}},"BX7dA4KJh/YG1+1OHcw5LVItsfgvyBngL7dvCoCSXpZ0":{"chainKey":{"counter":1},"chainType":2,"messageKeys":{}},"BRqaCGPJ6FrWhXgjJzshviOg6HFH9TeijufmRNunwFcG":{"chainKey":{"counter":0,"key":"MramD0WFwnbulWFLMl241dQ4MPixxrWsUVdnqGbc38A="},"chainType":2,"messageKeys":{}},"BbQo+Tamympuv9oe2c4ZsRF44OsO02+0Uf7jXkGA9HB9":{"chainKey":{"counter":2,"key":"tB0b8N7dB5+jXZib2H32lS63IbHvVRJOS8L471M5LqA="},"chainType":1,"messageKeys":{}}}}},"version":"v1"}