{"_sessions":{"BSIAhg3AmEiTHrLjElS04Na9qL8oi+D/fWViP62pZgcB":{"registrationId":817914541,"currentRatchet":{"ephemeralKeyPair":{"pubKey":"BWCgAf66Lx69g2tD6goMcqZBMNxFLvpi6O78wS7sdBhK","privKey":"GJptQIbrB/+g4NaVA83fSBs1GCW6wWIEeTJyd/0NBWs="},"lastRemoteEphemeralKey":"BTp2qUT/COZo7Azt5OK8nDfPUzbsUnIKekLV4gwm8ZZM","previousCounter":0,"rootKey":"nbaoCRGBKttgujUKl4D7Z4D3ZVH9oXAb6w4fXgK3tDo="},"indexInfo":{"baseKey":"BSIAhg3AmEiTHrLjElS04Na9qL8oi+D/fWViP62pZgcB","baseKeyType":1,"closed":-1,"used":1747231422802,"created":1747231422802,"remoteIdentityKey":"BbGLTLDzs5BSh6BDwsKti0Py8u26t6pEpQAwTagDKos5"},"_chains":{"BWCgAf66Lx69g2tD6goMcqZBMNxFLvpi6O78wS7sdBhK":{"chainKey":{"counter":89,"key":"NC4UXn6dcSS1s/rb4Eongrp0UBbVVNdoEF+ziTqIow4="},"chainType":1,"messageKeys":{}}},"pendingPreKey":{"signedKeyId":4,"baseKey":"BSIAhg3AmEiTHrLjElS04Na9qL8oi+D/fWViP62pZgcB","preKeyId":15204658}}},"version":"v1"}