{"_sessions":{"BctDGp7jmKFMVlV4gZvs+WJTjkm0XzXPq9Ja4Ergd1Zv":{"registrationId":36,"currentRatchet":{"ephemeralKeyPair":{"pubKey":"Bdm+Jrh4MSAoRWJNzqwlOxjFmR38M926M8u09cF9Xlg8","privKey":"EEB1pq2OECr2QUak89CDKv+XbjOaS27E4/KiHsPW+HY="},"lastRemoteEphemeralKey":"BdcsxLljeMqIjXG2Bj6HS56uwr+QaoEeopAg8gYexftO","previousCounter":0,"rootKey":"GQZ41pT51LijmsSle0LSmPmi6XfL4GDMmByszTKAkz4="},"indexInfo":{"baseKey":"BctDGp7jmKFMVlV4gZvs+WJTjkm0XzXPq9Ja4Ergd1Zv","baseKeyType":1,"closed":-1,"used":1747231421677,"created":1747231421677,"remoteIdentityKey":"BQFIVJ0kOIahqFttd7WXtMBiFeRck5H6lWdnWl/rb/ku"},"_chains":{"Bdm+Jrh4MSAoRWJNzqwlOxjFmR38M926M8u09cF9Xlg8":{"chainKey":{"counter":16,"key":"+JdHu+4EwYwdZ2zzkUks7lxBC1yK64kn7RJqOeNcyLA="},"chainType":1,"messageKeys":{}}},"pendingPreKey":{"signedKeyId":1,"baseKey":"BctDGp7jmKFMVlV4gZvs+WJTjkm0XzXPq9Ja4Ergd1Zv"}}},"version":"v1"}