{"_sessions":{"BbmwP7JqMO6+hIAD1k41QihhHdQm78g38CpsVN6lOs42":{"registrationId":837569571,"currentRatchet":{"ephemeralKeyPair":{"pubKey":"Bd/brbal96ezW8VpZMxiGgI0kZhUsXV6VtwK1PXvF2ZQ","privKey":"kDj54tz14a7SBG+GxSeYerSSlOAkAWSzQhTrXsHeTXs="},"lastRemoteEphemeralKey":"BUbFyeu6dnRf6a4xX0kAMeUx6KjY9+feGkG89bMz21MG","previousCounter":0,"rootKey":"bpy1yJYT6vcJkeYk1KY1S92XHknrlTha4kCkfCtm2u4="},"indexInfo":{"baseKey":"BbmwP7JqMO6+hIAD1k41QihhHdQm78g38CpsVN6lOs42","baseKeyType":1,"closed":1747376277509,"used":1747231422770,"created":1747231422770,"remoteIdentityKey":"Bapi9EH9S3SPJoNJWoHw3RNbaSc6j8YmFeWRqBUwnHUj"},"_chains":{"Bd/brbal96ezW8VpZMxiGgI0kZhUsXV6VtwK1PXvF2ZQ":{"chainKey":{"counter":12,"key":"UTzNjbeMqScmXpCeRwU5qHNRu3Hx5lRwDw++2hfmEFc="},"chainType":1,"messageKeys":{}}},"pendingPreKey":{"signedKeyId":1,"baseKey":"BbmwP7JqMO6+hIAD1k41QihhHdQm78g38CpsVN6lOs42","preKeyId":16682801}},"BWLZ1LSuv//m+aJU5JdvwyctOT/GITuBm3H1O/aN3V9/":{"registrationId":1854202963,"currentRatchet":{"ephemeralKeyPair":{"pubKey":"BZy1facGiSyOD7dHdwL14W01E9KdU6i2ZgsuwYPYVYIT","privKey":"+DCDY9+nDLZh4qV3zc4s0uInG4I6m9DWvfYXjgG7Gm4="},"lastRemoteEphemeralKey":"BbScOchamsksmAX/sqYQDdNIFuyPfBRqZFPeMJiiRfBU","previousCounter":0,"rootKey":"Kb6WV+WnGP6aKWZLw3VhtVo8ZxgmPO5PUS+4b+7Q3fU="},"indexInfo":{"baseKey":"BWLZ1LSuv//m+aJU5JdvwyctOT/GITuBm3H1O/aN3V9/","baseKeyType":1,"closed":-1,"used":1747376277446,"created":1747376277446,"remoteIdentityKey":"BR/R39y9iYEvtxMahXtQeTd+BL/DFAKQ4DG6DthxJGgo"},"_chains":{"BZy1facGiSyOD7dHdwL14W01E9KdU6i2ZgsuwYPYVYIT":{"chainKey":{"counter":76,"key":"96UgxCBEkgGcgjBelY7Wyjcm/7zrf34HJqWGYNP/Qus="},"chainType":1,"messageKeys":{}}},"pendingPreKey":{"signedKeyId":0,"baseKey":"BWLZ1LSuv//m+aJU5JdvwyctOT/GITuBm3H1O/aN3V9/","preKeyId":8752865}}},"version":"v1"}