{"_sessions":{"BVzJc33rmuUKQmVXRq1WVIV0yzpCdKHYoABelcqDLKt3":{"registrationId":191,"currentRatchet":{"ephemeralKeyPair":{"pubKey":"BbJSgD5ZzsiQl76Pr2nCycpNzI04GxBEUDHQRgWZI21/","privKey":"iCNuvhc0Xlorwgc3y2kWlLS8k4sG/rzOC16B+/Y3aUU="},"lastRemoteEphemeralKey":"Bdx5SUCeGd4qGHfckdvB5G2oDxQP2fTtl7PR46/57koP","previousCounter":0,"rootKey":"B8x20AM8+PhHzZ/UNsc1hxwgJ2u1hfxF33Me9TvMdbM="},"indexInfo":{"baseKey":"BVzJc33rmuUKQmVXRq1WVIV0yzpCdKHYoABelcqDLKt3","baseKeyType":1,"closed":-1,"used":1747474498560,"created":1747474481787,"remoteIdentityKey":"BfIjNpozmoQLRG1EOdbO7CGZJxpHlFLjVjWJsuO5UV5B"},"_chains":{"Bdx5SUCeGd4qGHfckdvB5G2oDxQP2fTtl7PR46/57koP":{"chainKey":{"counter":0,"key":"Yi8K+Y0mMmyv5O6HxemglTHz8P1STQADdyRIyOCL2rk="},"chainType":2,"messageKeys":{}},"BbJSgD5ZzsiQl76Pr2nCycpNzI04GxBEUDHQRgWZI21/":{"chainKey":{"counter":24,"key":"MNeuPVAV8cgJFhX0A+D7KuRTyyAYdFdZ//BNwvoneWk="},"chainType":1,"messageKeys":{}}}}},"version":"v1"}