{"_sessions":{"BT3Ybxixu/obJvZpCYtBA6tk0yMYFUS7zYwLiEt9m1p/":{"registrationId":84,"currentRatchet":{"ephemeralKeyPair":{"pubKey":"BYEvR1BtGlTLw+BNw7JAuKfMUjGDGQ70L0KnyLbOcGQX","privKey":"mEKJ10zZQZLsXI832OGShgHct79XNLWfgxahVbSDBEc="},"lastRemoteEphemeralKey":"BW5vdOelmQkFgSs9nAPRk7SJV2LcONmaHNWOB9cNrYse","previousCounter":0,"rootKey":"h1UHcjqBU+hRYYG5EO+BV5E3KJbSAtgTGBtgP0LjRcU="},"indexInfo":{"baseKey":"BT3Ybxixu/obJvZpCYtBA6tk0yMYFUS7zYwLiEt9m1p/","baseKeyType":1,"closed":-1,"used":1747231421719,"created":1747231421719,"remoteIdentityKey":"Bbmovz5dVFlEv0Jq3jTpGne6ofEaBlxxdFlB1o7vUixf"},"_chains":{"BYEvR1BtGlTLw+BNw7JAuKfMUjGDGQ70L0KnyLbOcGQX":{"chainKey":{"counter":89,"key":"uT125RZola4MC7m6tFv2Yj2FuDnjZiGytsSiG5p9+pc="},"chainType":1,"messageKeys":{}}},"pendingPreKey":{"signedKeyId":1,"baseKey":"BT3Ybxixu/obJvZpCYtBA6tk0yMYFUS7zYwLiEt9m1p/"}}},"version":"v1"}