{"_sessions":{"BStdGRkDRx2QPofbFUtECG32/u6DwN4MHhZOeCzVWBAL":{"registrationId":1656871571,"currentRatchet":{"ephemeralKeyPair":{"pubKey":"BU3fn7+VBan06mMVSY94moGlHFoysIDhkk+JjpVqTilk","privKey":"aM5keCpM0Ww/WfSPetun8Jyc1pjfJYsyhJwAkY8mBEM="},"lastRemoteEphemeralKey":"BTApHBPNyFyYW9brsQdmXj7XLY75BSbHAYm7KYB4LhpO","previousCounter":1,"rootKey":"aYlu2b0AOy4Cfzvw2Fbo7Sh5H5oAktEAXoCKNcxCznc="},"indexInfo":{"baseKey":"BStdGRkDRx2QPofbFUtECG32/u6DwN4MHhZOeCzVWBAL","baseKeyType":1,"closed":-1,"used":1747239006535,"created":1747238555236,"remoteIdentityKey":"BVvT5pWybYZVbO7tRtv4cKkuORmU78bU+d21waTGcCU0"},"_chains":{"BTApHBPNyFyYW9brsQdmXj7XLY75BSbHAYm7KYB4LhpO":{"chainKey":{"counter":0,"key":"adMuT0W2YoNJaH3znHddxkPheCuFRu6c9wMJydXAL8Y="},"chainType":2,"messageKeys":{}},"BU3fn7+VBan06mMVSY94moGlHFoysIDhkk+JjpVqTilk":{"chainKey":{"counter":-1,"key":"/YKpBc1ztsjzyhMKeQleMG3e0Sb97YH/rP+kis5wnCo="},"chainType":1,"messageKeys":{}}}}},"version":"v1"}