{"_sessions":{"Ba6JVKAbrvhslFGEXTK3SMyymoq/a+ToO7QCkzliev48":{"registrationId":655037135,"currentRatchet":{"ephemeralKeyPair":{"pubKey":"BbfbAbRzkReOrVi5sSVa1UbW5eZnmADkv7yTPCNsy8U5","privKey":"CFqfcNw4YZSWS3pE7oaaTumZdRwbyRL/h3HQJzXtDG0="},"lastRemoteEphemeralKey":"BSSVnPpQOlFvs1Qfw4SG0R6lxOzDw0k7MY83Gxsgd5MB","previousCounter":0,"rootKey":"2pzdOWlII67EmO0T3Y850tD9MURKbcYqHeXJKBbdb2s="},"indexInfo":{"baseKey":"Ba6JVKAbrvhslFGEXTK3SMyymoq/a+ToO7QCkzliev48","baseKeyType":1,"closed":-1,"used":1747231422179,"created":1747231422179,"remoteIdentityKey":"BUQpFk2JCloCK3zuqAhaeYYTYh96ykFkpyBukHrX0s44"},"_chains":{"BbfbAbRzkReOrVi5sSVa1UbW5eZnmADkv7yTPCNsy8U5":{"chainKey":{"counter":89,"key":"TmjeNiLJNsIc7XBgCHe5vu1z9iMuDO6kOHGzB3B9eyQ="},"chainType":1,"messageKeys":{}}},"pendingPreKey":{"signedKeyId":9,"baseKey":"Ba6JVKAbrvhslFGEXTK3SMyymoq/a+ToO7QCkzliev48","preKeyId":3178185}}},"version":"v1"}