{"_sessions":{"BRDT/0ACVni4Dy60faUA+NuLwyj8R7Ygc5E1ELWMbist":{"registrationId":699855973,"currentRatchet":{"ephemeralKeyPair":{"pubKey":"BeHamkIzsv7z6aWm1ROThTZF4fjFNZWCJj/2R5EY30h9","privKey":"6OR7uMo0bdE4p+IjMnGsBgL/VXyOjuWdYKucXLrhG2k="},"lastRemoteEphemeralKey":"BaRAO0xURqY29+QzZVgxURt0ff4ojwYlU1zvi/a2NCsx","previousCounter":12,"rootKey":"XoI4+m6Py2gagEgy9hpP8SfID8OTDHMeQ4tdfNOeW6Y="},"indexInfo":{"baseKey":"BRDT/0ACVni4Dy60faUA+NuLwyj8R7Ygc5E1ELWMbist","baseKeyType":1,"closed":1747619771830,"used":1747363828194,"created":1747231421920,"remoteIdentityKey":"BWBhv4ca9NZWy7vJxRVmAlFv5rn6VbahA37pCEGdcEFk"},"_chains":{"BaRAO0xURqY29+QzZVgxURt0ff4ojwYlU1zvi/a2NCsx":{"chainKey":{"counter":0,"key":"hHFxDM0FFtB1ecA2FawS1gBxnvchJd28+0y4lqbqaT4="},"chainType":2,"messageKeys":{}},"BeHamkIzsv7z6aWm1ROThTZF4fjFNZWCJj/2R5EY30h9":{"chainKey":{"counter":56,"key":"c/DPkJvj6/qScahz7vT1Kj8+aVT3G73hEeJxa1SwGlk="},"chainType":1,"messageKeys":{}}}},"BcGiJ5nw7bg2mRuNHlwEbphPGG43FxODh+9cjG1zTkIv":{"registrationId":699855973,"currentRatchet":{"ephemeralKeyPair":{"pubKey":"BW+uxvyJbIQAQitiBudSkAGH9656WpqzLBC60GxswjIf","privKey":"uCFNZV7fwvWfmqiUNN/3Ex6+jYF6spJZwerOCM3//Xg="},"lastRemoteEphemeralKey":"BQttD82yEFeWai+a+IVzOz6XmqDqcH32lcoDD21BXwsr","previousCounter":0,"rootKey":"/ZrHlQntZmX7XBL++ckIrYX4vCt2sFdKjanxoOIhR6U="},"indexInfo":{"baseKey":"BcGiJ5nw7bg2mRuNHlwEbphPGG43FxODh+9cjG1zTkIv","baseKeyType":1,"closed":1747632581487,"used":1747619771825,"created":1747619771825,"remoteIdentityKey":"BWBhv4ca9NZWy7vJxRVmAlFv5rn6VbahA37pCEGdcEFk"},"_chains":{"BW+uxvyJbIQAQitiBudSkAGH9656WpqzLBC60GxswjIf":{"chainKey":{"counter":0,"key":"9z5MdsGxWC/2I++VguH04v3LHC2dfL/4d0uPqvj3CKM="},"chainType":1,"messageKeys":{}}},"pendingPreKey":{"signedKeyId":1,"baseKey":"BcGiJ5nw7bg2mRuNHlwEbphPGG43FxODh+9cjG1zTkIv","preKeyId":1906}},"BT3o9PfgGJsvT0wuP/mbifHIiDpcS0hwUfXmxw3l4qZ+":{"registrationId":699855973,"currentRatchet":{"ephemeralKeyPair":{"pubKey":"BVSzSr+ex0oPNyDpYfGqXQFNdJTPhUXwumzKkZndOA8c","privKey":"ILFE+qAKGKYuaOx7u7MHDum282htWOvBEc6wcuCbH0c="},"lastRemoteEphemeralKey":"BQttD82yEFeWai+a+IVzOz6XmqDqcH32lcoDD21BXwsr","previousCounter":0,"rootKey":"j9w1NPKtBMbsHKVcpE5L6dBi7ZZ1dvGTKaUYTgNZWHM="},"indexInfo":{"baseKey":"BT3o9PfgGJsvT0wuP/mbifHIiDpcS0hwUfXmxw3l4qZ+","baseKeyType":1,"closed":-1,"used":1747632581468,"created":1747632581468,"remoteIdentityKey":"BWBhv4ca9NZWy7vJxRVmAlFv5rn6VbahA37pCEGdcEFk"},"_chains":{"BVSzSr+ex0oPNyDpYfGqXQFNdJTPhUXwumzKkZndOA8c":{"chainKey":{"counter":18,"key":"rVfLxt/z6L1e2Ds4EspMqhRUOCbhN2pao8tl4pB1ntE="},"chainType":1,"messageKeys":{}}},"pendingPreKey":{"signedKeyId":1,"baseKey":"BT3o9PfgGJsvT0wuP/mbifHIiDpcS0hwUfXmxw3l4qZ+","preKeyId":2368}}},"version":"v1"}