{"_sessions":{"BYti04c37HD/0VlEzxrsQZBz1P9uLUpZauXanvXW8mVu":{"registrationId":42723870,"currentRatchet":{"ephemeralKeyPair":{"pubKey":"BYAKHh86gCe0mrEEmy6hVU31qsoOC/7rRVwddbPcHssx","privKey":"sA3yO0EcsFEW+7Oyl5BbaUGR1VUHzT/d1NqX82V3Tlg="},"lastRemoteEphemeralKey":"BbgBkgDmC1ycnlmjbUqKZuPDmlhWwFgLPJ8V3ENu4sxk","previousCounter":1,"rootKey":"yaZsVc9v93112kyayqkw74dZlsVZQgZHLIrie6zRRxs="},"indexInfo":{"baseKey":"BYti04c37HD/0VlEzxrsQZBz1P9uLUpZauXanvXW8mVu","baseKeyType":2,"closed":-1,"used":1747664948339,"created":1747231414807,"remoteIdentityKey":"BdG6q7iSK0SCpjsiQgFaad8D9zk5qx4drQblvYGgOZhz"},"_chains":{"BV2RrpKn9Pz5o531XnQjeNMb7GXZwouzp1Ta7NSNBWhK":{"chainKey":{"counter":0},"chainType":2,"messageKeys":{}},"Bfg3o1tISuwRK31inlxBBKQmAw2WAvpy5toD0DsbIPEA":{"chainKey":{"counter":0},"chainType":2,"messageKeys":{}},"BQ1x0DRyOlhOW9WM6LB0Cc6A+nRbjpCSY9ncRKEOm4xV":{"chainKey":{"counter":1},"chainType":2,"messageKeys":{}},"BbGzubURuV5kIcOEgKeR6zH06RAXeFEgXtUpTVq8hMh5":{"chainKey":{"counter":0},"chainType":2,"messageKeys":{}},"Bckgp+a+B+56PLIJEhWgNhklDYv30GsZqV44YoQtCslC":{"chainKey":{"counter":0},"chainType":2,"messageKeys":{}},"BXHGHqG3lBNDOQa+F4BQpPN6usarOV2oEDpxN549usl1":{"chainKey":{"counter":0},"chainType":2,"messageKeys":{}},"BbkldvcIcK3x/O1/dETCeOmDHRt3JQdQvposTWRiN0dz":{"chainKey":{"counter":0},"chainType":2,"messageKeys":{}},"Bcy5q3CxU0d9cnS6PcNyCEvh5G4QUOLNsAk/LCx6JJpO":{"chainKey":{"counter":0},"chainType":2,"messageKeys":{}},"BVBkErNFoNm/jP+HvtlQKxaucm1ifRrlhZcEoqlCGFgl":{"chainKey":{"counter":0},"chainType":2,"messageKeys":{}},"BS9D8KXpxT9e8quKkLx2UqddxhJoILq7eIMH1yj+g+UU":{"chainKey":{"counter":2},"chainType":2,"messageKeys":{}},"Ba+WcYLuXcpTyQJWnwpUvU4uKffv6QZMO5QTu7bD9cJq":{"chainKey":{"counter":1},"chainType":2,"messageKeys":{}},"BeNDVNUR0+cc98LBic/0zBERv49gfZ0dsn+Fxz5dwYQc":{"chainKey":{"counter":0},"chainType":2,"messageKeys":{}},"BYEgt3K/+K0NKMUtoFzVkMnbsvYpuNJAO4KThBvS6Nw2":{"chainKey":{"counter":1},"chainType":2,"messageKeys":{}},"Bc2mCcnQKWBUFX6xSYpg3p+VLV+PHBAGCPI/AnIVAEo3":{"chainKey":{"counter":1},"chainType":2,"messageKeys":{}},"BTB//xE+4Vgoosu1clY8C/qIxTrdz+A29A1bN9X0HPdd":{"chainKey":{"counter":0},"chainType":2,"messageKeys":{}},"BU1tFma2oyf9oMlx5xhPW9Yett/Ga046aKgpXVfkB84A":{"chainKey":{"counter":0},"chainType":2,"messageKeys":{}},"BfEcb6uyBOdtt9Ve6f1+yg5we9fqRiZVx0SzIjnwBvo7":{"chainKey":{"counter":0},"chainType":2,"messageKeys":{}},"BcLLS9nqsao2UVjUDCt24vHqSSrJ9igf34ePljK+qaYb":{"chainKey":{"counter":0},"chainType":2,"messageKeys":{}},"BVFF0z9zTkvrxjBtjFPMpz56RLOi9RoQf0TYKsNF7t51":{"chainKey":{"counter":0},"chainType":2,"messageKeys":{}},"BarX9bQM6dq6eOEQ/S19LGFSDkmdZX918WEAe+4QTqAF":{"chainKey":{"counter":0},"chainType":2,"messageKeys":{}},"BcBwGBOV5sdXdHo0ouD27aDGhDfkHFGIdXbM113sTEF8":{"chainKey":{"counter":2},"chainType":2,"messageKeys":{}},"BYT5EOLWiYuYF1UhhE6D5BUwYm5ZLahIoEzE77xyfI1Q":{"chainKey":{"counter":3},"chainType":2,"messageKeys":{}},"BViHBT83fx13Q/VqvdwAbuZ+MArOMLlQ8ECh9hdy/GoC":{"chainKey":{"counter":0},"chainType":2,"messageKeys":{}},"BTQv/2NGk12cu5DIYFAwVSHjNxtbskhrbmz8QMUizgY7":{"chainKey":{"counter":0},"chainType":2,"messageKeys":{}},"BQSxJEzYNkg7lQY7OhaJZn6+EOK5Y0wC7nNbGQdXrBhU":{"chainKey":{"counter":1},"chainType":2,"messageKeys":{}},"BWyx93ZxwB9UYLxkyl59nxlFPZXmzq1k2ek/jjn+8d03":{"chainKey":{"counter":0},"chainType":2,"messageKeys":{}},"BauVGCLf6SEKPwrolm7cwLm08anc01ZHhrrOpeRaRJMi":{"chainKey":{"counter":0},"chainType":2,"messageKeys":{}},"BSdAHMJz1HcXgaPGoFfnGh3Te3pXJR9oWMH+LxgANtlO":{"chainKey":{"counter":1},"chainType":2,"messageKeys":{}},"BdsSQaiCTlKFb4o1t16E2oTMvtnLBNtTxsQu9ChSbIIc":{"chainKey":{"counter":1},"chainType":2,"messageKeys":{}},"BfTzjL1YvPCy7oW0sVJq04SWXC0zTSIhP1i8+2sUbSwy":{"chainKey":{"counter":2},"chainType":2,"messageKeys":{}},"BUiHVdp1202hJ59qLYzzw+3uUbyFgSGVD8fiu797n5gJ":{"chainKey":{"counter":0},"chainType":2,"messageKeys":{}},"BVpO1/mquil4akMbQy9+mlNh9mCb1/Ngk2HI1U4yS3pZ":{"chainKey":{"counter":1},"chainType":2,"messageKeys":{}},"BToE0tB/a69VNXYJeXdJ7b2vqr8G1nORiaS649wXQH0T":{"chainKey":{"counter":0},"chainType":2,"messageKeys":{}},"BVCUmvOEvNFzG968B+W+GBHROGCZWz4qMjemxb630p4T":{"chainKey":{"counter":0},"chainType":2,"messageKeys":{}},"Bf5tYSIWKHjBulJnqtPSX8PZ3zMp1d9aZPlEeh68kf0a":{"chainKey":{"counter":0},"chainType":2,"messageKeys":{}},"Bb57amRPvCxH3/wbij87AogrGDHj7BboiNlWXW3yw/cV":{"chainKey":{"counter":0},"chainType":2,"messageKeys":{}},"BSaXYYmnPHlLTi20CpOMElQobTb1uLLhdijz0C7Ped0S":{"chainKey":{"counter":0},"chainType":2,"messageKeys":{}},"BRLyz5n8m60OHo5TDkduzsWsZ6XYU0WhOfyJoK6cp+N4":{"chainKey":{"counter":0},"chainType":2,"messageKeys":{}},"BWOETr1N9D/2oXYtahaajFl74B20kydklGsY96TcPkVS":{"chainKey":{"counter":1},"chainType":2,"messageKeys":{"0":"o6n8IwfcPys0IafMk/qzN8aSs8A/nmyO3KkWOmxRXrs="}},"BRjr14e2v8bKUyqWIDOzHHHzt15GE+33GRH1wUQdwRlo":{"chainKey":{"counter":2},"chainType":2,"messageKeys":{}},"BVvAw9FOwRbTqRHWkYiCThvk6xrdGzv6yUW170GwEI4S":{"chainKey":{"counter":4},"chainType":2,"messageKeys":{}},"BQMGlodK9wtSp+HlKoQtysLh2RwmMAPFxFizreYLIcRT":{"chainKey":{"counter":2},"chainType":2,"messageKeys":{}},"BbgBkgDmC1ycnlmjbUqKZuPDmlhWwFgLPJ8V3ENu4sxk":{"chainKey":{"counter":0,"key":"YT/OqgsIfmwy3Ig+qI8w1qdadaij8s8QjcnAgYLxT7I="},"chainType":2,"messageKeys":{}},"BYAKHh86gCe0mrEEmy6hVU31qsoOC/7rRVwddbPcHssx":{"chainKey":{"counter":0,"key":"Il/qGkQka4SFZyi/98FIbIoX3F1KGh9po6mPhLmSlAk="},"chainType":1,"messageKeys":{}}}}},"version":"v1"}