{"_sessions":{"Bdz9YRu2dZrcUGbGbJ66lwkL0uK6sc8iMIikuYerFh07":{"registrationId":3721,"currentRatchet":{"ephemeralKeyPair":{"pubKey":"BcRSoIERL1D9fZT8/U102s0ThgUBlHImhD6p0jsLWDNH","privKey":"yL9bbm5mkQLKBUmJOrsnrKSYFmSjFiTpn5zqRMnRmF0="},"lastRemoteEphemeralKey":"Bd3wcdWUAWhz7Gn093qY8ZG9Xfm+nrig8zcLkk/DTMp4","previousCounter":0,"rootKey":"kWU3aLYmOdc8c/rEN3j1Y9FCrGQ+nIKVwEzEgv+7qZs="},"indexInfo":{"baseKey":"Bdz9YRu2dZrcUGbGbJ66lwkL0uK6sc8iMIikuYerFh07","baseKeyType":1,"closed":-1,"used":1747626502829,"created":1747626502829,"remoteIdentityKey":"BbI11rXIAGCXhQuLZgp83FwcXlhcb+PdjqSZ3CVJ9dgH"},"_chains":{"BcRSoIERL1D9fZT8/U102s0ThgUBlHImhD6p0jsLWDNH":{"chainKey":{"counter":19,"key":"6vwpvD+Yr2r34IuyBIc8cefqi+mQJ+BVdorOlAvC+H8="},"chainType":1,"messageKeys":{}}},"pendingPreKey":{"signedKeyId":6,"baseKey":"Bdz9YRu2dZrcUGbGbJ66lwkL0uK6sc8iMIikuYerFh07","preKeyId":1797}}},"version":"v1"}