{"_sessions":{"BffEfunIOyefoGqPllGMFTOdmeY+OENyF2CeP+ydqUcr":{"registrationId":1445506339,"currentRatchet":{"ephemeralKeyPair":{"pubKey":"BTyWBILoCRafu4Fm70lMGzabAhRCGrGuHMgR71izr5tq","privKey":"EEaqGlpCe3h0Q5mV1vkpueMSUfCx5PmjpBIUEtHm628="},"lastRemoteEphemeralKey":"BZPKFpkGQBupTYG8b/bGxH2jWZ9JVmavKI1T1kB+EDFl","previousCounter":0,"rootKey":"gVmwvbraircN1xqln+yujr0dvtD8DTcy2ikDbOD7hN8="},"indexInfo":{"baseKey":"BffEfunIOyefoGqPllGMFTOdmeY+OENyF2CeP+ydqUcr","baseKeyType":1,"closed":-1,"used":1747269905546,"created":1747269905546,"remoteIdentityKey":"BSRPqHkXa2QIg5kXB+/wYIJ1pjqH6puyYccn2le8aGMC"},"_chains":{"BTyWBILoCRafu4Fm70lMGzabAhRCGrGuHMgR71izr5tq":{"chainKey":{"counter":0,"key":"Bs5Iogwet+a4UNM3JuFxl9oQzn5vUOFoUqCgDSe543w="},"chainType":1,"messageKeys":{}}},"pendingPreKey":{"signedKeyId":6,"baseKey":"BffEfunIOyefoGqPllGMFTOdmeY+OENyF2CeP+ydqUcr","preKeyId":1453900}}},"version":"v1"}