{"_sessions":{"BQiZvC8xwfonQQTwG052k0SA3ofXnWh8BoKWywlRl78d":{"registrationId":174846545,"currentRatchet":{"ephemeralKeyPair":{"pubKey":"BYY3SBgYqqeJr/cNQ5Nz2CPPnRKsEJFoC6aixzdB4rJk","privKey":"QE1wujIQeyBkPknq3a5O9vgIt0aSd5LLnATepJY29ls="},"lastRemoteEphemeralKey":"BRc2jgmuUivx8nUIK+yEeQkSHR00oZWpRiGu6k3BoPJ9","previousCounter":15,"rootKey":"cyZwRN9GhhzkXBTL4fcOpY6F6Hbls/nBcEdfGk6NrtM="},"indexInfo":{"baseKey":"BQiZvC8xwfonQQTwG052k0SA3ofXnWh8BoKWywlRl78d","baseKeyType":1,"closed":1747661198484,"used":1747500952757,"created":1747231422294,"remoteIdentityKey":"Bd7GtRJgYcO3S28AXDE6y+vi7QlYE/exvBiptWl6DfoH"},"_chains":{"BXMizzlEr8tWgKF1te8ADd60Uo30wex3BwnDsft/VIk6":{"chainKey":{"counter":1},"chainType":2,"messageKeys":{}},"BRc2jgmuUivx8nUIK+yEeQkSHR00oZWpRiGu6k3BoPJ9":{"chainKey":{"counter":1,"key":"FfwSTOutirsCUu9NnZlDq6fOF0cK5qn/WvGOTKYpIsA="},"chainType":2,"messageKeys":{}},"BYY3SBgYqqeJr/cNQ5Nz2CPPnRKsEJFoC6aixzdB4rJk":{"chainKey":{"counter":69,"key":"9ubDzM9XsroQdm782RH6s1wFA5Uvkii1UC0I7Z8dcHU="},"chainType":1,"messageKeys":{}}}},"BT+aXHPePk1McN6b+9xxFWUSUXZUzhj/O7jdGwIJg35C":{"registrationId":457264697,"currentRatchet":{"ephemeralKeyPair":{"pubKey":"BZ5VKU0yv6gZewTrlR8mgmfpNN36oAnIBi6hzmV4NAQT","privKey":"8OHlCQ7Gc16Vnpc76QpCDQ8c0qYpmj0b48/QYAQ3nVc="},"lastRemoteEphemeralKey":"BR74mkKCTH1FLsxaQOIuuVpiSkA/aMChreDyMPIS+EFO","previousCounter":0,"rootKey":"id5UyIhzhFECgsvahL81Fs/O2+jVUv6FX4kFivKCVLQ="},"indexInfo":{"baseKey":"BT+aXHPePk1McN6b+9xxFWUSUXZUzhj/O7jdGwIJg35C","baseKeyType":1,"closed":1747663863290,"used":1747661198482,"created":1747661198482,"remoteIdentityKey":"BTI2zjrYu1cYiUMi7ix4L8ygXMpiW9ZHKf9LeqRIVqcc"},"_chains":{"BZ5VKU0yv6gZewTrlR8mgmfpNN36oAnIBi6hzmV4NAQT":{"chainKey":{"counter":0,"key":"NuQcXCBHle4fVKfrZqHTG4KficEqOibG83WQH44j0GE="},"chainType":1,"messageKeys":{}}},"pendingPreKey":{"signedKeyId":0,"baseKey":"BT+aXHPePk1McN6b+9xxFWUSUXZUzhj/O7jdGwIJg35C","preKeyId":9507511}},"BSLYgxXv7MXpQa3VGjA2bx8qXLkt780EV6AUHn/LvQAJ":{"registrationId":1817967546,"currentRatchet":{"ephemeralKeyPair":{"pubKey":"BTbNGDx67Wuyv7ZJWjgA+WUFW5w+tYr9idY7kaNUMWIT","privKey":"8CWm3IeWoB79Fn61+gomhOy/MRHyEXGFV2WpnjaS6Ho="},"lastRemoteEphemeralKey":"BXuDonADgnO9AkZfdaz2Q3xpG6HOcS6Ntb/ZgbraTrBH","previousCounter":0,"rootKey":"c1PUfg/BSZL3TDuYCz32JUTGn1f5YrtQzzEJWyrYQjY="},"indexInfo":{"baseKey":"BSLYgxXv7MXpQa3VGjA2bx8qXLkt780EV6AUHn/LvQAJ","baseKeyType":1,"closed":1747663863999,"used":1747663863284,"created":1747663863284,"remoteIdentityKey":"BbOpfg/wZYZsx2a4AeK1mKXN68tml22us8c3dvu3yhgr"},"_chains":{"BTbNGDx67Wuyv7ZJWjgA+WUFW5w+tYr9idY7kaNUMWIT":{"chainKey":{"counter":0,"key":"b72w41BXY+NfGd0jESozsXaULu0A9rVzswW4oGqfK20="},"chainType":1,"messageKeys":{}}},"pendingPreKey":{"signedKeyId":0,"baseKey":"BSLYgxXv7MXpQa3VGjA2bx8qXLkt780EV6AUHn/LvQAJ","preKeyId":5309609}},"BX+qliWsm064oybXRLngSg4j5wo3+q/M/LBQiBCcBEAg":{"registrationId":1817967546,"currentRatchet":{"ephemeralKeyPair":{"pubKey":"BZ5BkFSNiMCZKsg/Fto8FvblwIB+RFUEVxRP1DONYXwy","privKey":"eKTYowjQXKa9OSzXcIYEjNoW+0chg566yk6gzMkljFo="},"lastRemoteEphemeralKey":"BXuDonADgnO9AkZfdaz2Q3xpG6HOcS6Ntb/ZgbraTrBH","previousCounter":0,"rootKey":"+L4TGRh2OpWKF8cCxWyEuOhTwAa4g7R9UsUsVxhNL9s="},"indexInfo":{"baseKey":"BX+qliWsm064oybXRLngSg4j5wo3+q/M/LBQiBCcBEAg","baseKeyType":1,"closed":-1,"used":1747663863996,"created":1747663863996,"remoteIdentityKey":"BbOpfg/wZYZsx2a4AeK1mKXN68tml22us8c3dvu3yhgr"},"_chains":{"BZ5BkFSNiMCZKsg/Fto8FvblwIB+RFUEVxRP1DONYXwy":{"chainKey":{"counter":0,"key":"t7dLfyn/AqE+RPFQnGC710c8AYF7XnjV1Ydrr0lMQac="},"chainType":1,"messageKeys":{}}},"pendingPreKey":{"signedKeyId":0,"baseKey":"BX+qliWsm064oybXRLngSg4j5wo3+q/M/LBQiBCcBEAg","preKeyId":5309590}}},"version":"v1"}