{"_sessions":{"BbhYjCbnefUzYRjbQAIlKzLhxTFiaL+k4veDmgqtjml5":{"registrationId":47,"currentRatchet":{"ephemeralKeyPair":{"pubKey":"BWnaZNbBZ6fwfSgBS1m8tUf8PKGi4nqWAEJEHTZuHXM7","privKey":"EJXJNJlIxgRUsE7Je02sYOviIFOF8EUSk+k6o+njsHc="},"lastRemoteEphemeralKey":"BeN0WRTzxQ9Gv34gRw5IUxWGOkW8vV4RdLiU1mAA5jRI","previousCounter":0,"rootKey":"5pMFuBWt7MSL/M4C8M8GF6+8FkqLjEu+iglS1TZ23vI="},"indexInfo":{"baseKey":"BbhYjCbnefUzYRjbQAIlKzLhxTFiaL+k4veDmgqtjml5","baseKeyType":1,"closed":1747569785617,"used":1747569785265,"created":1747569785265,"remoteIdentityKey":"BV1cW6keRKZlW28buWHHcz4Bp1KbfFjev+IbKBHCYy4y"},"_chains":{"BWnaZNbBZ6fwfSgBS1m8tUf8PKGi4nqWAEJEHTZuHXM7":{"chainKey":{"counter":0,"key":"ruT3ZYYkNzeiOl9OyDU5h5myhXBpN2JPNet+yUH5RCI="},"chainType":1,"messageKeys":{}}},"pendingPreKey":{"signedKeyId":1,"baseKey":"BbhYjCbnefUzYRjbQAIlKzLhxTFiaL+k4veDmgqtjml5","preKeyId":1}},"BXY+LPUAq4b0ILdDOnErZMGqUEXwtcitEE26o9CR0Qtj":{"registrationId":47,"currentRatchet":{"ephemeralKeyPair":{"pubKey":"BXWOUDulFQ8msLweD8VQDA4xLkZ8roqqJ8ZEJZzjqypk","privKey":"gGdYqa3IFZKiNtKhb8bPCILS6mPYdtpFa9dOWju6P1g="},"lastRemoteEphemeralKey":"BUF3nDvaIWBoS6oPR4a25+h78Ts6D4dqLLIePeX/BQFl","previousCounter":0,"rootKey":"14EB3TCRKIX38IR5MqYKJo9yWo2VRjH7B7eQOzcN28M="},"indexInfo":{"baseKey":"BXY+LPUAq4b0ILdDOnErZMGqUEXwtcitEE26o9CR0Qtj","baseKeyType":2,"closed":1747569816158,"used":1747569785620,"created":1747569785620,"remoteIdentityKey":"BV1cW6keRKZlW28buWHHcz4Bp1KbfFjev+IbKBHCYy4y"},"_chains":{"BUF3nDvaIWBoS6oPR4a25+h78Ts6D4dqLLIePeX/BQFl":{"chainKey":{"counter":0,"key":"waTIYl7Bv/hjK9+qletahfZtOResFWpAv3+WqbnerhM="},"chainType":2,"messageKeys":{}},"BXWOUDulFQ8msLweD8VQDA4xLkZ8roqqJ8ZEJZzjqypk":{"chainKey":{"counter":-1,"key":"R/w0+3dPUA9dQlHR8v2gNVUs0C55wOul4sVmn4E16xM="},"chainType":1,"messageKeys":{}}}},"BSz7xW9CqqFNWArccPMGcXxeBomZwZ5+OUOvvwVUKxZN":{"registrationId":47,"currentRatchet":{"ephemeralKeyPair":{"pubKey":"BSXvL14n6TQzsB8kliO7RJRNpaKJfOXv5KrFJGiyPkZ7","privKey":"kLyANssZHXgBoOIEYI2sDuxDA+eBTsG+NucbV5AUNXY="},"lastRemoteEphemeralKey":"BeN0WRTzxQ9Gv34gRw5IUxWGOkW8vV4RdLiU1mAA5jRI","previousCounter":0,"rootKey":"JdE+T/BlLuVqaTJlM/Xun18VjJheLA2fzQ9lOA704iE="},"indexInfo":{"baseKey":"BSz7xW9CqqFNWArccPMGcXxeBomZwZ5+OUOvvwVUKxZN","baseKeyType":1,"closed":1747569835609,"used":1747569816157,"created":1747569816157,"remoteIdentityKey":"BV1cW6keRKZlW28buWHHcz4Bp1KbfFjev+IbKBHCYy4y"},"_chains":{"BSXvL14n6TQzsB8kliO7RJRNpaKJfOXv5KrFJGiyPkZ7":{"chainKey":{"counter":0,"key":"eJmo1OKwvwclhaMI4HtRmpmodkTq+53gWcW06boS9As="},"chainType":1,"messageKeys":{}}},"pendingPreKey":{"signedKeyId":1,"baseKey":"BSz7xW9CqqFNWArccPMGcXxeBomZwZ5+OUOvvwVUKxZN","preKeyId":24}},"BWe1Yagr1ABKmE36s9zO1J8P0l/mL4raWcOpuDsWkMlK":{"registrationId":47,"currentRatchet":{"ephemeralKeyPair":{"pubKey":"BcR/HK1cvTNjfiRRsbJpDKDmua10yKQF5FgutJyq/6Ys","privKey":"UB76NfYr5PXHvDHB/rb6q6tFouFAI4xJ4rSwkzOZ1GQ="},"lastRemoteEphemeralKey":"BeN0WRTzxQ9Gv34gRw5IUxWGOkW8vV4RdLiU1mAA5jRI","previousCounter":0,"rootKey":"8wEDA95U5PxFysum//iuEtQNzTbVETg/fZIbYDxUBsE="},"indexInfo":{"baseKey":"BWe1Yagr1ABKmE36s9zO1J8P0l/mL4raWcOpuDsWkMlK","baseKeyType":1,"closed":-1,"used":1747569835608,"created":1747569835608,"remoteIdentityKey":"BV1cW6keRKZlW28buWHHcz4Bp1KbfFjev+IbKBHCYy4y"},"_chains":{"BcR/HK1cvTNjfiRRsbJpDKDmua10yKQF5FgutJyq/6Ys":{"chainKey":{"counter":1,"key":"VD4TKRAesevaEWwI5x8/nTCQGNKAKxetn2qwY0HHny8="},"chainType":1,"messageKeys":{}}},"pendingPreKey":{"signedKeyId":1,"baseKey":"BWe1Yagr1ABKmE36s9zO1J8P0l/mL4raWcOpuDsWkMlK","preKeyId":18}}},"version":"v1"}