{"_sessions":{"BTM5A83CcwLII/f73HMULSOvdrC7K/4LdakTbNPPpRIp":{"registrationId":56,"currentRatchet":{"ephemeralKeyPair":{"pubKey":"BeaD9jFDDfI85xwmhScJH9sKPg2SusDDUeDcH4Xod7w+","privKey":"kBxUjw4Al501CAllVUYeExeEfukoXAFbS3KyrQhWQ1o="},"lastRemoteEphemeralKey":"BZee4PCPtQJI8EF5JwiXE6o4MUv8HdlIN3Lmh6tQaXNm","previousCounter":0,"rootKey":"Mt0WeMb4RTSHpi4HS5fxUY724x9rRsxQBGS8SEZwjcg="},"indexInfo":{"baseKey":"BTM5A83CcwLII/f73HMULSOvdrC7K/4LdakTbNPPpRIp","baseKeyType":1,"closed":1747269924862,"used":1747231421698,"created":1747231421698,"remoteIdentityKey":"BQvQ8qeMEWCVm/C1370L1jadRMY/ZzCbByxXohxZJmEY"},"_chains":{"BeaD9jFDDfI85xwmhScJH9sKPg2SusDDUeDcH4Xod7w+":{"chainKey":{"counter":0,"key":"q9PXeUmToB6JyaO8Fswlwg4e5qvMuI/XYrpu71Z8Cbc="},"chainType":1,"messageKeys":{}}},"pendingPreKey":{"signedKeyId":1,"baseKey":"BTM5A83CcwLII/f73HMULSOvdrC7K/4LdakTbNPPpRIp"}},"BVZwgMvAEImmpVx48YuwlGGa6KW9w9sZeprJNWsjIPtI":{"registrationId":56,"currentRatchet":{"ephemeralKeyPair":{"pubKey":"BQk0G0E3l3lDGZnDUDpITtsinbLGJqbVX4MakGcPzHk0","privKey":"yBPiM0KXSopl8iegYWMVgzaib9j2baVl9kZ/Bxp5B3g="},"lastRemoteEphemeralKey":"BZee4PCPtQJI8EF5JwiXE6o4MUv8HdlIN3Lmh6tQaXNm","previousCounter":0,"rootKey":"M6KjrRwW5y+slb7nFFBwWKxAFPZwbVUeNJ4Q+Zk985Q="},"indexInfo":{"baseKey":"BVZwgMvAEImmpVx48YuwlGGa6KW9w9sZeprJNWsjIPtI","baseKeyType":1,"closed":1747273151845,"used":1747269924854,"created":1747269924854,"remoteIdentityKey":"BQvQ8qeMEWCVm/C1370L1jadRMY/ZzCbByxXohxZJmEY"},"_chains":{"BQk0G0E3l3lDGZnDUDpITtsinbLGJqbVX4MakGcPzHk0":{"chainKey":{"counter":0,"key":"8T9sAJJWvAatxJbldEqOflDkiGAMwSJQiSJit1mLwAY="},"chainType":1,"messageKeys":{}}},"pendingPreKey":{"signedKeyId":1,"baseKey":"BVZwgMvAEImmpVx48YuwlGGa6KW9w9sZeprJNWsjIPtI"}},"Bejag2bb0f/TZJrgqidMlr9xx8nDnUc52/821QkzmHBA":{"registrationId":56,"currentRatchet":{"ephemeralKeyPair":{"pubKey":"BUDUIhAp8ROdw1s4FQua/8AJU1IIYw2LyhuwX8qcdiRV","privKey":"iCA094KhAiTmq56aBIVOjtLEdzJU/cvPR2ilMk/5Am0="},"lastRemoteEphemeralKey":"BZee4PCPtQJI8EF5JwiXE6o4MUv8HdlIN3Lmh6tQaXNm","previousCounter":0,"rootKey":"Aazs+TRNDaO2udeBh7Ma9qw7XIUjwTWnvM0DhlUaC/M="},"indexInfo":{"baseKey":"Bejag2bb0f/TZJrgqidMlr9xx8nDnUc52/821QkzmHBA","baseKeyType":1,"closed":1747273168333,"used":1747273151837,"created":1747273151837,"remoteIdentityKey":"BQvQ8qeMEWCVm/C1370L1jadRMY/ZzCbByxXohxZJmEY"},"_chains":{"BUDUIhAp8ROdw1s4FQua/8AJU1IIYw2LyhuwX8qcdiRV":{"chainKey":{"counter":0,"key":"DbRNSxRO7TtZy0lPrBJofiqfDnarYuLeHjxbDVwFU7E="},"chainType":1,"messageKeys":{}}},"pendingPreKey":{"signedKeyId":1,"baseKey":"Bejag2bb0f/TZJrgqidMlr9xx8nDnUc52/821QkzmHBA"}},"BSHZD1QUn0bt+07NIcSUxCxFFrVOp9h+Y9GIllZz1fIm":{"registrationId":56,"currentRatchet":{"ephemeralKeyPair":{"pubKey":"BfvZck0cRwade2aETqxDtrszG7YvNIHIB/APIZIKWEtm","privKey":"IDbXCuWvZ9JwKn3YQwaraH9fqGIMIOcbK3xbwW6ROUo="},"lastRemoteEphemeralKey":"BZee4PCPtQJI8EF5JwiXE6o4MUv8HdlIN3Lmh6tQaXNm","previousCounter":0,"rootKey":"u5fJX5651Bjlb8AWKdOWP9Oh5Ma5BvHQfiLnhwmchWs="},"indexInfo":{"baseKey":"BSHZD1QUn0bt+07NIcSUxCxFFrVOp9h+Y9GIllZz1fIm","baseKeyType":1,"closed":1747320716050,"used":1747273168330,"created":1747273168330,"remoteIdentityKey":"BQvQ8qeMEWCVm/C1370L1jadRMY/ZzCbByxXohxZJmEY"},"_chains":{"BfvZck0cRwade2aETqxDtrszG7YvNIHIB/APIZIKWEtm":{"chainKey":{"counter":9,"key":"5KMZfS2CyzhnEtIkCBugO4/4jrY4oMd9cGZNhPRuQrA="},"chainType":1,"messageKeys":{}}},"pendingPreKey":{"signedKeyId":1,"baseKey":"BSHZD1QUn0bt+07NIcSUxCxFFrVOp9h+Y9GIllZz1fIm"}},"BSoLlGN5s50h0KbzIK0wz2kljxmJjrJmIut6HGWF7vFi":{"registrationId":56,"currentRatchet":{"ephemeralKeyPair":{"pubKey":"BRW1oMziAD4IdilPSi4kLLt8URo2C+ghZ9Eice7iI4RQ","privKey":"AI/Ld+DNvXjNxTZky6SY6dh7FbQlDGQC856SJLB6OXY="},"lastRemoteEphemeralKey":"BZee4PCPtQJI8EF5JwiXE6o4MUv8HdlIN3Lmh6tQaXNm","previousCounter":0,"rootKey":"yrTdkI4ZcOp8180+K/gT3jvHtG1ZZVxq5o4niFbQFI4="},"indexInfo":{"baseKey":"BSoLlGN5s50h0KbzIK0wz2kljxmJjrJmIut6HGWF7vFi","baseKeyType":1,"closed":1747403827939,"used":1747320716038,"created":1747320716038,"remoteIdentityKey":"BQvQ8qeMEWCVm/C1370L1jadRMY/ZzCbByxXohxZJmEY"},"_chains":{"BRW1oMziAD4IdilPSi4kLLt8URo2C+ghZ9Eice7iI4RQ":{"chainKey":{"counter":2,"key":"Uq4dvp02OST/0Ye1ZL01h5LzOygoq2/rpKcJx6GiQ9w="},"chainType":1,"messageKeys":{}}},"pendingPreKey":{"signedKeyId":1,"baseKey":"BSoLlGN5s50h0KbzIK0wz2kljxmJjrJmIut6HGWF7vFi"}},"BULEAfQMAxDRqSO3GE4itBEf9Fi26T+SEQ5f3tE84kUD":{"registrationId":56,"currentRatchet":{"ephemeralKeyPair":{"pubKey":"BV0ViNCBwD/b3mCMnaQLiONq3ZJ3XFjQqDINR/FVhP9u","privKey":"EAdJD1HFRBqYwza0HbPAEqquuPsH+th1fB89zj6OSWE="},"lastRemoteEphemeralKey":"BZee4PCPtQJI8EF5JwiXE6o4MUv8HdlIN3Lmh6tQaXNm","previousCounter":0,"rootKey":"X4Gxu4WmR8V8naoXb4wG2dBgttMmvp6Pq9Wob1T73jQ="},"indexInfo":{"baseKey":"BULEAfQMAxDRqSO3GE4itBEf9Fi26T+SEQ5f3tE84kUD","baseKeyType":1,"closed":-1,"used":1747403827934,"created":1747403827934,"remoteIdentityKey":"BQvQ8qeMEWCVm/C1370L1jadRMY/ZzCbByxXohxZJmEY"},"_chains":{"BV0ViNCBwD/b3mCMnaQLiONq3ZJ3XFjQqDINR/FVhP9u":{"chainKey":{"counter":1,"key":"9iwEPFkaMoGiVlfucrM0HztIPsFf/ABQnLKM3D2w3O4="},"chainType":1,"messageKeys":{}}},"pendingPreKey":{"signedKeyId":1,"baseKey":"BULEAfQMAxDRqSO3GE4itBEf9Fi26T+SEQ5f3tE84kUD"}}},"version":"v1"}