{"_sessions":{"BeUVmUOkjQyTowlCIE1sbf2dJGCvjUuGUk38JQnpFyk8":{"registrationId":2216,"currentRatchet":{"ephemeralKeyPair":{"pubKey":"BWr+1k2ubAZuT5XI4lpws/jxe1hqnwgMcD9A0DV7s4wR","privKey":"SMl7j0kI9wzrRiL5iPLkI51xdAo24KXPTSwIDnOZQ0Q="},"lastRemoteEphemeralKey":"BSvqtDvNJncXQAReeH5K4DZEKfPVgTiWaIBadWVow7Bk","previousCounter":0,"rootKey":"mrzW0T4NrWp+gDFcrWl4GBu9Kyl9LBSpVRnyKmPeOiw="},"indexInfo":{"baseKey":"BeUVmUOkjQyTowlCIE1sbf2dJGCvjUuGUk38JQnpFyk8","baseKeyType":1,"closed":-1,"used":1747231421827,"created":1747231421827,"remoteIdentityKey":"BR+hkv0rsdih24i9IUFgFsNncaGyi46Bl29XRs38Ytpk"},"_chains":{"BWr+1k2ubAZuT5XI4lpws/jxe1hqnwgMcD9A0DV7s4wR":{"chainKey":{"counter":8,"key":"rQamQSXgyf/VAxWs4aP2hIS1aANKEMPAF1UK0StKKwg="},"chainType":1,"messageKeys":{}}},"pendingPreKey":{"signedKeyId":1,"baseKey":"BeUVmUOkjQyTowlCIE1sbf2dJGCvjUuGUk38JQnpFyk8"}}},"version":"v1"}