{"_sessions":{"BbXaV/NRLcALljWD1Vo7silC14mSAMRrLk/3t/tBnNED":{"registrationId":1600571485,"currentRatchet":{"ephemeralKeyPair":{"pubKey":"BVZi/dD5/zv8TkPaTbay41ag52OtIoRdm0sYT8G7PYMq","privKey":"4N4/FORYuxsaiTtgzEmQo+0LneznWWSfRRVHaaQS+kI="},"lastRemoteEphemeralKey":"BX/qaHQIRRJZWblFsSEzDxEGb0EAtcKHKC747nEsnAxE","previousCounter":0,"rootKey":"PprYmCwCri/JGDTHnCLrYMhis6TTmHN6k4QkxXvbCME="},"indexInfo":{"baseKey":"BbXaV/NRLcALljWD1Vo7silC14mSAMRrLk/3t/tBnNED","baseKeyType":1,"closed":-1,"used":1747231422589,"created":1747231422589,"remoteIdentityKey":"BaFqaPE9do84Tu08RbTT2OElVVkCGf4xOhxr4YwFvD0n"},"_chains":{"BVZi/dD5/zv8TkPaTbay41ag52OtIoRdm0sYT8G7PYMq":{"chainKey":{"counter":89,"key":"nZ6ym1rfs7EzS9taFiS1T2GXB2SYyK4BwWhtj35UUCU="},"chainType":1,"messageKeys":{}}},"pendingPreKey":{"signedKeyId":3,"baseKey":"BbXaV/NRLcALljWD1Vo7silC14mSAMRrLk/3t/tBnNED"}}},"version":"v1"}