{"_sessions":{"BWbVcl38IcItGO6f9iz+7iBzuQQtw87pmk6dA6McTed4":{"registrationId":26867496,"currentRatchet":{"ephemeralKeyPair":{"pubKey":"BUc4L4cdE8h7xMFd+ywHdcZvbgQi24+R4aqfUos4ShEY","privKey":"eNDi5NnJO+MJfMc27nm+jMwWCCiWE24AUmx0zZDLPXM="},"lastRemoteEphemeralKey":"Bdlg9WZcilJwqMUDSo3daVTCphN/0PNtFu/+/H05yCIz","previousCounter":0,"rootKey":"FhLWsUytiXBWeYggVKyCEuHwqh9HSdqACRVWkU0Ah5U="},"indexInfo":{"baseKey":"BWbVcl38IcItGO6f9iz+7iBzuQQtw87pmk6dA6McTed4","baseKeyType":1,"closed":-1,"used":1747231422350,"created":1747231422350,"remoteIdentityKey":"BZoqdg2Ck9EmD3d06Gx1UGvNFxDnSwDh1qnfnypjdo97"},"_chains":{"BUc4L4cdE8h7xMFd+ywHdcZvbgQi24+R4aqfUos4ShEY":{"chainKey":{"counter":89,"key":"6aR2O0MNxFNd3t7CQIiD7LTTdeyU9P/9qXUfLUdYdnA="},"chainType":1,"messageKeys":{}}},"pendingPreKey":{"signedKeyId":0,"baseKey":"BWbVcl38IcItGO6f9iz+7iBzuQQtw87pmk6dA6McTed4"}}},"version":"v1"}