{"_sessions":{"BWo/SS94pLa7HAiY6P3fxxTDQg92NMTbIM4jxnSg3ypY":{"registrationId":1974095400,"currentRatchet":{"ephemeralKeyPair":{"pubKey":"BZKDYH0leeJaJ6DdTM6OPYmvDgrWFbqi/B37FNFxE5oA","privKey":"8Da4KIICvRJKcSavdS1jVBBocPxuqztOds6z6osyFGM="},"lastRemoteEphemeralKey":"BUD5kTaoixAo41cM3VvYM5/tW9s+37VvIWQ3Q+1TWEN+","previousCounter":0,"rootKey":"PCEZeaqW/nA9MOfjG01Wu5qOBXPX2fA7+vVYraUMR44="},"indexInfo":{"baseKey":"BWo/SS94pLa7HAiY6P3fxxTDQg92NMTbIM4jxnSg3ypY","baseKeyType":1,"closed":-1,"used":1747565426084,"created":1747565329584,"remoteIdentityKey":"BTF+jugFgj5VU70/Q0o/HeC/3hz5S2u+L3aLUnn9RW40"},"_chains":{"BUD5kTaoixAo41cM3VvYM5/tW9s+37VvIWQ3Q+1TWEN+":{"chainKey":{"counter":1,"key":"NvKmZ6u2q06u6WaKUUiyLx8xG3/Xnn2U/QQFSAL/vik="},"chainType":2,"messageKeys":{}},"BZKDYH0leeJaJ6DdTM6OPYmvDgrWFbqi/B37FNFxE5oA":{"chainKey":{"counter":59,"key":"Ja6rBvKycZ9aQuZaWKWhztYi6gaILJnXNZDxD1e3bjI="},"chainType":1,"messageKeys":{}}}}},"version":"v1"}