{"_sessions":{"BaIxP3lGRmgiNZR6lfvqHctrtGvS7uaGLRx0dhZgq4cF":{"registrationId":558703691,"currentRatchet":{"ephemeralKeyPair":{"pubKey":"BWJfqPSl66etdd59AKVJidSNxEavyj0g8nxWemriIz4m","privKey":"SDqjY1vXIFA9136fvfl4UYbDG340YUjNIr9KRxLxnWg="},"lastRemoteEphemeralKey":"BUCFEgjZsb93qaTZtbsJXo7AbHofJwCD9VeJrYJO12gu","previousCounter":0,"rootKey":"8RLFMHHhnGB+OFo/7si0MbgevY3Vp0dAaXcqMpGr8Pc="},"indexInfo":{"baseKey":"BaIxP3lGRmgiNZR6lfvqHctrtGvS7uaGLRx0dhZgq4cF","baseKeyType":1,"closed":-1,"used":1747231422265,"created":1747231422265,"remoteIdentityKey":"BZIy5W+vjZYAUDQcwvL+U2xdfrJGH3zC6IyeCvnGDME3"},"_chains":{"BWJfqPSl66etdd59AKVJidSNxEavyj0g8nxWemriIz4m":{"chainKey":{"counter":89,"key":"Qjo2CeKbHjDomz3qJshUy3RYtYhqfnD5chx0OxxdmPA="},"chainType":1,"messageKeys":{}}},"pendingPreKey":{"signedKeyId":0,"baseKey":"BaIxP3lGRmgiNZR6lfvqHctrtGvS7uaGLRx0dhZgq4cF","preKeyId":4777915}}},"version":"v1"}