{"_sessions":{"BURPh9WVcTg9Ex2wM7jGjwI/f7xGK0d77g1h2SM7PAxl":{"registrationId":701904026,"currentRatchet":{"ephemeralKeyPair":{"pubKey":"BfapZAN7EC7heFp6cjd8pNbI0OfKpOiB9+GO/Esfeeoh","privKey":"mD6jh8537/Ql/RyrdsBpZY3P16gOdpSQXyvZseA+J3E="},"lastRemoteEphemeralKey":"BfeFEbPBdVIHFGIKPOOZbx+HveOI3CvzwPhAiBFUMPpY","previousCounter":0,"rootKey":"FjLs8GD749sOZ9ZWfrn2LGeOWFIeTPSQD2Mpradpyj0="},"indexInfo":{"baseKey":"BURPh9WVcTg9Ex2wM7jGjwI/f7xGK0d77g1h2SM7PAxl","baseKeyType":1,"closed":-1,"used":1747231422410,"created":1747231422410,"remoteIdentityKey":"BVlVqRC+fJmisxx3Ny6co5PSekh9I+1R2i17960BAsAA"},"_chains":{"BfapZAN7EC7heFp6cjd8pNbI0OfKpOiB9+GO/Esfeeoh":{"chainKey":{"counter":89,"key":"hdGRur3mviN5xxOQOiNBnCCpxKtgGkgL+lG6lwxO6Ss="},"chainType":1,"messageKeys":{}}},"pendingPreKey":{"signedKeyId":4,"baseKey":"BURPh9WVcTg9Ex2wM7jGjwI/f7xGK0d77g1h2SM7PAxl","preKeyId":4130533}}},"version":"v1"}