{"_sessions":{"BSCdKKzd+HFbvvrgGO5lrTZqBif+UYmZoaePqUFzUDQP":{"registrationId":1333562385,"currentRatchet":{"ephemeralKeyPair":{"pubKey":"BdAYoGqRpYD2lD5kLwcoWyEKkDZEX9xjUT89qzH5I4hr","privKey":"QHOq0aUEAaccAhdnnV3mNdiao+zwyEQo51IakiNW5UA="},"lastRemoteEphemeralKey":"BaSicNsqgITnBSaV70qrazLmN+q1BEQMWaZBkrAGUqof","previousCounter":0,"rootKey":"S5AL/gloNLsF1ltkHH5hJP3KRo3xWw35nzvaPYkr6TY="},"indexInfo":{"baseKey":"BSCdKKzd+HFbvvrgGO5lrTZqBif+UYmZoaePqUFzUDQP","baseKeyType":1,"closed":-1,"used":1747269909545,"created":1747269909545,"remoteIdentityKey":"BY2cfiGQkg4G+roDA0VE+d3yWu7ApYUJRQxaDNIpqDY5"},"_chains":{"BdAYoGqRpYD2lD5kLwcoWyEKkDZEX9xjUT89qzH5I4hr":{"chainKey":{"counter":0,"key":"59QV+2DVvjXbCWQ3Ch9jJQxmk1vflJyxPHTcy6QLYLo="},"chainType":1,"messageKeys":{}}},"pendingPreKey":{"signedKeyId":9,"baseKey":"BSCdKKzd+HFbvvrgGO5lrTZqBif+UYmZoaePqUFzUDQP","preKeyId":1747877}}},"version":"v1"}