{"_sessions":{"BY0/W/cKEdm4jaJIz7l1mk/ezKlpGScVUkjK95PBD+Zz":{"registrationId":40,"currentRatchet":{"ephemeralKeyPair":{"pubKey":"Bavj1wKiCi25Ruwqsn1mfJWSbBQUJIz/Y84jqu0Qp6w/","privKey":"MJfX8qJARCe5/7BdcBUoFtSvbPZwFLkkSQS17T9uRWM="},"lastRemoteEphemeralKey":"BS37FWcCayWEW2Jm5izUwVjGB5tW4z2xz9U/OdCyDmEv","previousCounter":1,"rootKey":"JJ0Irn7GmXzJ2763Ev3p6IK9bfwDPZeVNY0xLCc41lc="},"indexInfo":{"baseKey":"BY0/W/cKEdm4jaJIz7l1mk/ezKlpGScVUkjK95PBD+Zz","baseKeyType":1,"closed":-1,"used":1747387794046,"created":1747387789536,"remoteIdentityKey":"BRCqbgndU/d/Zu/KXfSpSwFgU0ivkna1/hCvT/dXhmoH"},"_chains":{"BS37FWcCayWEW2Jm5izUwVjGB5tW4z2xz9U/OdCyDmEv":{"chainKey":{"counter":1,"key":"uYDDieiKiYP0yLdMAsrBFRHnkXcImBrkhd0WxvuaS8k="},"chainType":2,"messageKeys":{}},"Bavj1wKiCi25Ruwqsn1mfJWSbBQUJIz/Y84jqu0Qp6w/":{"chainKey":{"counter":0,"key":"7vlib6sCqnbcZUvXYjwCDBHF0Ip65DQdXYO0C6QJkOU="},"chainType":1,"messageKeys":{}}}}},"version":"v1"}