{"_sessions":{"BSEW9/CXLgoXKVHMg932CniZMk8sH86tAOyzcDNJxP8s":{"registrationId":1571425561,"currentRatchet":{"ephemeralKeyPair":{"pubKey":"BezlLisJJlZCuNsyljLJsoEDthJxeKv/pCmixUYvIMx4","privKey":"cFW6v4jmu85lmsEqCmZy4h+NPCc+irgwbKah/oopG2c="},"lastRemoteEphemeralKey":"BZEREnvlGHgXd6xGt/jrHs49jl7plNDw8LS4Hx/PrvEz","previousCounter":0,"rootKey":"IbbOOrThNI8/8B8Mx4Rh/e3cPel7YtQpILwNPQ/6zqY="},"indexInfo":{"baseKey":"BSEW9/CXLgoXKVHMg932CniZMk8sH86tAOyzcDNJxP8s","baseKeyType":1,"closed":-1,"used":1747269915113,"created":1747269915113,"remoteIdentityKey":"BSa+8kLSdjJBvMEYx12YBm9wyDbor/w8mALpjq8TR+RH"},"_chains":{"BezlLisJJlZCuNsyljLJsoEDthJxeKv/pCmixUYvIMx4":{"chainKey":{"counter":0,"key":"hKA9ChGD3q8K9azOt9SRAH1ZtCKLGxyU67DzR7L0PL8="},"chainType":1,"messageKeys":{}}},"pendingPreKey":{"signedKeyId":3,"baseKey":"BSEW9/CXLgoXKVHMg932CniZMk8sH86tAOyzcDNJxP8s","preKeyId":2730}}},"version":"v1"}