{"_sessions":{"BXgwm+vkU165JA1NBoF8EJZjxwfHssXgxDmKCeNpsqBm":{"registrationId":2136368433,"currentRatchet":{"ephemeralKeyPair":{"pubKey":"BVNATXLAXJ2SSJJrmLvzdHKx8zhKyvIQDOESgm2gpJBm","privKey":"gNQ1RydB8C3jAEnXwKwf+irVfYndh5WYE+N7sNxEQlM="},"lastRemoteEphemeralKey":"BTncAJa29ADvDEJrQf4rBeaIjQTOEArcP71N+hcOhkR6","previousCounter":41,"rootKey":"3G4312fJ7E3sl70yjVNRH98HjJM0/nNxJSVVsGg5A7A="},"indexInfo":{"baseKey":"BXgwm+vkU165JA1NBoF8EJZjxwfHssXgxDmKCeNpsqBm","baseKeyType":1,"closed":-1,"used":1747650358818,"created":1747387789561,"remoteIdentityKey":"BS7bRldJlU/+yPZFW0gSG/OvQjp60rY+5bS4pwPacidY"},"_chains":{"BdTqX8nnNzPVPrufgsktVoSjUdqreITYoXMT8jtc8s4n":{"chainKey":{"counter":0},"chainType":2,"messageKeys":{}},"BTncAJa29ADvDEJrQf4rBeaIjQTOEArcP71N+hcOhkR6":{"chainKey":{"counter":0,"key":"+NEEHDR3gr0rDJjJJoJsjjMIAnD9KjhRBbCEMHOWe5s="},"chainType":2,"messageKeys":{}},"BVNATXLAXJ2SSJJrmLvzdHKx8zhKyvIQDOESgm2gpJBm":{"chainKey":{"counter":17,"key":"qH87cxN0UxftN3H/T2hZWCQp1RQF3IF870HdzFPnxQE="},"chainType":1,"messageKeys":{}}}}},"version":"v1"}