{"_sessions":{"BYbeM8TW2XCMb2mzY3xVbDDbjNn5jhIQnAibGs0Y5h1F":{"registrationId":1326228469,"currentRatchet":{"ephemeralKeyPair":{"pubKey":"BRdn4L3XCztE/6iOBSW0JxKcPIi9o7BX5hQ/Ypva6FJM","privKey":"uKPQGfIZS3v4Eumjwr0+u88vwSeaE0XyCR+4P40ltEQ="},"lastRemoteEphemeralKey":"BTcUdYaWC9/sgOWTN1JQkiVg+1Iku2dSIMuxloJ5TOAm","previousCounter":0,"rootKey":"U8Z4qLt/6pMrtlG1mCY0vHwwUTDVYBqWPCLIQ+lWiNg="},"indexInfo":{"baseKey":"BYbeM8TW2XCMb2mzY3xVbDDbjNn5jhIQnAibGs0Y5h1F","baseKeyType":1,"closed":-1,"used":1747231421670,"created":1747231421670,"remoteIdentityKey":"BWdzxl+TiwTP2fvN0NxRgUvdVC+tfZrWVKrUq95fVgQp"},"_chains":{"BRdn4L3XCztE/6iOBSW0JxKcPIi9o7BX5hQ/Ypva6FJM":{"chainKey":{"counter":89,"key":"oaVXMPWouJOjN+KT7zWkSKLyrkPBQiblMGRsOSsOlnQ="},"chainType":1,"messageKeys":{}}},"pendingPreKey":{"signedKeyId":13475408,"baseKey":"BYbeM8TW2XCMb2mzY3xVbDDbjNn5jhIQnAibGs0Y5h1F"}}},"version":"v1"}