{"_sessions":{"BVxrtmTQQ0K772KI/BuSYvo6PIvxpSZB3crvw58ysjFX":{"registrationId":2005626997,"currentRatchet":{"ephemeralKeyPair":{"pubKey":"BVAx476sFDFpAE5JUwtqrvjFb/Wj4m2nsrftVdhxDeBL","privKey":"qONS7eF7z+boXRZaSnvmPE/NcFAdc/DJVZRBC1S+ek0="},"lastRemoteEphemeralKey":"BdvdJixmCVMxEX6HGo9PkcEG0cYyadgvmS3St7Uyuz02","previousCounter":0,"rootKey":"SdLSA9yYdjsrSyhscDmFFbUuvIlsnccPsCAxvkgNuSI="},"indexInfo":{"baseKey":"BVxrtmTQQ0K772KI/BuSYvo6PIvxpSZB3crvw58ysjFX","baseKeyType":1,"closed":-1,"used":1747231422497,"created":1747231422497,"remoteIdentityKey":"BaTW6hWisXclS6Les9iMcami//1HIe5icVRzumdOxJMY"},"_chains":{"BVAx476sFDFpAE5JUwtqrvjFb/Wj4m2nsrftVdhxDeBL":{"chainKey":{"counter":89,"key":"aEfY6P6sxw0Kqw+mqIP6eiO09M2g3pTCfL/opHMPjCc="},"chainType":1,"messageKeys":{}}},"pendingPreKey":{"signedKeyId":0,"baseKey":"BVxrtmTQQ0K772KI/BuSYvo6PIvxpSZB3crvw58ysjFX"}}},"version":"v1"}