{"_sessions":{"BQSfeeD3Y7As0LOWlOK40ZgkHswuAcA3Yu7zrAPVcWoq":{"registrationId":8700,"currentRatchet":{"ephemeralKeyPair":{"pubKey":"BcrI9iyetSuef0msjDhp3sCKNcsaBHKmlg0ih4QsHPoJ","privKey":"cDHGAkU8WhqD8mue3j83omW8e+SapLyllydaVwv7zm8="},"lastRemoteEphemeralKey":"BZNxZ2AkWY6KHI0EOXSLE0zCq0H3ShyF5Wv49VC8KJ0W","previousCounter":0,"rootKey":"Z+vwljpPJ1EV/S4h0JxDJcT5g3VSHIQBmzIsMPCGDTg="},"indexInfo":{"baseKey":"BQSfeeD3Y7As0LOWlOK40ZgkHswuAcA3Yu7zrAPVcWoq","baseKeyType":1,"closed":-1,"used":1747380044288,"created":1747380044287,"remoteIdentityKey":"BQ4VDBl5Ngbr2hrM/sruZoHB3/4DlQPMztSx8OZla7Jk"},"_chains":{"BcrI9iyetSuef0msjDhp3sCKNcsaBHKmlg0ih4QsHPoJ":{"chainKey":{"counter":0,"key":"h6/m6TSjhpMVemXqfJW4zTIBVX8uCDlpfMvIYRcTdk4="},"chainType":1,"messageKeys":{}}},"pendingPreKey":{"signedKeyId":3,"baseKey":"BQSfeeD3Y7As0LOWlOK40ZgkHswuAcA3Yu7zrAPVcWoq"}}},"version":"v1"}