{"_sessions":{"BWAgfGB6kRXINH4JMD6P68P1TCOffwkVoS5qejggZ9kn":{"registrationId":51,"currentRatchet":{"ephemeralKeyPair":{"pubKey":"BaLy7wDvfG9h2r3sHb2upAq3KkDv7rdroobbVCvQWaJV","privKey":"uBqNwMifXBiVAWpfWWOySI9wEvM9x47Ss5jfVqRSImE="},"lastRemoteEphemeralKey":"BQN92pUN5CrpFKuAzXQHZEN4R1r8yYWYAST2GI6P9DED","previousCounter":0,"rootKey":"QO426JAVIshBKnRJEjMuVCO0esA64lJZ41PXldXppck="},"indexInfo":{"baseKey":"BWAgfGB6kRXINH4JMD6P68P1TCOffwkVoS5qejggZ9kn","baseKeyType":1,"closed":-1,"used":1747565329587,"created":1747565329587,"remoteIdentityKey":"BXAiSIFYkHdRyR7tlNhy3vl0AyWHBkSoh5I28vAODRpi"},"_chains":{"BaLy7wDvfG9h2r3sHb2upAq3KkDv7rdroobbVCvQWaJV":{"chainKey":{"counter":8,"key":"ZSg2N9jEJBveOQD7pQ9hn/fyD7r8msOEMcg4piZN1Ro="},"chainType":1,"messageKeys":{}}},"pendingPreKey":{"signedKeyId":1,"baseKey":"BWAgfGB6kRXINH4JMD6P68P1TCOffwkVoS5qejggZ9kn"}}},"version":"v1"}