{"_sessions":{"BcZHyglGN2ylx5CyjpjoQbEXajtAMlCWrUvBv9dDdg1L":{"registrationId":1194336764,"currentRatchet":{"ephemeralKeyPair":{"pubKey":"BVAXPmy8UHY2MMgrclqB6DH0Dx9N82NYNOpUvaDcJwUO","privKey":"CGy1gTM/go5fjdT3Td3/Hwcz2V+/ooi1jTYXbf0yhkY="},"lastRemoteEphemeralKey":"BRp1088K3BzKaOhhxF3gq+8qML9GGFdj7bOVZH00qsdc","previousCounter":0,"rootKey":"HU9h63x7cpiEoH0k+fhljAZJAavtlRJDwK3+6y4qKYg="},"indexInfo":{"baseKey":"BcZHyglGN2ylx5CyjpjoQbEXajtAMlCWrUvBv9dDdg1L","baseKeyType":1,"closed":-1,"used":1747231422167,"created":1747231422167,"remoteIdentityKey":"BZFrM0KD722yceVuTnoYz14B2OXEb8vbzhnqzMurVYce"},"_chains":{"BVAXPmy8UHY2MMgrclqB6DH0Dx9N82NYNOpUvaDcJwUO":{"chainKey":{"counter":89,"key":"5IowgZjttismV3DLfl53A+Y0d/3XCQZPYrjZhGV8SgU="},"chainType":1,"messageKeys":{}}},"pendingPreKey":{"signedKeyId":3,"baseKey":"BcZHyglGN2ylx5CyjpjoQbEXajtAMlCWrUvBv9dDdg1L","preKeyId":9873895}}},"version":"v1"}