{"_sessions":{"BdKL8/xGZzaiaVmoPLCHI7GYPkb+PLMitHQgrogKlgk+":{"registrationId":957660211,"currentRatchet":{"ephemeralKeyPair":{"pubKey":"Bf79kcKEGl6WshOqfIU1mMcoNAuZJ0Qz2AvwE+4pNiAC","privKey":"8KCp9LmHTosy1pgpSbtKkorlOVxePiIMuxAhxyBSFmQ="},"lastRemoteEphemeralKey":"BeDVBxXyAvnrPuHZwjhX4p6HLG3B26s3qB2XViPz1uBU","previousCounter":0,"rootKey":"f6Y5mxbozfDBkdPjxHxsYL1TfEHzqB63zbU5CQNZQn8="},"indexInfo":{"baseKey":"BdKL8/xGZzaiaVmoPLCHI7GYPkb+PLMitHQgrogKlgk+","baseKeyType":1,"closed":-1,"used":1747231422421,"created":1747231422421,"remoteIdentityKey":"BXshHyOayJeT3rV6wpDeKTDSa6biq/60YLN+F58pBv12"},"_chains":{"Bf79kcKEGl6WshOqfIU1mMcoNAuZJ0Qz2AvwE+4pNiAC":{"chainKey":{"counter":89,"key":"VOzKqdsr4WJB9EAH5FFIp1h8wF6jbUTmMGduO3zPPRs="},"chainType":1,"messageKeys":{}}},"pendingPreKey":{"signedKeyId":43,"baseKey":"BdKL8/xGZzaiaVmoPLCHI7GYPkb+PLMitHQgrogKlgk+","preKeyId":11561062}}},"version":"v1"}