{"_sessions":{"BfJoI56Vl2qyOWJuUR5brCQluy9n+krWdYET9c+2aFEy":{"registrationId":981584802,"currentRatchet":{"ephemeralKeyPair":{"pubKey":"BdQJt6OgX5H1nmQ9fZ2ppr7PMgtfO28KgUSAvWtFAZlq","privKey":"uIsG1MZ8Cjz9+SsXv/tGb1MRuGgaGOSmYpv+uJhGYFs="},"lastRemoteEphemeralKey":"BXGwQ5fNXzCB3yk02r7espCf1gmIOGW/ug00wavmZZp5","previousCounter":0,"rootKey":"HezuUNxxnOpDiULriQMiq4trx6QBcAyt9eTzlQN8qCA="},"indexInfo":{"baseKey":"BfJoI56Vl2qyOWJuUR5brCQluy9n+krWdYET9c+2aFEy","baseKeyType":1,"closed":-1,"used":1747304834260,"created":1747269903221,"remoteIdentityKey":"BUp+wys+Gkrppu1wiRnIlAjRmQUrQSuT/wY79JzyGdpr"},"_chains":{"BXGwQ5fNXzCB3yk02r7espCf1gmIOGW/ug00wavmZZp5":{"chainKey":{"counter":1,"key":"jksBmb1vefIpWx7ma/Wcy8g+6vI9dNPJCT2GxhzGZrI="},"chainType":2,"messageKeys":{}},"BdQJt6OgX5H1nmQ9fZ2ppr7PMgtfO28KgUSAvWtFAZlq":{"chainKey":{"counter":-1,"key":"B3bibEUTc1FvkgBxfTxqqyUCuQnaGCr6mQ0/kIPkf84="},"chainType":1,"messageKeys":{}}}}},"version":"v1"}