{"_sessions":{"BX+/U/zc7mhyje36B1kkb9bSV6LPGCTn74v6O15jPdAi":{"registrationId":488064710,"currentRatchet":{"ephemeralKeyPair":{"pubKey":"BWif2bVGOpbIN77EkKev4omoW4XACqHG5NKgCHIpoERq","privKey":"0NJL4AtbJbW8K+fFE7wGQLDxzCfkrEEHvsTVo7w9GVg="},"lastRemoteEphemeralKey":"BY+NUKcgj+iVHfWw0/eoSFvS1vG+Rt6zPKYfdKjeNUwU","previousCounter":0,"rootKey":"1SiNN+BsSiDQ4ZHQJ0vw9pxZIh7VH0CVAJJJNIwXTXM="},"indexInfo":{"baseKey":"BX+/U/zc7mhyje36B1kkb9bSV6LPGCTn74v6O15jPdAi","baseKeyType":1,"closed":-1,"used":1747269911546,"created":1747269911546,"remoteIdentityKey":"BYWhF6lbgdvYS/TUQl0Gx7Cmb5v+e+JVWCLIr5SLfss7"},"_chains":{"BWif2bVGOpbIN77EkKev4omoW4XACqHG5NKgCHIpoERq":{"chainKey":{"counter":0,"key":"Emo+AKSNngA8OpB333QjBKzgRxtuZbiClrzWh2Nd8Dk="},"chainType":1,"messageKeys":{}}},"pendingPreKey":{"signedKeyId":0,"baseKey":"BX+/U/zc7mhyje36B1kkb9bSV6LPGCTn74v6O15jPdAi","preKeyId":1498169}}},"version":"v1"}