{"_sessions":{"BSw4SSEezLWcOGq1oxYgKpwkrvNjFMGI7Q/GDTpoWy8t":{"registrationId":206732125,"currentRatchet":{"ephemeralKeyPair":{"pubKey":"BYBYvqKjyZvoTnih8DcHSoE9FJzj740YP8u4qbtsy3tJ","privKey":"8LO/mubrf047M/sNy9QRgQrtmPW5S2m0z38Koa6PbFU="},"lastRemoteEphemeralKey":"BUzbdgOllLIEX3JpkF8MHXxaw42J6Em2G40SejlQGilv","previousCounter":0,"rootKey":"Uc2F5BEaSzalZeFTLZx157zNyeVDRpicjL2fATU3nWY="},"indexInfo":{"baseKey":"BSw4SSEezLWcOGq1oxYgKpwkrvNjFMGI7Q/GDTpoWy8t","baseKeyType":1,"closed":-1,"used":1747231422359,"created":1747231422359,"remoteIdentityKey":"BS1r73lQcIMcaYHzB5Qa1KxZ4guTVHxtX0YD0xCu2it5"},"_chains":{"BYBYvqKjyZvoTnih8DcHSoE9FJzj740YP8u4qbtsy3tJ":{"chainKey":{"counter":89,"key":"jZ8kPot2qNHj9euQk3+swBq6gg5AHdx2FDmgvWO4VLw="},"chainType":1,"messageKeys":{}}},"pendingPreKey":{"signedKeyId":4,"baseKey":"BSw4SSEezLWcOGq1oxYgKpwkrvNjFMGI7Q/GDTpoWy8t"}}},"version":"v1"}