{"_sessions":{"BYMTL5UDG9JffiC+m4MiVxOIsOC4B4e/k8s9DW+kBEc8":{"registrationId":74,"currentRatchet":{"ephemeralKeyPair":{"pubKey":"BWtaRaRJaYlePtau5WdpWqTFfaMBFvsawufojNa97nsD","privKey":"8GjQuQc6ahj7/f0JJNpXV704LzW8U8NK+kpfr2uq+ng="},"lastRemoteEphemeralKey":"BdD5tcNml/uJDpkRJrS9U5faoqOxS06gewGSeDrGCWhn","previousCounter":0,"rootKey":"uoYL+p176cjRGZon5iy+iY4Qd2IP1FtS4sWmHE7I3Nw="},"indexInfo":{"baseKey":"BYMTL5UDG9JffiC+m4MiVxOIsOC4B4e/k8s9DW+kBEc8","baseKeyType":1,"closed":-1,"used":1747552782493,"created":1747552782493,"remoteIdentityKey":"BS2c4f/bTVMiFBwDeT4ztg8Z5+M8VHFzMMvHK/l3rmMr"},"_chains":{"BWtaRaRJaYlePtau5WdpWqTFfaMBFvsawufojNa97nsD":{"chainKey":{"counter":0,"key":"3PQ6qhg1OPtyMlgYBUK4+2mcAAQ9QwDnO/QSW+dmv7E="},"chainType":1,"messageKeys":{}}},"pendingPreKey":{"signedKeyId":1,"baseKey":"BYMTL5UDG9JffiC+m4MiVxOIsOC4B4e/k8s9DW+kBEc8","preKeyId":21}}},"version":"v1"}