{"_sessions":{"BUWDNFtf0i4wUIt5P88qQIoN/8/mBaQIXYz6P3G1mzE/":{"registrationId":1442294481,"currentRatchet":{"ephemeralKeyPair":{"pubKey":"BRW2eQlo9XuSMdBbwNXJS1tCcfsG2og7Sg+xa7MSEE9E","privKey":"AFDiuD2PhvtwRbKz/hTx5NhB1sjL8/qNw6oKvwzItnM="},"lastRemoteEphemeralKey":"BZSYZ79+IuOLt65P3yMqgXAS/8p8eT/c3yDsfyI9VNR8","previousCounter":0,"rootKey":"HM1v3w8ca8ciEYl3sazgJ+TdvXISl9bVxbf6M3/yvPU="},"indexInfo":{"baseKey":"BUWDNFtf0i4wUIt5P88qQIoN/8/mBaQIXYz6P3G1mzE/","baseKeyType":1,"closed":-1,"used":1747231422274,"created":1747231422274,"remoteIdentityKey":"Bd+w2cpcKkkY6VZ9f/82kS/DWuk+TsZNc1ZkiMtKlvAH"},"_chains":{"BRW2eQlo9XuSMdBbwNXJS1tCcfsG2og7Sg+xa7MSEE9E":{"chainKey":{"counter":89,"key":"qILOtHlCX01Yd+M4d0Yc89FCZv1nxV75ZTes9d2cClA="},"chainType":1,"messageKeys":{}}},"pendingPreKey":{"signedKeyId":6,"baseKey":"BUWDNFtf0i4wUIt5P88qQIoN/8/mBaQIXYz6P3G1mzE/"}}},"version":"v1"}