{"_sessions":{"BVK61uZQhKVwZb65EPR8qasvS4BuwE7lpV7j5dGGDORM":{"registrationId":90555259,"currentRatchet":{"ephemeralKeyPair":{"pubKey":"Bb5efzo+l5Q/D7OjrYMYXL0bheF8P8ohiW+Ef2QRSaJE","privKey":"YDOM2lbyvOkSHWOq4BKvTuGYfGjW488sJAVWMmsA908="},"lastRemoteEphemeralKey":"Bef74Sc6q6xIZgcLlD8dFV7IjyJ1CZwwbLQryZy8jspP","previousCounter":0,"rootKey":"ZkIu8wuBvaDZzdDSXIEva9lQl0zgsmJBf/IgzH8HZgY="},"indexInfo":{"baseKey":"BVK61uZQhKVwZb65EPR8qasvS4BuwE7lpV7j5dGGDORM","baseKeyType":1,"closed":-1,"used":1747231422157,"created":1747231422157,"remoteIdentityKey":"BSdpKT7kOE6ylyavWmDF1gK8T0mb5saoV+1/3C/JfT1s"},"_chains":{"Bb5efzo+l5Q/D7OjrYMYXL0bheF8P8ohiW+Ef2QRSaJE":{"chainKey":{"counter":89,"key":"I6SHUiU3jf1i42baOHp9ZH8y5Y7pNOzb93GrMuvvCMk="},"chainType":1,"messageKeys":{}}},"pendingPreKey":{"signedKeyId":0,"baseKey":"BVK61uZQhKVwZb65EPR8qasvS4BuwE7lpV7j5dGGDORM"}}},"version":"v1"}