{"_sessions":{"BddpI+4TvErt/geaYk7uuINK/aU1vPr6d1nzrPdWpeYZ":{"registrationId":1794290574,"currentRatchet":{"ephemeralKeyPair":{"pubKey":"BUuHFvzPEsrF/1eJZmKjOhMdp6YU3eMv0/ZtpqdAlwJR","privKey":"gC6od9rXo8UbzhiLOMwwS+KfCz4YtFdLQrEIdK3wLVA="},"lastRemoteEphemeralKey":"BWH+mI2PamzeOo8dIhgKoQ3hdsyPh73tDLcyzZiGc3E8","previousCounter":4,"rootKey":"6d9viFR464Dlk2DXbcx+TwIUsoLRzLKOWZGtMLLgg40="},"indexInfo":{"baseKey":"BddpI+4TvErt/geaYk7uuINK/aU1vPr6d1nzrPdWpeYZ","baseKeyType":1,"closed":-1,"used":1747351970098,"created":1747269912577,"remoteIdentityKey":"BbKebtVTj94H56OrBz8wMFgpoc3E0DHiVMpI2pg91DMa"},"_chains":{"BZz0bKkXS47CWZXRghqaVFMmQkewXBKqcUCqwaw6/cZ6":{"chainKey":{"counter":1},"chainType":2,"messageKeys":{}},"BYYwNg9B5fzE150As9K4ZtZFzWvbXYwVRxz9rCYFg7Nh":{"chainKey":{"counter":0},"chainType":2,"messageKeys":{}},"BQ6gX0NNqvmQtrN7XOW/FEBj7BGBmxCkkRs+LCub0PA2":{"chainKey":{"counter":1},"chainType":2,"messageKeys":{}},"BbXJNrxnterylE8SyfCu1JsWUnuIkTHuexfyuEQEWpMp":{"chainKey":{"counter":0},"chainType":2,"messageKeys":{}},"BYYiiUA4v2hSikxJKP/LjnazISnih+RUZm9jT2Xrv7UW":{"chainKey":{"counter":4},"chainType":2,"messageKeys":{}},"BRo0NPzcBapT2LHxETfzuSadLhUmYI2DqIu77mknyHwl":{"chainKey":{"counter":1},"chainType":2,"messageKeys":{}},"Bb5Uo0HBeGHaepINpY8wTxOdFbXwsDIrS3Fo20F7TzJC":{"chainKey":{"counter":0},"chainType":2,"messageKeys":{}},"BQr8KGi5ls0GPTFkh53C1SLrPpQBv/XC1nhF4oZDEWRA":{"chainKey":{"counter":0},"chainType":2,"messageKeys":{}},"BTnBy+QfOdSsHmxQhUjZS2B6xnS+0nDppoRzfHURvLpB":{"chainKey":{"counter":0},"chainType":2,"messageKeys":{}},"BbZccZ6TzUSgcPxoYPsINo8w8UkuiXBNQtHn6YkiL5xT":{"chainKey":{"counter":0},"chainType":2,"messageKeys":{}},"BSmWIE/kYpp49MYa3KuCx73NhsnvkiN2mm4o7JVtFfF6":{"chainKey":{"counter":1},"chainType":2,"messageKeys":{}},"BWH+mI2PamzeOo8dIhgKoQ3hdsyPh73tDLcyzZiGc3E8":{"chainKey":{"counter":0,"key":"wQt699MKul9/CsTa10iUr1c9rakHjzca3pE0BD2eWSM="},"chainType":2,"messageKeys":{}},"BUuHFvzPEsrF/1eJZmKjOhMdp6YU3eMv0/ZtpqdAlwJR":{"chainKey":{"counter":1,"key":"QmKnJuGMD+MG/akANpG35718YMs5JSOQA6m95MOXxGg="},"chainType":1,"messageKeys":{}}}}},"version":"v1"}