{"_sessions":{"BXF+OQ0ZVyRU1zcZBcWbJmSor4vY5SeB8seEhn/F9SMQ":{"registrationId":160,"currentRatchet":{"ephemeralKeyPair":{"pubKey":"BSaDwZs/X5HluRLa+5lz3+NG6S288+Eofehvn3WbZwpT","privKey":"sIDQGs50KXpqoVBbtxNN7lERZYGhv/hMPngss6mSOEo="},"lastRemoteEphemeralKey":"BWwxKfW4IXTKU3BDQZYaTZRCf6dL/KCcrZXgZrLt/Pch","previousCounter":0,"rootKey":"hCkfy0XAtfMzI+yAJ7yDfVqVBBcMZn4yQlF3wGO7pgc="},"indexInfo":{"baseKey":"BXF+OQ0ZVyRU1zcZBcWbJmSor4vY5SeB8seEhn/F9SMQ","baseKeyType":1,"closed":-1,"used":1747231421810,"created":1747231421810,"remoteIdentityKey":"BRR4MtT7BWzZq/8/Thl1OHGyz5HgvyWh0TuBPQP41uk2"},"_chains":{"BSaDwZs/X5HluRLa+5lz3+NG6S288+Eofehvn3WbZwpT":{"chainKey":{"counter":8,"key":"DnJLs1AmTWQO+hWznbnfBf5OKKyt10YG84OpY3ThCGw="},"chainType":1,"messageKeys":{}}},"pendingPreKey":{"signedKeyId":1,"baseKey":"BXF+OQ0ZVyRU1zcZBcWbJmSor4vY5SeB8seEhn/F9SMQ"}}},"version":"v1"}