{"_sessions":{"BZvGyOKH80enSueNfcxgqEuyV/e+91p9zM5hm+ZCml86":{"registrationId":254,"currentRatchet":{"ephemeralKeyPair":{"pubKey":"BUxyXjWaPGThFMFECKNEWKQhUxH/5ZkxkFghCDVHymYA","privKey":"GFUJt98nk5bAUemdta/vhGULuoDg7vICjYMsp+lOzkU="},"lastRemoteEphemeralKey":"BVWoWx9VUGe1pS851UJRQHInZIR6RajGcRgelIStQ8tb","previousCounter":0,"rootKey":"r5K0/oXXn83NY7lRcy3iG3BSaj1W94861Dc0JnJySPo="},"indexInfo":{"baseKey":"BZvGyOKH80enSueNfcxgqEuyV/e+91p9zM5hm+ZCml86","baseKeyType":1,"closed":1747551700881,"used":1747557802538,"created":1747548479476,"remoteIdentityKey":"BVx5YkfEffm24ZpcsdIiBPLQsq/FvbbtVlr6D48xcy1w"},"_chains":{"BVWoWx9VUGe1pS851UJRQHInZIR6RajGcRgelIStQ8tb":{"chainKey":{"counter":10,"key":"Ccoi38MTrBs403duw7kLAptzyRvC+ccLyaEIuzoq7go="},"chainType":2,"messageKeys":{}},"BUxyXjWaPGThFMFECKNEWKQhUxH/5ZkxkFghCDVHymYA":{"chainKey":{"counter":-1,"key":"+WzD/Q0Qi9Q0rhEjomx+0CMieal+6kNe9qirGhpI3Ps="},"chainType":1,"messageKeys":{}}}},"BbAwGIzvnFdK+xjxr9uEUMZFXTROKpQ8aAKJTLjVM4Ue":{"registrationId":254,"currentRatchet":{"ephemeralKeyPair":{"pubKey":"BXXf/oRH7A8iAcD7j8oOE8lz8TWUO2TlGCBNHvDil+1T","privKey":"KIDIxcpvD6CHSLC4EHNzNRHPX4WE9/ianPWjEHJiXXc="},"lastRemoteEphemeralKey":"BVWoWx9VUGe1pS851UJRQHInZIR6RajGcRgelIStQ8tb","previousCounter":0,"rootKey":"1eiPLLOueifBlyZnSr+vMJaBG0PAtY17EMjVQoKexsg="},"indexInfo":{"baseKey":"BbAwGIzvnFdK+xjxr9uEUMZFXTROKpQ8aAKJTLjVM4Ue","baseKeyType":1,"closed":1747551732291,"used":1747551700877,"created":1747551700877,"remoteIdentityKey":"BVx5YkfEffm24ZpcsdIiBPLQsq/FvbbtVlr6D48xcy1w"},"_chains":{"BVWoWx9VUGe1pS851UJRQHInZIR6RajGcRgelIStQ8tb":{"chainKey":{"counter":1,"key":"1n2j+IdyZwMICWzSK5hupiYJlyVqBqIlrrG7lTciE78="},"chainType":2,"messageKeys":{"0":"+56pB4WFI9vWAVUoN4d/wnFYWHhGELoZSAAN9WFxpsc="}},"BXXf/oRH7A8iAcD7j8oOE8lz8TWUO2TlGCBNHvDil+1T":{"chainKey":{"counter":-1,"key":"pq8ps7LM1ub/izUKXllRM6mtOwSTaIS5huvzZy5euXo="},"chainType":1,"messageKeys":{}}},"pendingPreKey":{"signedKeyId":1,"baseKey":"BbAwGIzvnFdK+xjxr9uEUMZFXTROKpQ8aAKJTLjVM4Ue","preKeyId":15}},"Bc56C4VSOVXpn+TweCb8vs9Pusv+uvf8ruDnE96/awQW":{"registrationId":254,"currentRatchet":{"ephemeralKeyPair":{"pubKey":"BT8VcTBWJpnKffIyoQ9sjwhbtPXAEKoJLbNF+ueWhPNi","privKey":"gMhHll2MWIWhszcQEcYgbJMmwKkQzB9m9SmgvMoaaEY="},"lastRemoteEphemeralKey":"BVWoWx9VUGe1pS851UJRQHInZIR6RajGcRgelIStQ8tb","previousCounter":0,"rootKey":"eCF49GzB+HNvBsPgcO3SMOpU+5mq95j/UgHcDIethUg="},"indexInfo":{"baseKey":"Bc56C4VSOVXpn+TweCb8vs9Pusv+uvf8ruDnE96/awQW","baseKeyType":1,"closed":1747551883843,"used":1747551732288,"created":1747551732288,"remoteIdentityKey":"BVx5YkfEffm24ZpcsdIiBPLQsq/FvbbtVlr6D48xcy1w"},"_chains":{"BVWoWx9VUGe1pS851UJRQHInZIR6RajGcRgelIStQ8tb":{"chainKey":{"counter":1,"key":"mVeMhsxgvy0PKwHzFIfWAIDyw+l8RgcUzElg7kOxaGY="},"chainType":2,"messageKeys":{"0":"mGtdwiyJhwJ+Ffzrk9fNdYbD7bZioDzCljP0WZnrRKc="}},"BT8VcTBWJpnKffIyoQ9sjwhbtPXAEKoJLbNF+ueWhPNi":{"chainKey":{"counter":-1,"key":"uiGywG4PwB48dOeafdmnzQbSUp5od+CfAA0Bay+hGmA="},"chainType":1,"messageKeys":{}}},"pendingPreKey":{"signedKeyId":1,"baseKey":"Bc56C4VSOVXpn+TweCb8vs9Pusv+uvf8ruDnE96/awQW","preKeyId":3}},"Bd+giz7ZK/1j+jxtlX56MF+hAjMKhaRGHBwS0WCQG7AY":{"registrationId":254,"currentRatchet":{"ephemeralKeyPair":{"pubKey":"BZwVsWWdxD9UGti3mD2U2g6XdeBabal1l1viocRbFV03","privKey":"OCxP69q2zW4eUTZUD+ZQ17lNkoKmZfnH2gaRtzSUwHk="},"lastRemoteEphemeralKey":"BVWoWx9VUGe1pS851UJRQHInZIR6RajGcRgelIStQ8tb","previousCounter":0,"rootKey":"0VccdZib8yWu8lxpm846FbJnUIUEniC9yKFihDuc+GM="},"indexInfo":{"baseKey":"Bd+giz7ZK/1j+jxtlX56MF+hAjMKhaRGHBwS0WCQG7AY","baseKeyType":1,"closed":1747551927273,"used":1747551883841,"created":1747551883841,"remoteIdentityKey":"BVx5YkfEffm24ZpcsdIiBPLQsq/FvbbtVlr6D48xcy1w"},"_chains":{"BVWoWx9VUGe1pS851UJRQHInZIR6RajGcRgelIStQ8tb":{"chainKey":{"counter":1,"key":"5C1xAP60pr4tJchAGG5+PNjj4JgcKD6/7j1mbaAO7oc="},"chainType":2,"messageKeys":{"0":"NCl1dSv07TOYCZfDzGvWfbCnYXHFDT3SdfYETJghJmU="}},"BZwVsWWdxD9UGti3mD2U2g6XdeBabal1l1viocRbFV03":{"chainKey":{"counter":-1,"key":"g9XSmM5OYAkpUPkEHK8NLABvt5KHkO1JMzLyGb4F6qI="},"chainType":1,"messageKeys":{}}},"pendingPreKey":{"signedKeyId":1,"baseKey":"Bd+giz7ZK/1j+jxtlX56MF+hAjMKhaRGHBwS0WCQG7AY","preKeyId":30}},"BSfCCENgAevbUKEnObBfNTvqnrbZayeIbfF/rcIaD2JM":{"registrationId":254,"currentRatchet":{"ephemeralKeyPair":{"pubKey":"BdYeAV4ksOSiEfqw5PlDl417w0mSrCX6J76f8Rxnsf1S","privKey":"AFESZh/ij9pklV0xqmzPMJBHqgQoS5boIyZtkJsVrmM="},"lastRemoteEphemeralKey":"BVWoWx9VUGe1pS851UJRQHInZIR6RajGcRgelIStQ8tb","previousCounter":0,"rootKey":"wv1IB5CqWNAos1jSQ1mPRJtfay3rGTtTd+EAMvSz5n4="},"indexInfo":{"baseKey":"BSfCCENgAevbUKEnObBfNTvqnrbZayeIbfF/rcIaD2JM","baseKeyType":1,"closed":1747552039926,"used":1747551927272,"created":1747551927272,"remoteIdentityKey":"BVx5YkfEffm24ZpcsdIiBPLQsq/FvbbtVlr6D48xcy1w"},"_chains":{"BVWoWx9VUGe1pS851UJRQHInZIR6RajGcRgelIStQ8tb":{"chainKey":{"counter":1,"key":"7oufjndTHgZfH1rN45xSDkFvhcBjEqPkWe6ryDdrXi0="},"chainType":2,"messageKeys":{"0":"UiYy9HH1lIB8/WNJz/RSA1jdtVLEyU/FKLFnlAsR+g8="}},"BdYeAV4ksOSiEfqw5PlDl417w0mSrCX6J76f8Rxnsf1S":{"chainKey":{"counter":-1,"key":"9ornbvwTCNKdNE8BEhNi0+1tBMwIssn4m8QIFYyxJ90="},"chainType":1,"messageKeys":{}}},"pendingPreKey":{"signedKeyId":1,"baseKey":"BSfCCENgAevbUKEnObBfNTvqnrbZayeIbfF/rcIaD2JM","preKeyId":8}},"Bc52BeZaSxvnS2SK6JSOkFGzxrhpYfR/tiHQDJfMhiYB":{"registrationId":254,"currentRatchet":{"ephemeralKeyPair":{"pubKey":"BS3GaxBJFUWb/Haw+SAdxPz7uuABtAMIhO0BeMZVjbFD","privKey":"WKq7XVtOgquk/hOtjY9nYoCspS+eR7ln/gFhbd4ldlY="},"lastRemoteEphemeralKey":"BVWoWx9VUGe1pS851UJRQHInZIR6RajGcRgelIStQ8tb","previousCounter":0,"rootKey":"OIqIjprW3lghmQepxKNxKRwdiKR8/Eru9+f3LDfOOA4="},"indexInfo":{"baseKey":"Bc52BeZaSxvnS2SK6JSOkFGzxrhpYfR/tiHQDJfMhiYB","baseKeyType":1,"closed":1747552054170,"used":1747552039924,"created":1747552039924,"remoteIdentityKey":"BVx5YkfEffm24ZpcsdIiBPLQsq/FvbbtVlr6D48xcy1w"},"_chains":{"BVWoWx9VUGe1pS851UJRQHInZIR6RajGcRgelIStQ8tb":{"chainKey":{"counter":1,"key":"PCS3mr9hcVUj5CT0Ml9mOnjsybWClfF7MLG2A702/cY="},"chainType":2,"messageKeys":{"0":"IDoTynkauQvSUWiYNeUXoJGGRuJlsZqbzXgkHgrofGc="}},"BS3GaxBJFUWb/Haw+SAdxPz7uuABtAMIhO0BeMZVjbFD":{"chainKey":{"counter":-1,"key":"GSI2JAeOviKEuT2v6IYww6Es3mXQCLVc+G9r6HVJejM="},"chainType":1,"messageKeys":{}}},"pendingPreKey":{"signedKeyId":1,"baseKey":"Bc52BeZaSxvnS2SK6JSOkFGzxrhpYfR/tiHQDJfMhiYB","preKeyId":21}},"BbGV9+uMyB58h/lShYLLQShXBA6x8HcuYWvHugzzekML":{"registrationId":254,"currentRatchet":{"ephemeralKeyPair":{"pubKey":"BV12nZTZ0TCL/B5vQLas4J0QemvSHyR/5o2R4Dl5XG4E","privKey":"iMIbxQKeUn1lXqi8L7Gi+GBDervDPXVgATQ3x/6ZA1Y="},"lastRemoteEphemeralKey":"BVWoWx9VUGe1pS851UJRQHInZIR6RajGcRgelIStQ8tb","previousCounter":0,"rootKey":"NJMdTFK4KOLfGcG+RyEhM4YZ6uZmW8go62aPD0+zP8c="},"indexInfo":{"baseKey":"BbGV9+uMyB58h/lShYLLQShXBA6x8HcuYWvHugzzekML","baseKeyType":1,"closed":1747552788628,"used":1747552054169,"created":1747552054169,"remoteIdentityKey":"BVx5YkfEffm24ZpcsdIiBPLQsq/FvbbtVlr6D48xcy1w"},"_chains":{"BVWoWx9VUGe1pS851UJRQHInZIR6RajGcRgelIStQ8tb":{"chainKey":{"counter":1,"key":"UhNUq77rL1c4lWeyZTPC5S373kSCFOf+T1Kt58vVRas="},"chainType":2,"messageKeys":{"0":"rTweLppHWG3M5Ln9JwR3xAS83UX5fYUniTiv3j63m5c="}},"BV12nZTZ0TCL/B5vQLas4J0QemvSHyR/5o2R4Dl5XG4E":{"chainKey":{"counter":-1,"key":"FQrg4IqbYMC1DpoI5whf4YnorBC6mxu6GKq5C6nee3M="},"chainType":1,"messageKeys":{}}},"pendingPreKey":{"signedKeyId":1,"baseKey":"BbGV9+uMyB58h/lShYLLQShXBA6x8HcuYWvHugzzekML","preKeyId":29}},"BWfBfprPn7KxSf8kH1t+0gY4Cj37yxNBhGT/eV0Maghe":{"registrationId":254,"currentRatchet":{"ephemeralKeyPair":{"pubKey":"BeyHKIdBI/EgHYQg2n9Ug41hn0Vk13akBfA6Iok3cNwT","privKey":"EBWPTfuhULW5x30TN7yZDhgbEyA6V7Lm59JjgRG2eWA="},"lastRemoteEphemeralKey":"BVWoWx9VUGe1pS851UJRQHInZIR6RajGcRgelIStQ8tb","previousCounter":0,"rootKey":"fZRv2NDUtbM4xB37CoStnWzD4OsACb2WIQffuglCSvw="},"indexInfo":{"baseKey":"BWfBfprPn7KxSf8kH1t+0gY4Cj37yxNBhGT/eV0Maghe","baseKeyType":1,"closed":1747556949648,"used":1747552788626,"created":1747552788626,"remoteIdentityKey":"BVx5YkfEffm24ZpcsdIiBPLQsq/FvbbtVlr6D48xcy1w"},"_chains":{"BVWoWx9VUGe1pS851UJRQHInZIR6RajGcRgelIStQ8tb":{"chainKey":{"counter":1,"key":"zBUf6iiYoOZL/HM7yMlvPWSnctO7FPtLL8rXqscjDGg="},"chainType":2,"messageKeys":{"0":"uIhoHbJ91rvOD4/rrGkhmOuIE9z+GGdj/4ypu8I8Pz0="}},"BeyHKIdBI/EgHYQg2n9Ug41hn0Vk13akBfA6Iok3cNwT":{"chainKey":{"counter":-1,"key":"IiMOdenbWlytMz5w5dNK3xwLtz3lzQwdY9/pCfMt7gs="},"chainType":1,"messageKeys":{}}},"pendingPreKey":{"signedKeyId":1,"baseKey":"BWfBfprPn7KxSf8kH1t+0gY4Cj37yxNBhGT/eV0Maghe","preKeyId":18}},"BRIN1/EZEogOfP/3bEQ+oL0cra6Oek7HEbeRW4OdxtlO":{"registrationId":254,"currentRatchet":{"ephemeralKeyPair":{"pubKey":"BRnhkjgfAnn59eNCw8nlnkHODiZnYaEuEJ4FJ9clRVMZ","privKey":"yBRTsYLzE+Ih5nF5FNNCFiGaK28v/HUcHFJrDLqZsX8="},"lastRemoteEphemeralKey":"BVWoWx9VUGe1pS851UJRQHInZIR6RajGcRgelIStQ8tb","previousCounter":0,"rootKey":"U7DN0sWjfFLBoLBxEE7emkcSoH1092fhFjQeq2+aCIw="},"indexInfo":{"baseKey":"BRIN1/EZEogOfP/3bEQ+oL0cra6Oek7HEbeRW4OdxtlO","baseKeyType":1,"closed":1747556995433,"used":1747556949645,"created":1747556949645,"remoteIdentityKey":"BVx5YkfEffm24ZpcsdIiBPLQsq/FvbbtVlr6D48xcy1w"},"_chains":{"BVWoWx9VUGe1pS851UJRQHInZIR6RajGcRgelIStQ8tb":{"chainKey":{"counter":1,"key":"IofqYw5fTTj20CduXhtc4RCudOQBe64fxw4yXtToZhY="},"chainType":2,"messageKeys":{"0":"h8FfGHXOmbHRapyabE4XQoaCjElT+ALKnIHicJD6Ys4="}},"BRnhkjgfAnn59eNCw8nlnkHODiZnYaEuEJ4FJ9clRVMZ":{"chainKey":{"counter":-1,"key":"3omNHJUJL3WqOkzSF23oSR9zGAxMwGDTlyO900+Kp1A="},"chainType":1,"messageKeys":{}}},"pendingPreKey":{"signedKeyId":1,"baseKey":"BRIN1/EZEogOfP/3bEQ+oL0cra6Oek7HEbeRW4OdxtlO","preKeyId":5}},"BWyaanstPlwT0+SqKIF7BXCV3URkERoOyAypy58U1r5P":{"registrationId":254,"currentRatchet":{"ephemeralKeyPair":{"pubKey":"BWAn5s5Wr8yyiyGel+X+FI4Z9xlf7UadtkFnIY3LvcFy","privKey":"IPOY0dXzoTHGSnVh0pMJLVKmEF+XuZF6E0+BpKFwtnc="},"lastRemoteEphemeralKey":"BVWoWx9VUGe1pS851UJRQHInZIR6RajGcRgelIStQ8tb","previousCounter":0,"rootKey":"5RyJluQAiFWvcb09Xl5Y2Fkl8DJk0QsWPK/6CxE5vZU="},"indexInfo":{"baseKey":"BWyaanstPlwT0+SqKIF7BXCV3URkERoOyAypy58U1r5P","baseKeyType":1,"closed":1747557274827,"used":1747556995432,"created":1747556995432,"remoteIdentityKey":"BVx5YkfEffm24ZpcsdIiBPLQsq/FvbbtVlr6D48xcy1w"},"_chains":{"BVWoWx9VUGe1pS851UJRQHInZIR6RajGcRgelIStQ8tb":{"chainKey":{"counter":1,"key":"/nplzpgj73850FmjbBwcqMoAMejmrPmt5fG20F6UWXs="},"chainType":2,"messageKeys":{"0":"ZswG+3MgQP8uzow2Kn+4Crv4oX1w0DxZ0VVXi9pTcy8="}},"BWAn5s5Wr8yyiyGel+X+FI4Z9xlf7UadtkFnIY3LvcFy":{"chainKey":{"counter":-1,"key":"ctdr2ppDMyWqSnziYWgz4dQTwuzoeR4LVxsYcOFzE+k="},"chainType":1,"messageKeys":{}}},"pendingPreKey":{"signedKeyId":1,"baseKey":"BWyaanstPlwT0+SqKIF7BXCV3URkERoOyAypy58U1r5P","preKeyId":22}},"BWdbPNEwDcVKrYffz++A2s5kBQEtmW3HSfKSm6TLqrdN":{"registrationId":254,"currentRatchet":{"ephemeralKeyPair":{"pubKey":"BWiGyLKG88UXiWXpCMjEl23xAxsgR6A5uB6dAYLR4kUE","privKey":"SLqH7TWK7g8HYoX2oCVqFWnWQelzBUPnnzzKu5Glllc="},"lastRemoteEphemeralKey":"BVWoWx9VUGe1pS851UJRQHInZIR6RajGcRgelIStQ8tb","previousCounter":0,"rootKey":"EerCc4CldJ2bXExa7Lp/O9lSKGmKRLBeJ7+simlAkC0="},"indexInfo":{"baseKey":"BWdbPNEwDcVKrYffz++A2s5kBQEtmW3HSfKSm6TLqrdN","baseKeyType":1,"closed":1747557284253,"used":1747557274809,"created":1747557274809,"remoteIdentityKey":"BVx5YkfEffm24ZpcsdIiBPLQsq/FvbbtVlr6D48xcy1w"},"_chains":{"BVWoWx9VUGe1pS851UJRQHInZIR6RajGcRgelIStQ8tb":{"chainKey":{"counter":1,"key":"T3Npfl8h+Ct3VwVmoxzssLCiCoH0O8yFDJT9Yf1qmjo="},"chainType":2,"messageKeys":{"0":"Zv2148wZDz3/aoN2jCBNDc2IazDsiHTwm6ysQ/9I4vo="}},"BWiGyLKG88UXiWXpCMjEl23xAxsgR6A5uB6dAYLR4kUE":{"chainKey":{"counter":-1,"key":"I1Y/gHKcBr8DVh2uu3jQ6z+HM6NQSmITBi0+BbumQ3A="},"chainType":1,"messageKeys":{}}},"pendingPreKey":{"signedKeyId":1,"baseKey":"BWdbPNEwDcVKrYffz++A2s5kBQEtmW3HSfKSm6TLqrdN","preKeyId":17}},"BYkFJVn//uWmxM6g2soD3/dBBCs7t+hu9oXIY+pTYcJY":{"registrationId":254,"currentRatchet":{"ephemeralKeyPair":{"pubKey":"BVVeZ7k0HUpT6STDysIgJoDiJOOOx99eE6bhmOd5BOJ9","privKey":"IIJYbFaAXplJ4sI71aL7q5fiJiCoCBEraXyqRtKCgUs="},"lastRemoteEphemeralKey":"BVWoWx9VUGe1pS851UJRQHInZIR6RajGcRgelIStQ8tb","previousCounter":0,"rootKey":"iQCiF9eAt7tJvUHksYpsVgAOFJObt9uX0weZNOoJ+VM="},"indexInfo":{"baseKey":"BYkFJVn//uWmxM6g2soD3/dBBCs7t+hu9oXIY+pTYcJY","baseKeyType":1,"closed":1747557322364,"used":1747557284252,"created":1747557284252,"remoteIdentityKey":"BVx5YkfEffm24ZpcsdIiBPLQsq/FvbbtVlr6D48xcy1w"},"_chains":{"BVWoWx9VUGe1pS851UJRQHInZIR6RajGcRgelIStQ8tb":{"chainKey":{"counter":1,"key":"ukY33PhnBe+D6dCczAP/b9+0TLTEEhxX6jiMDWhmWFM="},"chainType":2,"messageKeys":{"0":"ohmT0Vj6IHZhYkLkVhkCwQLSrROhtmCv1Zj7kQM4FLQ="}},"BVVeZ7k0HUpT6STDysIgJoDiJOOOx99eE6bhmOd5BOJ9":{"chainKey":{"counter":-1,"key":"xGaRLTJkr8IkMeJ/jmKskDmOsN8uzJRgbyI0n8joiqc="},"chainType":1,"messageKeys":{}}},"pendingPreKey":{"signedKeyId":1,"baseKey":"BYkFJVn//uWmxM6g2soD3/dBBCs7t+hu9oXIY+pTYcJY","preKeyId":27}},"BTAv2ER9Kly6vOHnZSV4eAKekqpVZKrDC+fxrWS8s6cu":{"registrationId":254,"currentRatchet":{"ephemeralKeyPair":{"pubKey":"BXMgWGDmTJR0PRicY4gcHvNGsN8Ar7mja4b+EqosR8Mj","privKey":"aMVnODGzqwvF6iImcBCIHtj5O1L4q+KEB795+pRk5mk="},"lastRemoteEphemeralKey":"BVWoWx9VUGe1pS851UJRQHInZIR6RajGcRgelIStQ8tb","previousCounter":0,"rootKey":"6I3YOZQv/ijkE3qCv2zghHph9ObdLZArqWQEZadwdcg="},"indexInfo":{"baseKey":"BTAv2ER9Kly6vOHnZSV4eAKekqpVZKrDC+fxrWS8s6cu","baseKeyType":1,"closed":1747557333382,"used":1747557322363,"created":1747557322363,"remoteIdentityKey":"BVx5YkfEffm24ZpcsdIiBPLQsq/FvbbtVlr6D48xcy1w"},"_chains":{"BVWoWx9VUGe1pS851UJRQHInZIR6RajGcRgelIStQ8tb":{"chainKey":{"counter":1,"key":"etSCX6sSOedzJGzzqljSDfF5mXHEQNZFDhxa3t0QsYo="},"chainType":2,"messageKeys":{"0":"+I8D6phLs5I+ij8ZuhVaU8Ffcl4Jb6HydhXPEmEJHVU="}},"BXMgWGDmTJR0PRicY4gcHvNGsN8Ar7mja4b+EqosR8Mj":{"chainKey":{"counter":-1,"key":"06d7BTdDKqYtw1Gf+akjYEh1JSP56MjUpq7uoxzslHY="},"chainType":1,"messageKeys":{}}},"pendingPreKey":{"signedKeyId":1,"baseKey":"BTAv2ER9Kly6vOHnZSV4eAKekqpVZKrDC+fxrWS8s6cu","preKeyId":20}},"BWDKPSj2CDhHH6+sae2whs4hnAoJ0ayFQb8+mGbCsld2":{"registrationId":254,"currentRatchet":{"ephemeralKeyPair":{"pubKey":"Bd+2LsPODOJn/p4VN1Ud12jDeR/rxSJT0RDf4lAc5JEP","privKey":"8AO0rBioJUPvyWBwZNGCUZfPj8bXBW3mwPGGHk06rVk="},"lastRemoteEphemeralKey":"BVWoWx9VUGe1pS851UJRQHInZIR6RajGcRgelIStQ8tb","previousCounter":0,"rootKey":"HCh71/IFMes2eX8Tc66TRW6wRuxNBATD2FtgQFErT3o="},"indexInfo":{"baseKey":"BWDKPSj2CDhHH6+sae2whs4hnAoJ0ayFQb8+mGbCsld2","baseKeyType":1,"closed":1747565335603,"used":1747557333380,"created":1747557333380,"remoteIdentityKey":"BVx5YkfEffm24ZpcsdIiBPLQsq/FvbbtVlr6D48xcy1w"},"_chains":{"BVWoWx9VUGe1pS851UJRQHInZIR6RajGcRgelIStQ8tb":{"chainKey":{"counter":1,"key":"Gm2EriiIo9IrOg44kjt7rnBonQ3bh2nKOiFSVz1I7C4="},"chainType":2,"messageKeys":{"0":"zq7vmD/W0kSz3WTK5FZP7IrAc4HKNgaYaDpGVvz5EQI="}},"Bd+2LsPODOJn/p4VN1Ud12jDeR/rxSJT0RDf4lAc5JEP":{"chainKey":{"counter":-1,"key":"3wFT462iGAyIXqIiED6crZXV+yLpo8GHgSuoHV/IN/w="},"chainType":1,"messageKeys":{}}},"pendingPreKey":{"signedKeyId":1,"baseKey":"BWDKPSj2CDhHH6+sae2whs4hnAoJ0ayFQb8+mGbCsld2","preKeyId":28}},"BXmIZQUICQZ0AiYpyHT+ic8fuJXS//k/nqlRAX/kFqRO":{"registrationId":254,"currentRatchet":{"ephemeralKeyPair":{"pubKey":"BZPPhVd20ASUlpVNkZLzAACQ5I/fSDEvRZT3j4oUwUhp","privKey":"SB7AcDCTFvZAiMeApc2JKKrCXsSDPxW0ZARSy9uuHlk="},"lastRemoteEphemeralKey":"BRAqjaiKlan2dMTtI+pX9yvlU5zMsfBJXJoQagNzhKBb","previousCounter":0,"rootKey":"zUsWj0SNq5fdvXN5ST7GQGBQG9nY6ettKLa+6MhfUeU="},"indexInfo":{"baseKey":"BXmIZQUICQZ0AiYpyHT+ic8fuJXS//k/nqlRAX/kFqRO","baseKeyType":1,"closed":1747566740820,"used":1747565335601,"created":1747565335601,"remoteIdentityKey":"BVx5YkfEffm24ZpcsdIiBPLQsq/FvbbtVlr6D48xcy1w"},"_chains":{"BZPPhVd20ASUlpVNkZLzAACQ5I/fSDEvRZT3j4oUwUhp":{"chainKey":{"counter":0,"key":"0Bf1GUbD1ovjHmx7niYLg0VMopzBRjeuHJPTO8ohTIw="},"chainType":1,"messageKeys":{}}},"pendingPreKey":{"signedKeyId":1,"baseKey":"BXmIZQUICQZ0AiYpyHT+ic8fuJXS//k/nqlRAX/kFqRO","preKeyId":2}},"BWKVIqT1WcNxrfplfnNVIGAsLnj+8NWGuKc7G/N52Zt9":{"registrationId":254,"currentRatchet":{"ephemeralKeyPair":{"pubKey":"BXWzwzkxtD9VgsskWef45eBywbKFZXsBDboeYYWu/VEu","privKey":"8O2pShe9pOnE/42qmAxSMdISIP0LX4CUBQGg+anPrVc="},"lastRemoteEphemeralKey":"BRAqjaiKlan2dMTtI+pX9yvlU5zMsfBJXJoQagNzhKBb","previousCounter":0,"rootKey":"hJ6tq9PXEa2hgX1WCZmROpWcvq5R9FXPGm1U3zgLk5U="},"indexInfo":{"baseKey":"BWKVIqT1WcNxrfplfnNVIGAsLnj+8NWGuKc7G/N52Zt9","baseKeyType":1,"closed":1747566750641,"used":1747566740818,"created":1747566740818,"remoteIdentityKey":"BVx5YkfEffm24ZpcsdIiBPLQsq/FvbbtVlr6D48xcy1w"},"_chains":{"BXWzwzkxtD9VgsskWef45eBywbKFZXsBDboeYYWu/VEu":{"chainKey":{"counter":0,"key":"lWPCTxlXm2KVMCw1Td76KlyofN/rMSCyZC7VTGerXWg="},"chainType":1,"messageKeys":{}}},"pendingPreKey":{"signedKeyId":1,"baseKey":"BWKVIqT1WcNxrfplfnNVIGAsLnj+8NWGuKc7G/N52Zt9","preKeyId":19}},"BR6mabXWQG0uLihKI/+0UXd+bNzjN6TIPAMGdrvgDRxp":{"registrationId":254,"currentRatchet":{"ephemeralKeyPair":{"pubKey":"BaeYb13sXK6WT69Ej5VavQ/whS4AT+cQnluLBqiNjYUq","privKey":"AOKSNU2TfzgOoBpekr8DAvgd37zTt+gYrluyu2UtNWA="},"lastRemoteEphemeralKey":"BRAqjaiKlan2dMTtI+pX9yvlU5zMsfBJXJoQagNzhKBb","previousCounter":0,"rootKey":"cRup6kAFaBz6MX1aF4y1jsUFySAo9gfpn5MmpOjL/zE="},"indexInfo":{"baseKey":"BR6mabXWQG0uLihKI/+0UXd+bNzjN6TIPAMGdrvgDRxp","baseKeyType":1,"closed":1747566918370,"used":1747566750639,"created":1747566750639,"remoteIdentityKey":"BVx5YkfEffm24ZpcsdIiBPLQsq/FvbbtVlr6D48xcy1w"},"_chains":{"BaeYb13sXK6WT69Ej5VavQ/whS4AT+cQnluLBqiNjYUq":{"chainKey":{"counter":0,"key":"vz/DmSOavler1egEPOKQVgSwDqft2O2Y+ef+XPOwI0Q="},"chainType":1,"messageKeys":{}}},"pendingPreKey":{"signedKeyId":1,"baseKey":"BR6mabXWQG0uLihKI/+0UXd+bNzjN6TIPAMGdrvgDRxp","preKeyId":6}},"BezFfCyddFUD3JTMe+BGrUVzTzvAgaoFl4WpmsvHv7cQ":{"registrationId":254,"currentRatchet":{"ephemeralKeyPair":{"pubKey":"BfL6gKUIU6pO5busDADbFb86+oFY5YzWSNI7X4hFrDR/","privKey":"aPg3N2oHhdFySWnCKmdfNvTN9xJQiO+TEUQZvL8r9G0="},"lastRemoteEphemeralKey":"BRAqjaiKlan2dMTtI+pX9yvlU5zMsfBJXJoQagNzhKBb","previousCounter":0,"rootKey":"IOR/O90l4pKLlBa0zAvG1KTD5V1+NE/dPJe2F3KpDt4="},"indexInfo":{"baseKey":"BezFfCyddFUD3JTMe+BGrUVzTzvAgaoFl4WpmsvHv7cQ","baseKeyType":1,"closed":1747566950880,"used":1747566918369,"created":1747566918369,"remoteIdentityKey":"BVx5YkfEffm24ZpcsdIiBPLQsq/FvbbtVlr6D48xcy1w"},"_chains":{"BfL6gKUIU6pO5busDADbFb86+oFY5YzWSNI7X4hFrDR/":{"chainKey":{"counter":0,"key":"y8bOGXpU4eTtN1+Jd2x/SuAUXrnwuus64mjVgkdWt10="},"chainType":1,"messageKeys":{}}},"pendingPreKey":{"signedKeyId":1,"baseKey":"BezFfCyddFUD3JTMe+BGrUVzTzvAgaoFl4WpmsvHv7cQ","preKeyId":24}},"BUTmS8IdpVZWyTZTf8eFmqllfywmdF9bhdbMkvGMO2AC":{"registrationId":254,"currentRatchet":{"ephemeralKeyPair":{"pubKey":"BY4jAper6WLaWpaAZck5lOM/a+LnSwBZwyRR1xlgze5H","privKey":"aIzAKLdWiwQn92i/UfFw9NhQ+GDji6AqvA8jsBqa6F0="},"lastRemoteEphemeralKey":"BRAqjaiKlan2dMTtI+pX9yvlU5zMsfBJXJoQagNzhKBb","previousCounter":0,"rootKey":"SVpFZKSzFQPP6iV5RxnVQTXJdcc8weCq4qKthMpzdUo="},"indexInfo":{"baseKey":"BUTmS8IdpVZWyTZTf8eFmqllfywmdF9bhdbMkvGMO2AC","baseKeyType":1,"closed":1747567305029,"used":1747566950878,"created":1747566950878,"remoteIdentityKey":"BVx5YkfEffm24ZpcsdIiBPLQsq/FvbbtVlr6D48xcy1w"},"_chains":{"BY4jAper6WLaWpaAZck5lOM/a+LnSwBZwyRR1xlgze5H":{"chainKey":{"counter":0,"key":"WRphODlQMRS0HQv8RLIsu61jmhZW7FlSmlyFh7wIxDA="},"chainType":1,"messageKeys":{}}},"pendingPreKey":{"signedKeyId":1,"baseKey":"BUTmS8IdpVZWyTZTf8eFmqllfywmdF9bhdbMkvGMO2AC","preKeyId":11}},"BWqWJS09qgPqiykTI1ZRlBWM9HVZSvvZWJdSAhrwVa08":{"registrationId":254,"currentRatchet":{"ephemeralKeyPair":{"pubKey":"Bfi/ekKY/EwvExXVxM609IKf5ihmkQbwNILDzCTycm4v","privKey":"iFNx7iBTtT7xRTr3eBmRJktBkSZ3UGqaC6q3goNJRFY="},"lastRemoteEphemeralKey":"BRAqjaiKlan2dMTtI+pX9yvlU5zMsfBJXJoQagNzhKBb","previousCounter":0,"rootKey":"cCBw2ROV4jN0sZXsCj17mUgfC9f6iuUoHst2FKz1gHw="},"indexInfo":{"baseKey":"BWqWJS09qgPqiykTI1ZRlBWM9HVZSvvZWJdSAhrwVa08","baseKeyType":1,"closed":1747567312378,"used":1747567305025,"created":1747567305025,"remoteIdentityKey":"BVx5YkfEffm24ZpcsdIiBPLQsq/FvbbtVlr6D48xcy1w"},"_chains":{"Bfi/ekKY/EwvExXVxM609IKf5ihmkQbwNILDzCTycm4v":{"chainKey":{"counter":0,"key":"e74HiCFOo+6olZuSaqFt/ic+++JXN3JMQF60ahemDxc="},"chainType":1,"messageKeys":{}}},"pendingPreKey":{"signedKeyId":1,"baseKey":"BWqWJS09qgPqiykTI1ZRlBWM9HVZSvvZWJdSAhrwVa08","preKeyId":10}},"Be0+7F6aZrFb6HMtj6hCZ5hCj+xfMFez3cr9M2olYg8E":{"registrationId":254,"currentRatchet":{"ephemeralKeyPair":{"pubKey":"BX7aPwDLZwTn+6dnm+zZq9YGxOJ2CXoHBIvXhuc+o2ot","privKey":"gH53sQ19UVgzmf8XaDHvk0qlXxs2zCCIyOFyJqGFL0w="},"lastRemoteEphemeralKey":"BRAqjaiKlan2dMTtI+pX9yvlU5zMsfBJXJoQagNzhKBb","previousCounter":0,"rootKey":"Ge1fJotjH0SDUIsq9XA4VlFjbegWREtZbROZ9QJh2Y4="},"indexInfo":{"baseKey":"Be0+7F6aZrFb6HMtj6hCZ5hCj+xfMFez3cr9M2olYg8E","baseKeyType":1,"closed":1747567398906,"used":1747567312376,"created":1747567312376,"remoteIdentityKey":"BVx5YkfEffm24ZpcsdIiBPLQsq/FvbbtVlr6D48xcy1w"},"_chains":{"BX7aPwDLZwTn+6dnm+zZq9YGxOJ2CXoHBIvXhuc+o2ot":{"chainKey":{"counter":0,"key":"oh2HwXlOnwFfepoYgjBurwmTWAvp8jhsA7a/r7uu2bA="},"chainType":1,"messageKeys":{}}},"pendingPreKey":{"signedKeyId":1,"baseKey":"Be0+7F6aZrFb6HMtj6hCZ5hCj+xfMFez3cr9M2olYg8E","preKeyId":26}},"BYPA8uU021mRwJTKeQ1PAOj29mpmzT7rIRLZ7HoVgrcp":{"registrationId":254,"currentRatchet":{"ephemeralKeyPair":{"pubKey":"BfNm+FTi58CzitID3dpE/NkdYj/2BFFv014p7y2a39oc","privKey":"cLMeudt8kAdb2KZpUmuL9JIp4wYAM24F8+ZRYY4eZGQ="},"lastRemoteEphemeralKey":"BRAqjaiKlan2dMTtI+pX9yvlU5zMsfBJXJoQagNzhKBb","previousCounter":0,"rootKey":"AJbdXeBTEMWs0lMMq92oSuNng9F2LeT21o0vsk70qrE="},"indexInfo":{"baseKey":"BYPA8uU021mRwJTKeQ1PAOj29mpmzT7rIRLZ7HoVgrcp","baseKeyType":1,"closed":1747567719062,"used":1747567398904,"created":1747567398904,"remoteIdentityKey":"BVx5YkfEffm24ZpcsdIiBPLQsq/FvbbtVlr6D48xcy1w"},"_chains":{"BfNm+FTi58CzitID3dpE/NkdYj/2BFFv014p7y2a39oc":{"chainKey":{"counter":0,"key":"zcQiJ1NFa9gd5UXygQYJeS2y4FfBISNehCKOKLSnQl0="},"chainType":1,"messageKeys":{}}},"pendingPreKey":{"signedKeyId":1,"baseKey":"BYPA8uU021mRwJTKeQ1PAOj29mpmzT7rIRLZ7HoVgrcp","preKeyId":1}},"Bb6ty96QLfKrtQm+E7FNN0DmAwfv2TyrSVraLvgqrQ1Y":{"registrationId":254,"currentRatchet":{"ephemeralKeyPair":{"pubKey":"BcA/fT7K903kx/uAIiXTpAsapVkldZoiOagLgBi3MZ8H","privKey":"8B0lS4hBUW9fmU6N4O32Lz7G2HTVE7F8K7LkP5y/x1Q="},"lastRemoteEphemeralKey":"BUsNgLlI/y9U7puajbYYoyFtdAxaZo5Z5W6VPZsoMqk2","previousCounter":10,"rootKey":"e+Udxi19Qn8r4uKy039NhYryYyd8LJ5IL07z8Y34qOc="},"indexInfo":{"baseKey":"Bb6ty96QLfKrtQm+E7FNN0DmAwfv2TyrSVraLvgqrQ1Y","baseKeyType":1,"closed":-1,"used":1747609727565,"created":1747567719059,"remoteIdentityKey":"BVx5YkfEffm24ZpcsdIiBPLQsq/FvbbtVlr6D48xcy1w"},"_chains":{"BU8jBGGoqTvKm4r4sVGSzoFGtWo9PJFHyPMy8pF40aMg":{"chainKey":{"counter":2},"chainType":2,"messageKeys":{}},"Bd6+X0m9JV8Otd+bN2Zq3wNj8UTKOaw3e22PAcMmYCty":{"chainKey":{"counter":1},"chainType":2,"messageKeys":{"0":"I7ScCEzWK7xBuBan9v7TxfHm4d2je03rJ1xorndMv54="}},"BUsNgLlI/y9U7puajbYYoyFtdAxaZo5Z5W6VPZsoMqk2":{"chainKey":{"counter":0,"key":"eu6S34kdNqwI2B6ZljziWh72KE3DnN4NZ6vDd6CTbxY="},"chainType":2,"messageKeys":{}},"BcA/fT7K903kx/uAIiXTpAsapVkldZoiOagLgBi3MZ8H":{"chainKey":{"counter":26,"key":"Lxc3BA1dsdAw6pQv5rg+5EN0pg8qoQr1I067g5tAx8s="},"chainType":1,"messageKeys":{}}}}},"version":"v1"}