{"_sessions":{"BbVP/uQjJvzxNYpFVLToPMLkBmcAqFw1WA6N8C58BDcl":{"registrationId":7800,"currentRatchet":{"ephemeralKeyPair":{"pubKey":"BQyWdsMmytNLXF+qcmEJLmh4fF0fNk9OypvNNwqnMHMu","privKey":"4JJpZsX3Isl4aJla2/S2zxWeUNSimQSrj0+OrQo7pks="},"lastRemoteEphemeralKey":"BXkS6BmlAoiQGrndSuz0aoP3NPUftLom2O/3JohuuThJ","previousCounter":0,"rootKey":"XM/uD+peQavX3jf47b/XP6I6vqBzARXjjL7Nag5EtAQ="},"indexInfo":{"baseKey":"BbVP/uQjJvzxNYpFVLToPMLkBmcAqFw1WA6N8C58BDcl","baseKeyType":1,"closed":-1,"used":1747231421909,"created":1747231421909,"remoteIdentityKey":"BRxgHR45KG2fHpbFMuP+mWrdjIPQCL4g1It1v9xy7yJ3"},"_chains":{"BQyWdsMmytNLXF+qcmEJLmh4fF0fNk9OypvNNwqnMHMu":{"chainKey":{"counter":0,"key":"bCYs1BmfZmticzAC0lc0Io4zcmHoAH4t+91B2NlLClE="},"chainType":1,"messageKeys":{}}},"pendingPreKey":{"signedKeyId":1,"baseKey":"BbVP/uQjJvzxNYpFVLToPMLkBmcAqFw1WA6N8C58BDcl","preKeyId":1130}}},"version":"v1"}