{"_sessions":{"BXB+abgFViS1l/v0fp2CLZtqPBAyqt3zxABNMh7YX4oM":{"registrationId":160,"currentRatchet":{"ephemeralKeyPair":{"pubKey":"BSBVe5FhyHCG9iNGiWcJAWSUU8JGm7UxdFJ3lAOCfn91","privKey":"IK4lEsDPMpDuhAvsbpPriYqYaQukHMlsj+uNlxAfhHo="},"lastRemoteEphemeralKey":"BTMFnuLWbWoFNZNgliiLYBz2OM8AK3D4ELZY3WfqFfNR","previousCounter":0,"rootKey":"/dkVyt/ktGn8g2qIHANr+HqWM5h70HHcl8Kdjsu0pGg="},"indexInfo":{"baseKey":"BXB+abgFViS1l/v0fp2CLZtqPBAyqt3zxABNMh7YX4oM","baseKeyType":1,"closed":-1,"used":1747231421855,"created":1747231421855,"remoteIdentityKey":"Bei8aL8zMZbRfZLQt4lIcyk9pghyoJeih8TaJZmSAkxg"},"_chains":{"BSBVe5FhyHCG9iNGiWcJAWSUU8JGm7UxdFJ3lAOCfn91":{"chainKey":{"counter":89,"key":"bRLfDdQGb2SkqqH0K6mhaDZr0w5YwJCLicW9hj7S5lw="},"chainType":1,"messageKeys":{}}},"pendingPreKey":{"signedKeyId":1,"baseKey":"BXB+abgFViS1l/v0fp2CLZtqPBAyqt3zxABNMh7YX4oM"}}},"version":"v1"}