{"_sessions":{"BWN0jLWi4FtLrU3UT6zqN2hLnEjpQ4zk/ukwq12BNdo9":{"registrationId":221,"currentRatchet":{"ephemeralKeyPair":{"pubKey":"BbRZDzzPda8w3xWlnpsg0ZCw4sB1I2F07yJN6Ajzjylk","privKey":"IGuUFACOkwfOO7olnxr6Gvuiv/+FJgBCgELxx/s3WlI="},"lastRemoteEphemeralKey":"BTOQT1OfuoWbRH92Q606ghxyPKOUligTxihXtE24HuEB","previousCounter":0,"rootKey":"WiQ+37S4Co1/R9xmeWBg4dcf/PE+MtvZJ/sz8e6EGgg="},"indexInfo":{"baseKey":"BWN0jLWi4FtLrU3UT6zqN2hLnEjpQ4zk/ukwq12BNdo9","baseKeyType":1,"closed":-1,"used":1747231421728,"created":1747231421728,"remoteIdentityKey":"BR3jbvenEbJLTbldKbSYbY7nvL6A/oSeIDYN0Jq2SRFj"},"_chains":{"BbRZDzzPda8w3xWlnpsg0ZCw4sB1I2F07yJN6Ajzjylk":{"chainKey":{"counter":89,"key":"m1Ac/4XTheI8Z7Sb7BrnqAlZqlmYqwo/JYaOdHFc4x8="},"chainType":1,"messageKeys":{}}},"pendingPreKey":{"signedKeyId":1,"baseKey":"BWN0jLWi4FtLrU3UT6zqN2hLnEjpQ4zk/ukwq12BNdo9"}}},"version":"v1"}