{"_sessions":{"BQQ1m1oQudmL17T6qFSd3QD50VxIwcFbNcygPA8U3bQB":{"registrationId":779205511,"currentRatchet":{"ephemeralKeyPair":{"pubKey":"Bb/Ef63p7+wAAdWN7D8Cpci4MTVaNWTL4zs2rTA4KCZY","privKey":"gOppb7QyKaZZZKAXCTHHUKQqs1Eo4qI31FB0KciG6Wk="},"lastRemoteEphemeralKey":"BeOL6ALQljwYb+/VEjwONOOwjYbmHoiat/MUBHBvMaYB","previousCounter":0,"rootKey":"hIDW5CLdZwQ8vkX0ymYuycup+WhlrmHg9TBNOi3XeV8="},"indexInfo":{"baseKey":"BQQ1m1oQudmL17T6qFSd3QD50VxIwcFbNcygPA8U3bQB","baseKeyType":1,"closed":-1,"used":1747231422858,"created":1747231422858,"remoteIdentityKey":"Bb+BIMBYs/XAo62BSznMzlkZ4NFRFjrEuriYxlg4JU0K"},"_chains":{"Bb/Ef63p7+wAAdWN7D8Cpci4MTVaNWTL4zs2rTA4KCZY":{"chainKey":{"counter":89,"key":"c3eV8UUTmRfdo6DQ/6m1fv4Fi7NDcWdl+t+91NCm19c="},"chainType":1,"messageKeys":{}}},"pendingPreKey":{"signedKeyId":0,"baseKey":"BQQ1m1oQudmL17T6qFSd3QD50VxIwcFbNcygPA8U3bQB","preKeyId":16540131}}},"version":"v1"}