{"_sessions":{"BQEobwLTjBnVKKFfvOIpnuiGcUDBpc6h8MEIXM63vhxZ":{"registrationId":1925620332,"currentRatchet":{"ephemeralKeyPair":{"pubKey":"BdkalsOFioQ4PRTE41sYZZ6+CPsl29ftCNVPv8Oyjj4E","privKey":"0NN3oDmewfyGE2I5aKV0CB4mvyq4KQwmHrLX/FnO51M="},"lastRemoteEphemeralKey":"Be57n2xPi792XTWnh8sB9T0UaPLp49jgLxkepsdnFF0p","previousCounter":15,"rootKey":"SOLPfeSpoAZOv+OGcm2ktzhxMwmE8Yd89XHp/+8d3z4="},"indexInfo":{"baseKey":"BQEobwLTjBnVKKFfvOIpnuiGcUDBpc6h8MEIXM63vhxZ","baseKeyType":1,"closed":-1,"used":1747406919133,"created":1747231422549,"remoteIdentityKey":"BeffqztAgiYLB7ZRgJddfFbuNqVTefpdZP3uhvLjO/Eg"},"_chains":{"Be57n2xPi792XTWnh8sB9T0UaPLp49jgLxkepsdnFF0p":{"chainKey":{"counter":0,"key":"WWeffgAFomKwTRTLNXzNqKziJXcu1r4wGs8p8ZA2Cto="},"chainType":2,"messageKeys":{}},"BdkalsOFioQ4PRTE41sYZZ6+CPsl29ftCNVPv8Oyjj4E":{"chainKey":{"counter":73,"key":"xgI9G1ikvkDWZojiV6imStUJSz4szEgo9mP6bFVFCT8="},"chainType":1,"messageKeys":{}}}}},"version":"v1"}