{"_sessions":{"BUeQYPtzgUY0DxZhRWaM8VXXxLZeOqEoGBUKvicuzW51":{"registrationId":495083919,"currentRatchet":{"ephemeralKeyPair":{"pubKey":"BUuF+5WAL8zl4821rJebHBtK3N2cOUp4GYdLMe5cNTpR","privKey":"wHjpawOoBTCs2UXyjQdwtQkWpJKjtMK7nmhylSRJCmI="},"lastRemoteEphemeralKey":"BUQM4/Dc5O5iRTslcgC4Nr5n2aoEskR1p+PfSIrfTQdJ","previousCounter":0,"rootKey":"GAaRNxWDqpgnA+XjqxlHnOxwEExBeo11oKcAYcjZ6xY="},"indexInfo":{"baseKey":"BUeQYPtzgUY0DxZhRWaM8VXXxLZeOqEoGBUKvicuzW51","baseKeyType":1,"closed":-1,"used":1747231422505,"created":1747231422505,"remoteIdentityKey":"Bd2sW/REdfby8Y59HGkudfn5c/+TXuxV+jdANTgRpEUJ"},"_chains":{"BUuF+5WAL8zl4821rJebHBtK3N2cOUp4GYdLMe5cNTpR":{"chainKey":{"counter":89,"key":"CnsVnYQ57IFuOKswrTM1yJfjnbDA3p8k/Jl+eElz69E="},"chainType":1,"messageKeys":{}}},"pendingPreKey":{"signedKeyId":1,"baseKey":"BUeQYPtzgUY0DxZhRWaM8VXXxLZeOqEoGBUKvicuzW51"}}},"version":"v1"}