{"_sessions":{"BaYyNfh4Dmr3CqAHL2QrN8SSP+BCeFdzJeNnAB9L3jIF":{"registrationId":756696116,"currentRatchet":{"ephemeralKeyPair":{"pubKey":"BWe8BIkCxBtXnRVzM4pOkcg0uu/s8oSGhjQ5lhUvQxp2","privKey":"IPkLQMle5pfyX4kt2030YeNEi4Tk/fjscl1kEpwVy0g="},"lastRemoteEphemeralKey":"BeBTj6TuQWWsB0fuuyO0JUKcrlXZBTwCeZCWYTrDap4+","previousCounter":48,"rootKey":"uAe93KRUj6P2RqBaXIID5vCS5sC78YVQ9WQgxJIVpKU="},"indexInfo":{"baseKey":"BaYyNfh4Dmr3CqAHL2QrN8SSP+BCeFdzJeNnAB9L3jIF","baseKeyType":1,"closed":-1,"used":1747663683887,"created":1747231422790,"remoteIdentityKey":"BX9zJaJJLorSKgW865YD36gwjdvatwjOzvj5vY3PaIx6"},"_chains":{"BT4qe1bhJkGksSX9mHirotENYPQ/QKGaVbbyBmXDY1kw":{"chainKey":{"counter":0},"chainType":2,"messageKeys":{}},"BZ9cazwFoYmfEQyECYMjkOCfHML7ECuKFbis2mvCMBQG":{"chainKey":{"counter":0},"chainType":2,"messageKeys":{}},"BfQNA94/IUMXrkVM7ESFzg3rWvI7yhPV+ZecQIL2Gh8W":{"chainKey":{"counter":0},"chainType":2,"messageKeys":{}},"BcxMQdLXW3SbrIJMx0VFlsLdT2PAxLSK6FGNgvkNOlVn":{"chainKey":{"counter":0},"chainType":2,"messageKeys":{}},"BQtTuQTzJMJwn5OxSmseYZhpPsm+cR25fWQysidudqE0":{"chainKey":{"counter":0},"chainType":2,"messageKeys":{}},"BaVT3lAOCewjb6dStFEB2yNgmT87ohB1Gfn5JK2soKdY":{"chainKey":{"counter":0},"chainType":2,"messageKeys":{}},"Bbn9e7KCMdH5wCQ1BKEsp79vOIFr2FVuPESBJfewJ9hq":{"chainKey":{"counter":0},"chainType":2,"messageKeys":{}},"Bev1a6dizk9ZmDs9pxIIijdsotEI675epjX87PDbRH0W":{"chainKey":{"counter":0},"chainType":2,"messageKeys":{}},"BSypHiy7ukcNFAW6tPxwwcQjTop4ymRzV8WUivvB0lFb":{"chainKey":{"counter":0},"chainType":2,"messageKeys":{}},"BV+E4m1J93C8NozlRmosA0WFJdXzNMfjOGHfZ7hoJNJA":{"chainKey":{"counter":0},"chainType":2,"messageKeys":{}},"BcOLIwEo627gngcRP4zkRfbSB1+RGl7bG5vfa8vHBW4l":{"chainKey":{"counter":2},"chainType":2,"messageKeys":{"0":"QqM/f4ekH1Gkkd7ElcHhqVq4JaD9gFy5PL/9WWomH6Q=","1":"lDX5inP3HPOVtho7MHQCrNOjYkr52BAGx6a2O70mnsE="}},"BfkKYfcF9UMOfUBz3Rnbr+LfUKRS8uhhLhwbSw/uEqlt":{"chainKey":{"counter":0},"chainType":2,"messageKeys":{}},"BcttUBk3EFWw4YixIlS7/tbIBoS2HjFNDMg+TbRahPo6":{"chainKey":{"counter":0},"chainType":2,"messageKeys":{}},"Bd4YqzepUqmQVtxNayApgk1NbTN6TWbLhnIESchXRKpH":{"chainKey":{"counter":0},"chainType":2,"messageKeys":{}},"BWdOvXKOnt6FEQSFDrDhO6NWMFdCCHLIQrBDdx3zlJc+":{"chainKey":{"counter":0},"chainType":2,"messageKeys":{}},"BRszXzk5ul40pheO5lTc5IYXWIgVKcymA4D4nVjuiiVQ":{"chainKey":{"counter":0},"chainType":2,"messageKeys":{}},"BQB5n6ErS5wL0dkdrvYhRxSueMkjD92gKv1z61runtQb":{"chainKey":{"counter":0},"chainType":2,"messageKeys":{}},"Beqv7StluXtDDZZXoqoQrE9zxptASlIhah144XnpakdK":{"chainKey":{"counter":0},"chainType":2,"messageKeys":{}},"BXyzYm9idOJ+Tp3fgmAKdZdKn61+xtfg6IG6dIWc5KpC":{"chainKey":{"counter":0},"chainType":2,"messageKeys":{}},"BSKURCdrRP5adZdgnmakSNaq4JUlh3kV1emPtNYGOIVt":{"chainKey":{"counter":0},"chainType":2,"messageKeys":{}},"BY8oXpYFfMsm6NfO9jIf9s3kJdu29I60CQhUWCfgoBsR":{"chainKey":{"counter":0},"chainType":2,"messageKeys":{}},"BbCCciPTNbdWy9kQhBT+/rwN7XmFAbC5jkcMQTZnUysX":{"chainKey":{"counter":0},"chainType":2,"messageKeys":{}},"BZJ6aTu2WgehREm88+Zj5J4MNKsAPo78dLenYHyK26RV":{"chainKey":{"counter":0},"chainType":2,"messageKeys":{}},"BVRMxo8jc/FZ/96yN9hNUg7XJhXITuTNksgRTF/fueQr":{"chainKey":{"counter":0},"chainType":2,"messageKeys":{}},"BaCGTZ084XvLKmThieES2iO9ZOViOK0WIxyU12KmOzAi":{"chainKey":{"counter":0},"chainType":2,"messageKeys":{}},"BZd2M+eeVjgd/bcVzhnZAFygj9Z7ALeL0hijGsrxujtq":{"chainKey":{"counter":0},"chainType":2,"messageKeys":{}},"BdHhG1hdA1oHoDiC2xHgMzyW5v8Z+ra9k3v2WrZ8QGMq":{"chainKey":{"counter":0},"chainType":2,"messageKeys":{}},"BRIQX9YWJot6yg68nvs4KrUzxOWBwYw/fvgbJueEmFxG":{"chainKey":{"counter":0},"chainType":2,"messageKeys":{}},"BVV5Y9h5FcLBhkrjqXKkb8yXdrGLxCMqgd5C/epWiqxf":{"chainKey":{"counter":1},"chainType":2,"messageKeys":{"0":"jJ80NtkMkyRmsxBYWctGEiu8+w+opKY9wlc23/7cg5A="}},"BeeoQdfrlVXRy9I+cwOE+plXmBElyVQIKb1g2vkQpYBS":{"chainKey":{"counter":0},"chainType":2,"messageKeys":{}},"BVPnhNAkWD58KRvFAbtbErUWD8q38IYfkDBVF00mFnIo":{"chainKey":{"counter":0},"chainType":2,"messageKeys":{}},"BYKZdAqEhpHql7HbXbzWzG3xYcl+2lL62eZdGu7RcVg/":{"chainKey":{"counter":0},"chainType":2,"messageKeys":{}},"BTJ/8P1vBXMXefxM3rRnnxEkCvtrUSv2uOYeGCioQTYR":{"chainKey":{"counter":0},"chainType":2,"messageKeys":{}},"BfEgIv++xaZ9zmw1cFvIhiJgtvJsp6AQrf5UgJjf/ZxW":{"chainKey":{"counter":0},"chainType":2,"messageKeys":{}},"Bbg7KbrC02tyxdEN8opnRoI5dgUrZUTRoGM2TzIZ2448":{"chainKey":{"counter":0},"chainType":2,"messageKeys":{}},"BTsl8csxBJ8oYH0sepJ2EJTsdMI9sCutaohG3qkr04l/":{"chainKey":{"counter":0},"chainType":2,"messageKeys":{}},"BQeUhsac8M7dvddRxc1EoFijbr4VnYAjdrjhAVstU7l8":{"chainKey":{"counter":2},"chainType":2,"messageKeys":{"0":"NdMLYWqegpd7+OqeiObhdzM5XLlaQ4TbQTjcYWS4YCg=","2":"EgR7rEwGCQFRLA7xjBu0p/Xf39I2WgJNFfXHzACFyEY="}},"BWKyD1Oc9UJToX+IW6sPSQGvhPeuxByFlEfwTAPNh0Ix":{"chainKey":{"counter":0},"chainType":2,"messageKeys":{}},"BW9teUb27Fx/9YcMbCKWOguggWCuRVJrbUoYWoX+xYd/":{"chainKey":{"counter":0},"chainType":2,"messageKeys":{}},"BZtOn0DCOkTGXsdnBTgVCIjlBWhzC2IefHr85pD0Lfpe":{"chainKey":{"counter":0},"chainType":2,"messageKeys":{}},"BUaRNOvINzF3HrPUpKimyA9gWuLDrdDcbNeBgcoSDsQ2":{"chainKey":{"counter":0},"chainType":2,"messageKeys":{}},"BW4TP2LPvEYMeadNZ1OaWUqIT74YQ/Aa4XEvruSJpUYq":{"chainKey":{"counter":0},"chainType":2,"messageKeys":{}},"BTLuwb35SDwDpMDJ/Rrr4jma9ajSO+fJTZi0QxASMENm":{"chainKey":{"counter":0},"chainType":2,"messageKeys":{}},"BUGnZxrDNnDfecfYSf17fo53Cvby1mRZf7Z+GNfU9tVS":{"chainKey":{"counter":0},"chainType":2,"messageKeys":{}},"BYO9GvFGjnmMVCVle3eKgIsPciZ6IlinyfLP5xFfV9ND":{"chainKey":{"counter":0},"chainType":2,"messageKeys":{}},"BYQHI/77SIYgwhoqRY18esUyIYkqT8Qyhug+JcUPEid3":{"chainKey":{"counter":0},"chainType":2,"messageKeys":{}},"BZm5FqOk6Pe/SENoQC7YcGvqbi/XnewVstBhuukb9PkF":{"chainKey":{"counter":0},"chainType":2,"messageKeys":{}},"Bft54VXks1UmqvOL1p3t1p6v8dc5gC0RZ+A7X+ISofNg":{"chainKey":{"counter":0},"chainType":2,"messageKeys":{}},"BUc6Yp9kDZAGfSbYxPGB4RoDBeH05s0HBnk9BB/5+sc4":{"chainKey":{"counter":0},"chainType":2,"messageKeys":{}},"BYumnqqdeGYVsyqKDZIvZ/31Xk8uJobfDPf4yTlPGRNM":{"chainKey":{"counter":0},"chainType":2,"messageKeys":{}},"BeZJF7hHb9v7VN/l4SOwJ/pmes+hUCtGAxXwZxK6cehR":{"chainKey":{"counter":0},"chainType":2,"messageKeys":{}},"BfFm4MEOV4fzinONp7Ll+6IyrJcQQTui0TJIr5PLm4ss":{"chainKey":{"counter":0},"chainType":2,"messageKeys":{}},"Bb4fpqC7ktR9krxeS718kGcQRyjiVn+zLQr0p9sWHKhp":{"chainKey":{"counter":0},"chainType":2,"messageKeys":{}},"BaXjQ++zRFpSTSl0OGePSObVtSu5u+oYXwLcl5q3CU8g":{"chainKey":{"counter":0},"chainType":2,"messageKeys":{}},"BRf7PJsvDOOenedE69gNm7grK1VApnacZnaKIQP4leBD":{"chainKey":{"counter":0},"chainType":2,"messageKeys":{}},"BdvDccmPVwrY/FDsQJac6Aqvwr3tjDq0FB4JujdoagcU":{"chainKey":{"counter":0},"chainType":2,"messageKeys":{}},"BUTv0C6qqiYU58XQjRI3HTfoFsSMmmAHu+0aBozkO+QK":{"chainKey":{"counter":0},"chainType":2,"messageKeys":{}},"BTHE11R9JixCX6F8qVk++KaaU94ZU0wQUJDaYpnUMSkP":{"chainKey":{"counter":0},"chainType":2,"messageKeys":{}},"BVT6d8EwTj55qqR43/uGvdUDpCBB2HnayBPVXvw5X6gT":{"chainKey":{"counter":0},"chainType":2,"messageKeys":{}},"BZEdKcGX7Mbp1kUG+Vt6BKNNvAZBmq+Pdx6WCMs7QLBI":{"chainKey":{"counter":0},"chainType":2,"messageKeys":{}},"BWdx39ixTrXC7KRdW7vvHdgdDZv7kABTxHGTMremSpQz":{"chainKey":{"counter":0},"chainType":2,"messageKeys":{}},"BW2l/eKWn0vzacuZYku3USMYEqw7gVvaDAmiY9cHMVQ0":{"chainKey":{"counter":0},"chainType":2,"messageKeys":{}},"BR8gkdXg09DbhNf1U6GI0kM5F4MXtTHkqojrV1tAau5S":{"chainKey":{"counter":0},"chainType":2,"messageKeys":{}},"BQNLosiCA5SZQrwSIYsJ097sumYnPyWOBEOJIcI2C0og":{"chainKey":{"counter":0},"chainType":2,"messageKeys":{}},"BTCXZWiEUuoUAZbocXVK0U04Lk1I8Fv9wONLDa1QGSE9":{"chainKey":{"counter":0},"chainType":2,"messageKeys":{}},"BVY26KCDbu6kXgaKJjksi0JfCmHh+D2pzf9OIau8bLlx":{"chainKey":{"counter":0},"chainType":2,"messageKeys":{}},"BQSxIY/9CoPl0z8rG82/lbi6Ym5oN5gIdU4xlWjHdyN+":{"chainKey":{"counter":0},"chainType":2,"messageKeys":{}},"BSvwrMbdBKlilWJRVszKDE7PD3hsXiRtG/BaFpn1xzlK":{"chainKey":{"counter":0},"chainType":2,"messageKeys":{}},"BTI3hxIQHOrbCLnKDOCtobWQVyvXCqmSg8forPftBxhj":{"chainKey":{"counter":0},"chainType":2,"messageKeys":{}},"BbTXoBnKOnZsiOMeEpauVZZUDMZ0425g4n/naszS7EUl":{"chainKey":{"counter":3},"chainType":2,"messageKeys":{"0":"S+ytHHZxAnG1BrrcsWFr0McOAnvGPZxChemW2Z8OyOw=","1":"JTocBsenxZNU87Z+I/e7ech0X0MwlXIffCzltqU7SJc=","2":"1UcKvvdGx7p/DyRwvY4yX33pN/EjsEYDKLksgS9Cvhw="}},"Ba1PLMztMdVIUvVgFjPxtnw85nrROvcH8bMJA+vGissL":{"chainKey":{"counter":0},"chainType":2,"messageKeys":{}},"BUo06ONDnku2I/Bfl7e+mMjinvAuvWDf/VkBRmp6y0NY":{"chainKey":{"counter":2},"chainType":2,"messageKeys":{"1":"K/EgeY+d+3mIcFnSdU8HRQECqUqtTLDw4evJIUl83iE="}},"BbZjynqNruWZPWA1H/Mfze4KuIRgRoxUl+mW01eE51Aj":{"chainKey":{"counter":0},"chainType":2,"messageKeys":{}},"Ba4WK6yWWHdOCOnG/AX2e2/EuhjSV2/evlqUrLQXfINg":{"chainKey":{"counter":0},"chainType":2,"messageKeys":{}},"BTO2SAjuuKGhhKx5kT7fpZPWsMGzwSQiVS2mTQB+OMZX":{"chainKey":{"counter":1},"chainType":2,"messageKeys":{"1":"gzHnkACFij+dP6FsGjRGAYdrOqmbVm9c5D/sVZlivRw="}},"BeBTj6TuQWWsB0fuuyO0JUKcrlXZBTwCeZCWYTrDap4+":{"chainKey":{"counter":2,"key":"Fa8vC9udkraDrl27Ln/beAv1TDxzepflAVnzmlflZ9E="},"chainType":2,"messageKeys":{}},"BWe8BIkCxBtXnRVzM4pOkcg0uu/s8oSGhjQ5lhUvQxp2":{"chainKey":{"counter":1,"key":"eMrv6NCzt3opZU1lL6gyVNyLMroc0rZVaH7a2p4XTvk="},"chainType":1,"messageKeys":{}}}}},"version":"v1"}