{"_sessions":{"BT+KQgLe3fuy6svzO1xZaVC28v1BiMTmpo0FN1pDmggr":{"registrationId":132,"currentRatchet":{"ephemeralKeyPair":{"pubKey":"BYkv+nYYMgPKlE8KABNi0AgugDFr4JyO5yCQ72Y3fWQL","privKey":"+IHSqbb6Q48ciF0aoP2Qsw/NJpaAnqcCKbWnyd0IzFc="},"lastRemoteEphemeralKey":"BWlkvF3wNg9adxK347oWrsDLOl+uWiZuoXKptKkLHGYH","previousCounter":0,"rootKey":"teZH/hBu/9ig00S81lGCamVoeut00PF5LqTtEb+ilpI="},"indexInfo":{"baseKey":"BT+KQgLe3fuy6svzO1xZaVC28v1BiMTmpo0FN1pDmggr","baseKeyType":1,"closed":-1,"used":1747500875254,"created":1747500875254,"remoteIdentityKey":"BcglFWOLDsDGCOUBrz7ppViq3ZRlwKmCuaz5Y2LpJRwz"},"_chains":{"BYkv+nYYMgPKlE8KABNi0AgugDFr4JyO5yCQ72Y3fWQL":{"chainKey":{"counter":73,"key":"PmEPLjAXmruQMvSNxdYa5fo92oRO09eFz9X3EbkOrZw="},"chainType":1,"messageKeys":{}}},"pendingPreKey":{"signedKeyId":1,"baseKey":"BT+KQgLe3fuy6svzO1xZaVC28v1BiMTmpo0FN1pDmggr"}}},"version":"v1"}