{"_sessions":{"BXVlsGnIVEXSRopqwvITOTaV08Z/Ysp/1pnrzdbGShly":{"registrationId":1241297739,"currentRatchet":{"ephemeralKeyPair":{"pubKey":"BW4vanf70qKkmrhgLI6XJ5HzPBGjHBwuFwocVAE8B3tm","privKey":"gN0pJfy9u6VnPA4e6f+eP/f1pKmmNeeSuYaKr4FGTF0="},"lastRemoteEphemeralKey":"BVxcQZtHnRwB1/buWNBVpfh1ZT4hAuAprDfy8DON1gsc","previousCounter":0,"rootKey":"U50SSxopLuxABhABH/NPcb5lj+diq/gXDbqXnujXOGc="},"indexInfo":{"baseKey":"BXVlsGnIVEXSRopqwvITOTaV08Z/Ysp/1pnrzdbGShly","baseKeyType":1,"closed":-1,"used":1747231421970,"created":1747231421970,"remoteIdentityKey":"BT+OfaDlIZBWFBVE9sgWAYCL4x+UbiAsPkCM9D9eLJQ5"},"_chains":{"BW4vanf70qKkmrhgLI6XJ5HzPBGjHBwuFwocVAE8B3tm":{"chainKey":{"counter":89,"key":"TtZY5jaQvVBiHXiGtW9e4JyTDsWGm0qxqWYdHjep+Js="},"chainType":1,"messageKeys":{}}},"pendingPreKey":{"signedKeyId":10,"baseKey":"BXVlsGnIVEXSRopqwvITOTaV08Z/Ysp/1pnrzdbGShly","preKeyId":14855405}}},"version":"v1"}