{"_sessions":{"BRnUzNftnxLyPCrvu3o9iVFpMlZzT0Af4HG0fjRlUvNV":{"registrationId":1795089252,"currentRatchet":{"ephemeralKeyPair":{"pubKey":"BYli5kxx4ILeV3a4II7Q29tSJpqgcedVviTqamsWNXIx","privKey":"gALl0GSBf2sgtQx+SamP5qULMlfGd+lSGkONbJox9U0="},"lastRemoteEphemeralKey":"BQGw4cM6jBVZJdVHobDYrZBa2ugbgNrI/nWv3BAaKGJK","previousCounter":0,"rootKey":"VvMuaRFztVxxvEi5tnfqcOm+aVPSCXJ9VpE3ddjm78I="},"indexInfo":{"baseKey":"BRnUzNftnxLyPCrvu3o9iVFpMlZzT0Af4HG0fjRlUvNV","baseKeyType":2,"closed":-1,"used":1747638574048,"created":1747638501551,"remoteIdentityKey":"BVYzuz9oXPneInSP5nZBez6aoCK3ihEqd71X8FVEBhlL"},"_chains":{"BWhmV9G0SyivwFritTRVXwtuqIJ9HgAdFNjFK24UPup6":{"chainKey":{"counter":0},"chainType":2,"messageKeys":{}},"BdKREzQS6QepdqfHj7e3Y5N5gNCp16V7qyknVUyZIxxC":{"chainKey":{"counter":0},"chainType":2,"messageKeys":{}},"Be96ZjMcYsIgWKPL8b1AMrK3iHuuxk6iBh0vSnVXJLNO":{"chainKey":{"counter":0},"chainType":2,"messageKeys":{}},"BWrUTyXdIDBVPmFmy35hMufQjZdnQ0gUbppnYZXRHIwy":{"chainKey":{"counter":0},"chainType":2,"messageKeys":{}},"BU/rsha3ljkXJejMiILnZmvbXoo3x0pDmeVlWRNqJSIe":{"chainKey":{"counter":1},"chainType":2,"messageKeys":{}},"BQGw4cM6jBVZJdVHobDYrZBa2ugbgNrI/nWv3BAaKGJK":{"chainKey":{"counter":0,"key":"eGPot41Ufw44dWzSOoylIG9QzGvy8Mzk31TYwDgkLRU="},"chainType":2,"messageKeys":{}},"BYli5kxx4ILeV3a4II7Q29tSJpqgcedVviTqamsWNXIx":{"chainKey":{"counter":0,"key":"Vf5azAtrn040Vw22cOlAHQhwady5/nkAjiu+Cp8fbrQ="},"chainType":1,"messageKeys":{}}}}},"version":"v1"}