{"_sessions":{"BaQRZAedR9KIhmVAUNXCb4TkT/OwRwKMfIvDpu7Z+ExR":{"registrationId":229,"currentRatchet":{"ephemeralKeyPair":{"pubKey":"BULIGfWQSbybxpe27yxqvnNinWN/ov0WUNZcN5E2mwRC","privKey":"EC9akdJ3Pk4xS/SzXS0+40eXNuFwfOcbu8WllTUS/2E="},"lastRemoteEphemeralKey":"BUNzOxo5n+1/ik5VGMoWPszkUKiTuWWxknZQbVn6h+oq","previousCounter":0,"rootKey":"s2CfvQSoH/oCmT9+4bi3NSdwV6zt1SpKR/CQC/t3xYc="},"indexInfo":{"baseKey":"BaQRZAedR9KIhmVAUNXCb4TkT/OwRwKMfIvDpu7Z+ExR","baseKeyType":1,"closed":-1,"used":1747541532108,"created":1747532669082,"remoteIdentityKey":"BSrN1IWa7RiG5IBLQ3/ODhXgUk99WyOMGZIOIrS+cwxw"},"_chains":{"BUNzOxo5n+1/ik5VGMoWPszkUKiTuWWxknZQbVn6h+oq":{"chainKey":{"counter":6,"key":"2xjOk+GSCuxDSlNR5kYRExHatOSq8hNLjaArKwBZ3H4="},"chainType":2,"messageKeys":{}},"BULIGfWQSbybxpe27yxqvnNinWN/ov0WUNZcN5E2mwRC":{"chainKey":{"counter":-1,"key":"0pTITbPom8uqHSIhOiz61bxcO0H8jHos/o7PgbWS7Tw="},"chainType":1,"messageKeys":{}}}}},"version":"v1"}