{"_sessions":{"BSIdTTUV5coUXaAnxGIE8SdtBSaOPWk6gNWorTJf1w9W":{"registrationId":1830451728,"currentRatchet":{"ephemeralKeyPair":{"pubKey":"BQOu1JsWEXdLGivt27qon5YOkF98kn9JCFYFSBL1jjdP","privKey":"aDEc+t86rjs5NwIkElXYJsBd2JW7nf+hBS734zyikXw="},"lastRemoteEphemeralKey":"BXG5UGzdgfEkfh1cea6tolIqzZ44Jwq0cHFOXFK+Ar9X","previousCounter":0,"rootKey":"A3D59y8Z87Zn4FPDMXk+it7afUozQ15ufYU4QueWMu4="},"indexInfo":{"baseKey":"BSIdTTUV5coUXaAnxGIE8SdtBSaOPWk6gNWorTJf1w9W","baseKeyType":1,"closed":-1,"used":1747231422467,"created":1747231422467,"remoteIdentityKey":"BVFZvIOWkbCHFbXLH1H0NbzN77OLkuROmB49bVOembQw"},"_chains":{"BQOu1JsWEXdLGivt27qon5YOkF98kn9JCFYFSBL1jjdP":{"chainKey":{"counter":89,"key":"lsjbwlm7P8Zhk+i57w9WA2kgT5gsvscPrGQcIaWE/4U="},"chainType":1,"messageKeys":{}}},"pendingPreKey":{"signedKeyId":0,"baseKey":"BSIdTTUV5coUXaAnxGIE8SdtBSaOPWk6gNWorTJf1w9W","preKeyId":11995267}}},"version":"v1"}