{"_sessions":{"BcfEgHH9ypVGvCe81mkjfpEDX6BVi5bwYwEGybWNbmdh":{"registrationId":914105538,"currentRatchet":{"ephemeralKeyPair":{"pubKey":"BbOzYOTjry7mvg3CUNjPOJZmI33UX2iBBokeX49BhkcM","privKey":"iN+JHQrp6lsPdc42cKZLyLyWXmLWOo3IPttYu2u8rFs="},"lastRemoteEphemeralKey":"BVIIbfsHVAEojk+dtlSluNIngFpLRMtS3lvAiGHj5Es/","previousCounter":0,"rootKey":"QuecThWbCYsr0K+PpZa2aiKljcXGlg2qSS3wDqRXlrk="},"indexInfo":{"baseKey":"BcfEgHH9ypVGvCe81mkjfpEDX6BVi5bwYwEGybWNbmdh","baseKeyType":1,"closed":-1,"used":1747661197968,"created":1747661197968,"remoteIdentityKey":"BQCsoe+WBJ5HrJnJbhI3LHVae8JAY/1oLwFfPWwmfIIH"},"_chains":{"BbOzYOTjry7mvg3CUNjPOJZmI33UX2iBBokeX49BhkcM":{"chainKey":{"counter":3,"key":"cTam0ArzSms97E2biww7mMf5xC24jxe6TeHAujbBnXI="},"chainType":1,"messageKeys":{}}},"pendingPreKey":{"signedKeyId":2,"baseKey":"BcfEgHH9ypVGvCe81mkjfpEDX6BVi5bwYwEGybWNbmdh","preKeyId":1705578}}},"version":"v1"}