{"_sessions":{"BYYV/FWuM2mciSZqet/dZM125NlQisLn7bWXl1j/2WUa":{"registrationId":1107149380,"currentRatchet":{"ephemeralKeyPair":{"pubKey":"BeB0izyvkj/xRqSDbrQyW/lhVK8g+SRvV6ZJfq7skb5d","privKey":"sD+ehbX+0cPBZks51vgaZeLRJu2KuqUg21G4FsqD4F0="},"lastRemoteEphemeralKey":"BeoxPbFjR5+qXu5W2x6Oy1C1PhO8oorJklxqTB3MV4km","previousCounter":71,"rootKey":"pWWvUflalkafQdjdTsE7Crv193Bh0MgAOo95GzcSi6M="},"indexInfo":{"baseKey":"BYYV/FWuM2mciSZqet/dZM125NlQisLn7bWXl1j/2WUa","baseKeyType":1,"closed":-1,"used":1747651315682,"created":1747231422254,"remoteIdentityKey":"BWVTsyGj6G3ejN/WUwr0SHlsx+/lL/aSPkGrQuviWG1z"},"_chains":{"BeoxPbFjR5+qXu5W2x6Oy1C1PhO8oorJklxqTB3MV4km":{"chainKey":{"counter":1,"key":"m6cAGXgLKZ6uzMAlezi4cTjL9pVF2Xde+NHCL5dCfqA="},"chainType":2,"messageKeys":{}},"BeB0izyvkj/xRqSDbrQyW/lhVK8g+SRvV6ZJfq7skb5d":{"chainKey":{"counter":17,"key":"4h+xUjrSYgbsK/DxzxBbV3emu8emDXDN3akbgg7G4wg="},"chainType":1,"messageKeys":{}}}}},"version":"v1"}