{"version":115,"hash":{"type":"Buffer","data":"m+0+i3nt8/xAaRwu9w7v+imj2QV4vO/auW4lMz7Nmatq39aGHwmWlnYaJ06wxKvsAO8WyX/Goz8v8WrLpFYVzfwfiMIYkwI72zqkwYDv404yWS6VJJ0a4tXF3WsvjltwbVwCh9qoq9iV7RyANl+Le+DkuDF2DIIN2pokQTWzx60="},"indexValueMap":{"BW2IcnEwcx4xeJ0P69lWhS75WX6JACT459H1indv+Jc=":{"valueMac":{"type":"Buffer","data":"EgJnNLkvyrxlhzrkpcfrQm0/zaOXpahAZK9ra/XxjYE="}},"DKT7fV422vouu9JrGI+VR+ykRunBeBFffU/0CSYGmDA=":{"valueMac":{"type":"Buffer","data":"5dNFoq4qvUN8rQLVzp3OoQ1zdUYr4mCC2/cvApzMpLg="}},"DaHoIsGwKWbHLHBEHWqlEKWUtMRgwF6TRWluWCyA8/M=":{"valueMac":{"type":"Buffer","data":"vbhSO3soaMquZJsB7NVQEcyk3PL1AbfzyfRBUtww/T8="}},"EWy+ROgNxPkDBfZvmTGlKcnb0RqWgSXZRLi64dgthTU=":{"valueMac":{"type":"Buffer","data":"hdqEomDOX0pso4f2kzUIm0zHDbK4Vk8MHZi+hZUQ+lI="}},"J4a4G1YbOQ7FPpqANZlFrANhS/wVq3MbQW6LFizcdEM=":{"valueMac":{"type":"Buffer","data":"9jADDIXd/a/JkylKH9RkrG6bFlOq8btomCiIj5zGvmY="}},"ONFDs5D9swQRq8gOOg2Kv8rWFzSROQxdZOi9wEDTN9A=":{"valueMac":{"type":"Buffer","data":"sWo9Tv8ct6DW4RtWdZQxzWXmYv0gwW7UQoXIo9Y0Kb8="}},"QSobgpgilkVTPUkC1W1H0qWJxhep0AjOxOQdUlIks7U=":{"valueMac":{"type":"Buffer","data":"tOyBmw8t48ltd6Q5qd7+yPM8jbpG6Kg1KShqay4XrAw="}},"Qyp8Zs4OyOa9dSquFoq1XqvvTMf7Y8LGECE8wE21ZBw=":{"valueMac":{"type":"Buffer","data":"/CEMJVm6wz53iCceT3jkquVrEWvLyrTsBq/qI6rFRX8="}},"Q7YJ5M6lx3ciKKrXPYx6hdOGYbIOaxHbClTknhR1Hqo=":{"valueMac":{"type":"Buffer","data":"dC8ioBmqoUF2Wk+dsivgcGijIU3jvEOgA7sZgUDtdT4="}},"Tq0NvqiON34ZCaDrdG/cPZaowrzHGXPhn9oF/jgCuhw=":{"valueMac":{"type":"Buffer","data":"89LRNU91za+Y/r684BQHllQGgs2BKN4RtJ5c0EULo1E="}},"T3qkOVwGsK/a2B5q8aN3wncQ156I4ZL62DfGhxGQ0ks=":{"valueMac":{"type":"Buffer","data":"Ol+fD4qJm3278CPlzJH/UI+UmucnYWjERsOe26q9l2g="}},"T4f0QHl943vimQ3F5kkcOGiEnP5T+Ju/kVA2ohpNUX8=":{"valueMac":{"type":"Buffer","data":"cwNszYQz5CxGjYS0pCfbg2En/uGwHC1H7eYBNpw/sis="}},"VT++4r9tXWcb7c0iRUdv+pemxxJ+JBQ0S4q4n2mJF9o=":{"valueMac":{"type":"Buffer","data":"CQZF0S7f3XxOgRH8KKmpyIMWnlBu6RNpvXDn3p9XtcY="}},"W5zvmMSAvXX6xQMSvtsSKYgWybkxBx5h+CrwxMqKufM=":{"valueMac":{"type":"Buffer","data":"huMKn2E89e4Yg8o2x430HqiNsuPjfbI4lSdyJSiwXNs="}},"beBteHUfOG7XH1zj19CNpnCvFJlGlRSTlK9sTNYw2wA=":{"valueMac":{"type":"Buffer","data":"pIrX6Ic39N4e8WQm3EyEckt1cyJY6DkYzEVLlpSUpyk="}},"fzP6/OyWwUvPX8YsSoI337PZp3wBPPB1vPIN7jAixTM=":{"valueMac":{"type":"Buffer","data":"NOcY4LzKEy1eNBtQqsKyP4sdWICy6gmPNqIsSFAB5H4="}},"iKwP/akzlJjZb9exr1KSerfIE79aDQakhGgngIskjw0=":{"valueMac":{"type":"Buffer","data":"QvjtCF2SK+Xcmkn3qCjskwkdb/GTIRTD2dmzbpGXCmU="}},"i+C+4bQoiaD7JX/sgTzAMhrhhd5iPrYGjPpnF98prKk=":{"valueMac":{"type":"Buffer","data":"SzSN2fGGewBEJq6xbEX5KRsUPiPR7TaPExIEZFH4j0o="}},"lGiEIVAUKayMAtRq7eMIGgHR0aVlHM28vVZVp5RF3/w=":{"valueMac":{"type":"Buffer","data":"1Jd8tjaNgr7gUNMAsPJlm1sacLv8magHU4Rr/4pbHoI="}},"pFrm/5G+6F4jK0n9RPqbClJQVoypNuvxD6ki8UgCEf8=":{"valueMac":{"type":"Buffer","data":"1f95qmmhuvcefLeLGPSn/UZHEnbgb0M+JgO/AyJuqZA="}},"t+KSG+gijXs4nVNlgCUZQgGYsCY6hIH99xNSUKRM894=":{"valueMac":{"type":"Buffer","data":"jhvd8RVfLOffFut9tguT4Aaui6nAmWSfJZUgv+AZ3ig="}},"zwGvwwOYoBqDJSkEKHcZnR/gkT0LjFYs4v8eNH0yFbw=":{"valueMac":{"type":"Buffer","data":"9X7b1Tb2KTlobqGVw0qekzk/21wcZtPr5sHHo5hKZv8="}},"2h97VvI0EAxe9Tl3sYRncnl8GlRwYmuPH6fN44n00+M=":{"valueMac":{"type":"Buffer","data":"6NkctUHiQd7mGnzdemD41rpRG/8ZAyFlUQZPOFptv2o="}},"42Wj7NxNXXIvDh7GMnjUNCxkiiFt/PElz6LYD/kUQV4=":{"valueMac":{"type":"Buffer","data":"l/q41kJmh1Ui/ifD2VlUSQHfGf5jGFC/buqOSI2g+6U="}},"6exj60GW8v5p4tJ531CGksmrOWQUVQ1kUv6aeMgS4lc=":{"valueMac":{"type":"Buffer","data":"/GzvC5Ele5c00JeG/Z4tkhx09ViVtKomhFwHT4+zz1w="}},"7sdLl6Ydt18SD0DXiIVAJEchXa0gCXZanY0l61Bo0Ww=":{"valueMac":{"type":"Buffer","data":"UObmpNH/5oDf/9YMqoARTvP/XHQ3EHt0CL61m7mI5Oo="}},"9O6MTA0Z9EF+x8BJHN4Q2gWJcNwQDCFgU7JK3FeeKhw=":{"valueMac":{"type":"Buffer","data":"xoWykQuI84y4hBoiBB2Xxq8RZMzIMH7qnC+ev0RAwdk="}},"+9S654To4zyWVc69Gn71zvRenFlII8JZ5hv0dfE2MsI=":{"valueMac":{"type":"Buffer","data":"yR61pK5F4+qCneqBikoOeanR8/L6AuDM5H40xTXg7G4="}},"/J2ZCjXSzHj/15vHIiGREeByLLkT77hw80qRprMYscE=":{"valueMac":{"type":"Buffer","data":"dGaU2aiT+o0A9F2LbbhKxBT/zPWNJhqDI+4vH/3NLNk="}},"a9bo/N/ui2GdtMbxbd66KxVL+QZ6U2GkoTVqpFQZvEk=":{"valueMac":{"type":"Buffer","data":"uFm7o8rjKqBtj5Uq222MG3eBzfQLE3stERH3KMyymjo="}}}}