{"version":43,"hash":{"type":"Buffer","data":"nE7Hcg7n2fWAMhKtMrlD8dBrvbiVoPpRwojCESgQeCctwKm/cxcufTbbkrZR+AkRcCJH3Gb9B9q6tPV/aM/gCoNtr2I1kZbC84eklYxT/kX3nE667GMWc1pQ/5jir6tzGMWa2g9aMFQr7aRhpzw7qGproRlFlOkrd1y6YwgA144="},"indexValueMap":{"Sj1Tke8LWJrZEd6Zibg/n1GecGT4FK88NOzSTw5whCs=":{"valueMac":{"type":"Buffer","data":"hjHkCfTaDTwslDqzJxxE5vPJxdCzTYOUhoqVxMoDgaQ="}},"XgLHJOXDyt+nI0mHEPv/zspyggJQZXiEDR2PEpGItRs=":{"valueMac":{"type":"Buffer","data":"iMvsx7b12w0wbRE0f4Jrk8HTI8YsRsALKazon5Z/fOY="}},"d3wgGs6RulD5D34sbHbB+MyWBB3pKli0qNhGbC+cB2A=":{"valueMac":{"type":"Buffer","data":"/xnK4yYAYQtAQsDUGq2ih+nCfosp/QfNDlFJzsHe1to="}},"6jHbmVN3qPO0GWtfnMyznb8XfA3x1bTkvGLqfcN05Fo=":{"valueMac":{"type":"Buffer","data":"Etr3rDOGG3ciznfxmZFgF+diydBu5MxJ7vXBjMvSywA="}}}}