[{"senderKeyId":2025283537,"senderChainKey":{"iteration":4,"seed":"3AX9l2vPWCaLGeMqGRFEtN2LB2IN0klO21wFgOZuT7I="},"senderSigningKey":{"public":"BYY4isyiu2kknZ5b6BCHNH0B9guKPpCw4n+dK/V748lF"},"senderMessageKeys":[]},{"senderKeyId":1946232817,"senderChainKey":{"iteration":9,"seed":"OQjVMTTVALhwL9hPj1jIUJ8vUuehZvRoiQg7SV3vd9k="},"senderSigningKey":{"public":"BctxlNCYW2CjWKvEIdo3R02gHrIxl/AoshrwjP1qSy9f"},"senderMessageKeys":[]},{"senderKeyId":251548396,"senderChainKey":{"iteration":2,"seed":"WhN2DUYFgC3GrZcu7ZJau7ihk4pvKuYywCw1iHmq20A="},"senderSigningKey":{"public":"BVVSA0NZg5W9DsNFy56EfXsBpPSsqZgz2Vi3JH//Ngdv"}}]