[{"senderKeyId":1296268561,"senderChainKey":{"iteration":2,"seed":"BCTG9XxKTIUa3PIvfrPj7WR5SXhlq44DBeA6fAF3zMc="},"senderSigningKey":{"public":"BReP+cTFmExLzlCc2cy/Rc/fd0C/Ad+ezNKke37h889w"},"senderMessageKeys":[]},{"senderKeyId":213160780,"senderChainKey":{"iteration":14,"seed":"J0llZUKaaGVUziXL0cmjK+FfDgxAweUs9b+ni5olYWc="},"senderSigningKey":{"public":"BT8a9rL2Og5N/ni4+SggwGtwf6AhWMEzYG/5xeva7v8p"},"senderMessageKeys":[]},{"senderKeyId":213160780,"senderChainKey":{"iteration":8,"seed":"sTghqU96NEfDEJmVbyszAj2z+1Fgq4KgLqlIFqHFYgI="},"senderSigningKey":{"public":"BT8a9rL2Og5N/ni4+SggwGtwf6AhWMEzYG/5xeva7v8p"},"senderMessageKeys":[]},{"senderKeyId":437994868,"senderChainKey":{"iteration":1,"seed":"WjL+nwZoepVIPMJlkEyDmuEkdjiRJibyNZk+us/cDbs="},"senderSigningKey":{"public":"BR0Cm5yKQH4janAmsAZwkzAleW4BHk8oRHglnMnB160U"}}]