[{"senderKeyId":942299215,"senderChainKey":{"iteration":155,"seed":"58wWB7LN5iKkpN3V8kEJ4e1f36DY7bBnC1teGbKTyRU="},"senderSigningKey":{"public":"BVgU/6dT/LNUEp81P8POzJZgFqmNRT1LEl12+bunHapR"},"senderMessageKeys":[{},{},{},{},{},{},{},{},{},{},{},{},{},{},{},{},{},{},{},{},{},{},{},{},{},{},{},{},{},{},{},{},{},{},{},{},{},{},{},{},{},{},{},{},{},{},{},{},{},{},{},{},{},{},{},{},{},{},{},{},{},{},{},{},{},{},{},{},{},{},{},{},{},{},{},{},{},{},{},{},{},{},{},{},{},{},{},{},{},{},{},{},{},{},{},{},{},{},{},{},{},{},{}]},{"senderKeyId":942299215,"senderChainKey":{"iteration":153,"seed":"kBioMN0PtM1EEyhSSCvL33NBzFYWAlL6cFSYJK3QPHY="},"senderSigningKey":{"public":"BVgU/6dT/LNUEp81P8POzJZgFqmNRT1LEl12+bunHapR"},"senderMessageKeys":[{},{},{},{},{},{},{},{},{},{},{},{},{},{},{},{},{},{},{},{},{},{},{},{},{},{},{},{},{},{},{},{},{},{},{},{},{},{},{},{},{},{},{},{},{},{},{},{},{},{},{},{},{},{},{},{},{},{},{},{},{},{},{},{},{},{},{},{},{},{},{},{},{},{},{},{},{},{},{},{},{},{},{},{},{},{},{},{},{},{},{},{},{}]},{"senderKeyId":942299215,"senderChainKey":{"iteration":73,"seed":"N9LXu9bHbh8Tt1nzAm9EeFAAortaBQk5lx/fdOda6xw="},"senderSigningKey":{"public":"BVgU/6dT/LNUEp81P8POzJZgFqmNRT1LEl12+bunHapR"},"senderMessageKeys":[]},{"senderKeyId":942299215,"senderChainKey":{"iteration":101,"seed":"j/xPpiabdKiFlt3hLJabyWtIfpyfvldbY6XXKm8i+8Y="},"senderSigningKey":{"public":"BVgU/6dT/LNUEp81P8POzJZgFqmNRT1LEl12+bunHapR"},"senderMessageKeys":[]},{"senderKeyId":942299215,"senderChainKey":{"iteration":111,"seed":"TEb9yfOrvwHI7+WiZCvtrsytKGY4PAAnd4H2rzE93ao="},"senderSigningKey":{"public":"BVgU/6dT/LNUEp81P8POzJZgFqmNRT1LEl12+bunHapR"},"senderMessageKeys":[]}]