[{"senderKeyId":1972095572,"senderChainKey":{"iteration":25,"seed":"7yXVcIvdCkW7wA3l/aCgrI80TRiac7QQeT+xy3fD038="},"senderSigningKey":{"public":"Bb6I9bALzsoctLacDbaV3eNo4vobIuVLgvESbePMyr86"},"senderMessageKeys":[]},{"senderKeyId":1126077692,"senderChainKey":{"iteration":1,"seed":"bpgtRHDiLwHvLAzsnGKi7kJhp1j3ZgBkd2NeQUdJqOA="},"senderSigningKey":{"public":"BR5sWdnJVWEyJDl8BBbDwmlXGameqGNlP6jtId83uLEx"},"senderMessageKeys":[]},{"senderKeyId":1642178496,"senderChainKey":{"iteration":1,"seed":"U+AnuXe4Zemgvr7VaMPS0imj3PtQ/aqXwPoilsNBEBk="},"senderSigningKey":{"public":"BVPwltTlknyCxPlc+TJQOFqL99BLg+HX5xN3EsWTMMs7"},"senderMessageKeys":[]},{"senderKeyId":1403195910,"senderChainKey":{"iteration":2,"seed":"rnUu8YV6ClJf0hz4mBf++FEL87/uBeSfqwnF2cRki6I="},"senderSigningKey":{"public":"BVGIT/X/ZzEx3g6/1FdnWa0Th0bcgmfVjeQ0cJLsr2Bx"}}]