{"_sessions":{"BU95n9U537dOBZJJYfu691uINfPVuaGUFqEOZVzgtE4U":{"registrationId":1974095400,"currentRatchet":{"ephemeralKeyPair":{"pubKey":"BUHTIYGZZIY9veeDK3L/FG+kzNvWqS1DfftUQUUXkZ46","privKey":"0ASSUDK8id7Agr+Qfw0iErf/FKKxctiD41lF5sjv+ns="},"lastRemoteEphemeralKey":"BTWE0Ugajze6zDEZ2d6E3sMfmdhQv5UlD+xGEzp2+TNi","previousCounter":0,"rootKey":"CEPlQVogc4ssM1sVNCHrqApGtzg4LTnp0crodMjZ3Q8="},"indexInfo":{"baseKey":"BU95n9U537dOBZJJYfu691uINfPVuaGUFqEOZVzgtE4U","baseKeyType":1,"closed":-1,"used":1749274780732,"created":1749274780732,"remoteIdentityKey":"BTF+jugFgj5VU70/Q0o/HeC/3hz5S2u+L3aLUnn9RW40"},"_chains":{"BUHTIYGZZIY9veeDK3L/FG+kzNvWqS1DfftUQUUXkZ46":{"chainKey":{"counter":93,"key":"gCWzjPMDBi6nZs36ndZVbvAhpcwPcoMWx/MPc+cTFww="},"chainType":1,"messageKeys":{}}},"pendingPreKey":{"signedKeyId":5,"baseKey":"BU95n9U537dOBZJJYfu691uINfPVuaGUFqEOZVzgtE4U","preKeyId":7644711}}},"version":"v1"}