{"_sessions":{"BUIsAc4D+59jfLHiWBdxBT+x1brhLClqmMzk2VvTzkMp":{"registrationId":1481781077,"currentRatchet":{"ephemeralKeyPair":{"pubKey":"BWW/PLSwr0fX2FpUIPADb5FOwJf5fM7DCoohJLRrGZdp","privKey":"EDh2XZg7DS+HVKxb28pPFmsuNGRRtOW6clkDWQj7/Fs="},"lastRemoteEphemeralKey":"BQokpp6V2n4IpVcRG2sD9jKcUSC4LefcTjHLa2KeS09c","previousCounter":0,"rootKey":"PM4ydVk6Q7s7dW1VSPeXpRYiQ5alEp2rF1yQ9YiGdxE="},"indexInfo":{"baseKey":"BUIsAc4D+59jfLHiWBdxBT+x1brhLClqmMzk2VvTzkMp","baseKeyType":1,"closed":-1,"used":1749274781117,"created":1749274781117,"remoteIdentityKey":"BSXhl/gpObmcYSaE2VlWxQiAta48H6NowXrA6TCFEtZe"},"_chains":{"BWW/PLSwr0fX2FpUIPADb5FOwJf5fM7DCoohJLRrGZdp":{"chainKey":{"counter":93,"key":"ryjFnV6cpDLdsxYtGIa2O1HJAYj0YqJgGgsuqcZNymA="},"chainType":1,"messageKeys":{}}},"pendingPreKey":{"signedKeyId":1,"baseKey":"BUIsAc4D+59jfLHiWBdxBT+x1brhLClqmMzk2VvTzkMp","preKeyId":15041671}}},"version":"v1"}