{"_sessions":{"BS+SHVMVz84d8SckG5VeF0xztVnMQxHbS8WxGomEXIN+":{"registrationId":8133,"currentRatchet":{"ephemeralKeyPair":{"pubKey":"Beklr9g/k6ZLGq1/wDMA6QN34KKQN1FZj91KyQJ5iOJ3","privKey":"UFgT8K94eBZDTQfwaMpEy+1/6RwSROPdbfauib8q9GE="},"lastRemoteEphemeralKey":"BWkVaNdcGNI2XWZ8CtP2YT3CsXcZk2EIIAlDHoUPWO8r","previousCounter":0,"rootKey":"KRLX6KgQjrMC3xlIxE4vnCBtA6eMQGAHwt/IPFyDiV4="},"indexInfo":{"baseKey":"BS+SHVMVz84d8SckG5VeF0xztVnMQxHbS8WxGomEXIN+","baseKeyType":1,"closed":-1,"used":1749274780752,"created":1749274780752,"remoteIdentityKey":"BYtSxEYWl2I7payszk8m/1arpH8Hhmp+EGj2qiLk8i0x"},"_chains":{"Beklr9g/k6ZLGq1/wDMA6QN34KKQN1FZj91KyQJ5iOJ3":{"chainKey":{"counter":94,"key":"WvU38BQsOI74EHf65ZAxvq5lCPu4aw8jaVTPOoYVa8E="},"chainType":1,"messageKeys":{}}},"pendingPreKey":{"signedKeyId":1,"baseKey":"BS+SHVMVz84d8SckG5VeF0xztVnMQxHbS8WxGomEXIN+","preKeyId":1155}}},"version":"v1"}