{"_sessions":{"BcmEPwnh6nZTg08Z4/zISCFYV5zsV3T+ZdRyu6ikt14h":{"registrationId":170,"currentRatchet":{"ephemeralKeyPair":{"pubKey":"BZzfSOn0omJLUs6gmxO3/6Hgzt/bFi1mdQRH0J3Z3XRt","privKey":"qHCDiKNzJdTEZfiYixAgi0SRmZlEGsIfX3N/tCSmgHI="},"lastRemoteEphemeralKey":"BTK6Nr5cEFdwR6OPqd9Z064FiUTuXxrOA0abo1zSQDwD","previousCounter":0,"rootKey":"FPE70Sdktf342u2NjOfKRsY9K3io8c4TygfnujPBhOA="},"indexInfo":{"baseKey":"BcmEPwnh6nZTg08Z4/zISCFYV5zsV3T+ZdRyu6ikt14h","baseKeyType":1,"closed":1749355051219,"used":1749355045568,"created":1749355045568,"remoteIdentityKey":"BWO3KdiSOuSNmwBj2cvTL1o+xprwy/GzTbcQlUrPw+w9"},"_chains":{"BZzfSOn0omJLUs6gmxO3/6Hgzt/bFi1mdQRH0J3Z3XRt":{"chainKey":{"counter":0,"key":"Fk4Pgb8HWTbUWixX+Ku0dBa+sJaNI34Ckx/CgVjWBKg="},"chainType":1,"messageKeys":{}}},"pendingPreKey":{"signedKeyId":1,"baseKey":"BcmEPwnh6nZTg08Z4/zISCFYV5zsV3T+ZdRyu6ikt14h"}},"Bdt0vuLSylrxfISgjo2H70KDC5AJTnxh5qVCml6WCHBl":{"registrationId":170,"currentRatchet":{"ephemeralKeyPair":{"pubKey":"BWAwxR2OB9PrWapUZW7GS3k/S75NyBHfKvslh2GSAJ86","privKey":"aGu4gRDK4+LLeLLjE/RNDTqgDGwekom9wNhI0vBoh2Y="},"lastRemoteEphemeralKey":"BTK6Nr5cEFdwR6OPqd9Z064FiUTuXxrOA0abo1zSQDwD","previousCounter":0,"rootKey":"yVcW2OdQeyzMcMuSkaZWlib5ee/86WznVNcrgP1hLlA="},"indexInfo":{"baseKey":"Bdt0vuLSylrxfISgjo2H70KDC5AJTnxh5qVCml6WCHBl","baseKeyType":1,"closed":1749355051812,"used":1749355051216,"created":1749355051216,"remoteIdentityKey":"BWO3KdiSOuSNmwBj2cvTL1o+xprwy/GzTbcQlUrPw+w9"},"_chains":{"BWAwxR2OB9PrWapUZW7GS3k/S75NyBHfKvslh2GSAJ86":{"chainKey":{"counter":0,"key":"YknwCTf7x0xAaxDGJ/LfdUW5yWcGSvVDSIbPLBrh/9I="},"chainType":1,"messageKeys":{}}},"pendingPreKey":{"signedKeyId":1,"baseKey":"Bdt0vuLSylrxfISgjo2H70KDC5AJTnxh5qVCml6WCHBl"}},"BSJN29t1QY2HRekOee5xLbjRScS7slygrR9tSl37r2op":{"registrationId":170,"currentRatchet":{"ephemeralKeyPair":{"pubKey":"BegzaffaA0q7ujIdjNvRZdGAHaOMb2PttnpxBbdimdV0","privKey":"AB3o2zRtAqUtvjBmtRGb7F5AsQ9yTbk98g6qjebzk0c="},"lastRemoteEphemeralKey":"BTK6Nr5cEFdwR6OPqd9Z064FiUTuXxrOA0abo1zSQDwD","previousCounter":0,"rootKey":"LSnYfWEtboAa8jk/nCjNy1BuqpEVFaIm6i9VK7iaD3M="},"indexInfo":{"baseKey":"BSJN29t1QY2HRekOee5xLbjRScS7slygrR9tSl37r2op","baseKeyType":1,"closed":1749355057707,"used":1749355051811,"created":1749355051811,"remoteIdentityKey":"BWO3KdiSOuSNmwBj2cvTL1o+xprwy/GzTbcQlUrPw+w9"},"_chains":{"BegzaffaA0q7ujIdjNvRZdGAHaOMb2PttnpxBbdimdV0":{"chainKey":{"counter":0,"key":"9njNB2b8RQISAhgX/IG4uyqzIdXYjUtGtICgKLqoSbw="},"chainType":1,"messageKeys":{}}},"pendingPreKey":{"signedKeyId":1,"baseKey":"BSJN29t1QY2HRekOee5xLbjRScS7slygrR9tSl37r2op"}},"BbC4bs/fSVXGZzhL2xazGgPaYjhvpof/6AZycbVkCAhy":{"registrationId":170,"currentRatchet":{"ephemeralKeyPair":{"pubKey":"BUKfIzPrv3F9buUs81iwldCWe/VeJAbo5dEeXn9JK4cp","privKey":"sKDwzLWGGCNfFP9oOhfg2k3pGFJ7av5/EuhlR/Y05Fs="},"lastRemoteEphemeralKey":"BTK6Nr5cEFdwR6OPqd9Z064FiUTuXxrOA0abo1zSQDwD","previousCounter":0,"rootKey":"bpg3D01kEyd+2pfqhqelJxrMkSFfBG2PkQOcLEnvIcw="},"indexInfo":{"baseKey":"BbC4bs/fSVXGZzhL2xazGgPaYjhvpof/6AZycbVkCAhy","baseKeyType":1,"closed":1749355068816,"used":1749355057705,"created":1749355057705,"remoteIdentityKey":"BWO3KdiSOuSNmwBj2cvTL1o+xprwy/GzTbcQlUrPw+w9"},"_chains":{"BUKfIzPrv3F9buUs81iwldCWe/VeJAbo5dEeXn9JK4cp":{"chainKey":{"counter":0,"key":"jq14A/2im+o+eZ1ODKXOBSwNjs34HPvTukeluMbEYDo="},"chainType":1,"messageKeys":{}}},"pendingPreKey":{"signedKeyId":1,"baseKey":"BbC4bs/fSVXGZzhL2xazGgPaYjhvpof/6AZycbVkCAhy"}},"BVL7maiOmbW2r+mLNBSrTAKMJx/oYMJUXEJXkjM71/pY":{"registrationId":170,"currentRatchet":{"ephemeralKeyPair":{"pubKey":"BRqYoQvIe6WPF9h7to08ye4j25q58VjewLltTgQHcPcO","privKey":"WML2gdo3oDnGGS4MhzUH35eYucNwzWChRW1B13BPOXQ="},"lastRemoteEphemeralKey":"BTK6Nr5cEFdwR6OPqd9Z064FiUTuXxrOA0abo1zSQDwD","previousCounter":0,"rootKey":"sTtYIKpEXCVktV51LYlwUsY+7jI5MgxnXRsBKA8zqWQ="},"indexInfo":{"baseKey":"BVL7maiOmbW2r+mLNBSrTAKMJx/oYMJUXEJXkjM71/pY","baseKeyType":1,"closed":1749355075085,"used":1749355068814,"created":1749355068814,"remoteIdentityKey":"BWO3KdiSOuSNmwBj2cvTL1o+xprwy/GzTbcQlUrPw+w9"},"_chains":{"BRqYoQvIe6WPF9h7to08ye4j25q58VjewLltTgQHcPcO":{"chainKey":{"counter":0,"key":"JUxEsfpOqmbc1m5cHM9fzupQ0Mlm/KtxgbaggN0yveY="},"chainType":1,"messageKeys":{}}},"pendingPreKey":{"signedKeyId":1,"baseKey":"BVL7maiOmbW2r+mLNBSrTAKMJx/oYMJUXEJXkjM71/pY"}},"BarQOYV0Tc0dP+mMC/vmC5kd8u7tl2n1DpZatS6yRYtg":{"registrationId":170,"currentRatchet":{"ephemeralKeyPair":{"pubKey":"BbPmp55KG7K8AnJk85xTuQUw/I4lqjmyxlICDvfH1hkX","privKey":"cG7FHtSO/EnJQJ8QRyrAaQzdhMwEZ3tVrvk5uHuSbUg="},"lastRemoteEphemeralKey":"BTK6Nr5cEFdwR6OPqd9Z064FiUTuXxrOA0abo1zSQDwD","previousCounter":0,"rootKey":"f4RdXAI7eq3JJcPcsk+gn6nFni2DdCCm9qqMxHliSqQ="},"indexInfo":{"baseKey":"BarQOYV0Tc0dP+mMC/vmC5kd8u7tl2n1DpZatS6yRYtg","baseKeyType":1,"closed":1749355319492,"used":1749355075083,"created":1749355075083,"remoteIdentityKey":"BWO3KdiSOuSNmwBj2cvTL1o+xprwy/GzTbcQlUrPw+w9"},"_chains":{"BbPmp55KG7K8AnJk85xTuQUw/I4lqjmyxlICDvfH1hkX":{"chainKey":{"counter":0,"key":"yHzpCI7mYGdOISeXC9gKkDRiLHGZch/S4povuDnHQZc="},"chainType":1,"messageKeys":{}}},"pendingPreKey":{"signedKeyId":1,"baseKey":"BarQOYV0Tc0dP+mMC/vmC5kd8u7tl2n1DpZatS6yRYtg"}},"BTb7n67VdUbvTTBnwBbyqn//WcQgl+MEEj/2Sc0VAWBb":{"registrationId":170,"currentRatchet":{"ephemeralKeyPair":{"pubKey":"BfLQYCks39qHq5mAYxbpPCtw3P6Exo5d7HNMzBXVYo0Z","privKey":"SP3vVT8J+7Sc8BoH5Y+i9GPY4EbdE6D2z+aVtoikv1o="},"lastRemoteEphemeralKey":"BTK6Nr5cEFdwR6OPqd9Z064FiUTuXxrOA0abo1zSQDwD","previousCounter":0,"rootKey":"tFaYbCZZS3uzIts1vbqPcJooDTKYRAEFhBwHSca5XUM="},"indexInfo":{"baseKey":"BTb7n67VdUbvTTBnwBbyqn//WcQgl+MEEj/2Sc0VAWBb","baseKeyType":1,"closed":1749355330335,"used":1749355319490,"created":1749355319490,"remoteIdentityKey":"BWO3KdiSOuSNmwBj2cvTL1o+xprwy/GzTbcQlUrPw+w9"},"_chains":{"BfLQYCks39qHq5mAYxbpPCtw3P6Exo5d7HNMzBXVYo0Z":{"chainKey":{"counter":0,"key":"fu6+GFHS0PcEiRqzvwdmz/TYx+6bI7e68rODC2A16KU="},"chainType":1,"messageKeys":{}}},"pendingPreKey":{"signedKeyId":1,"baseKey":"BTb7n67VdUbvTTBnwBbyqn//WcQgl+MEEj/2Sc0VAWBb"}},"Bb+CO87kpwJqO5dI9LNPBERX2u08poWqOFBW/XXyKddU":{"registrationId":170,"currentRatchet":{"ephemeralKeyPair":{"pubKey":"BfDclegynCoED36Uax4HCCgGZENMAWQ0QRMiF/AQwY9M","privKey":"QBDuVmGAsco6x+gD8Cf8U1YEP4qhSEBPixhjEzA8mGU="},"lastRemoteEphemeralKey":"BTK6Nr5cEFdwR6OPqd9Z064FiUTuXxrOA0abo1zSQDwD","previousCounter":0,"rootKey":"eVwL/YnkoOXnfn1BwRUh1zHVMIvs2X9mBb6ewSM16fY="},"indexInfo":{"baseKey":"Bb+CO87kpwJqO5dI9LNPBERX2u08poWqOFBW/XXyKddU","baseKeyType":1,"closed":1749355341353,"used":1749355330327,"created":1749355330327,"remoteIdentityKey":"BWO3KdiSOuSNmwBj2cvTL1o+xprwy/GzTbcQlUrPw+w9"},"_chains":{"BfDclegynCoED36Uax4HCCgGZENMAWQ0QRMiF/AQwY9M":{"chainKey":{"counter":0,"key":"Syi64eGWT12kOLE/hHXzU0eRNK0AoyxGSEu9bAmCy34="},"chainType":1,"messageKeys":{}}},"pendingPreKey":{"signedKeyId":1,"baseKey":"Bb+CO87kpwJqO5dI9LNPBERX2u08poWqOFBW/XXyKddU"}},"BdMH3quZyTiQNeQEi8r3I+4baeuLJjHKXzM5v0pvIH9E":{"registrationId":170,"currentRatchet":{"ephemeralKeyPair":{"pubKey":"BZRrjqeKEJM0AylTqOkcN+NI5o+TCrVaW45LsxfBpUMW","privKey":"KKl8oKt2jj2PEcvcL8kwGSqunX94ySMrrl6/HVOLaW0="},"lastRemoteEphemeralKey":"BTK6Nr5cEFdwR6OPqd9Z064FiUTuXxrOA0abo1zSQDwD","previousCounter":0,"rootKey":"8I/mEN8F2oIZy68whWks2PbIlDXvtWC6m1iNSNxM7F8="},"indexInfo":{"baseKey":"BdMH3quZyTiQNeQEi8r3I+4baeuLJjHKXzM5v0pvIH9E","baseKeyType":1,"closed":1749355346701,"used":1749355341351,"created":1749355341351,"remoteIdentityKey":"BWO3KdiSOuSNmwBj2cvTL1o+xprwy/GzTbcQlUrPw+w9"},"_chains":{"BZRrjqeKEJM0AylTqOkcN+NI5o+TCrVaW45LsxfBpUMW":{"chainKey":{"counter":0,"key":"2F9V0XMjzA3NeUotbCU5TxzViuWuCZJ1E6P8rpB7s1Q="},"chainType":1,"messageKeys":{}}},"pendingPreKey":{"signedKeyId":1,"baseKey":"BdMH3quZyTiQNeQEi8r3I+4baeuLJjHKXzM5v0pvIH9E"}},"BS4w3xYMysmm08Qunq9F8ngU9FofB9vJ90Y2UFQ2dVEy":{"registrationId":170,"currentRatchet":{"ephemeralKeyPair":{"pubKey":"BbRuWeFwxww/GBmR+eKjWkgHlWmzU55k/C7acnkCPBIT","privKey":"4PQT3vl9IL8G1b50VASUPvAg5/SRW/2g0BO+LJqZ0Xo="},"lastRemoteEphemeralKey":"BTK6Nr5cEFdwR6OPqd9Z064FiUTuXxrOA0abo1zSQDwD","previousCounter":0,"rootKey":"UFqvX9icHigvj+HHqh1oPQH1ai8ov5vxpEooQz4dscw="},"indexInfo":{"baseKey":"BS4w3xYMysmm08Qunq9F8ngU9FofB9vJ90Y2UFQ2dVEy","baseKeyType":1,"closed":1749355347301,"used":1749355346699,"created":1749355346699,"remoteIdentityKey":"BWO3KdiSOuSNmwBj2cvTL1o+xprwy/GzTbcQlUrPw+w9"},"_chains":{"BbRuWeFwxww/GBmR+eKjWkgHlWmzU55k/C7acnkCPBIT":{"chainKey":{"counter":0,"key":"6Dc1PALPW2a2vZ/JGowwS+7cx+BVF1+OiR37t9Qwxnk="},"chainType":1,"messageKeys":{}}},"pendingPreKey":{"signedKeyId":1,"baseKey":"BS4w3xYMysmm08Qunq9F8ngU9FofB9vJ90Y2UFQ2dVEy"}},"BToYI2HKKIxWrwVx2vjSBV6wY8nOx6ffFMIPiF48jggP":{"registrationId":170,"currentRatchet":{"ephemeralKeyPair":{"pubKey":"BWOOoWsAL/jFnWWuIkzjip5bSeQQIbemZxlVX4mCXGJh","privKey":"sF9FID3Eeu/HL+/ZYG5dRH7cW85WPG7bsBbRnvv+7mE="},"lastRemoteEphemeralKey":"BTK6Nr5cEFdwR6OPqd9Z064FiUTuXxrOA0abo1zSQDwD","previousCounter":0,"rootKey":"SZ7LIKBt7t8ERJdaa/dJ5peJuFacH9rQOgObHJu2bbE="},"indexInfo":{"baseKey":"BToYI2HKKIxWrwVx2vjSBV6wY8nOx6ffFMIPiF48jggP","baseKeyType":1,"closed":1749355347881,"used":1749355347299,"created":1749355347299,"remoteIdentityKey":"BWO3KdiSOuSNmwBj2cvTL1o+xprwy/GzTbcQlUrPw+w9"},"_chains":{"BWOOoWsAL/jFnWWuIkzjip5bSeQQIbemZxlVX4mCXGJh":{"chainKey":{"counter":0,"key":"Urixt77WTeI2q5u24dhhAM9IlOI967QN2Rb71gybWqs="},"chainType":1,"messageKeys":{}}},"pendingPreKey":{"signedKeyId":1,"baseKey":"BToYI2HKKIxWrwVx2vjSBV6wY8nOx6ffFMIPiF48jggP"}},"BXnytjNxDxLVFN2KbUzQJQ6Tk5EVD6LStfymNsfoRtMi":{"registrationId":170,"currentRatchet":{"ephemeralKeyPair":{"pubKey":"BXP74AB8qQKLiplJCtltE+JvJX3m3ir+DZUHFH8GgWo2","privKey":"kGNSV4ye89GGqOWwhDy6y6xHAdBFTxERWRMTuVYS1EM="},"lastRemoteEphemeralKey":"BTK6Nr5cEFdwR6OPqd9Z064FiUTuXxrOA0abo1zSQDwD","previousCounter":0,"rootKey":"30KvIiaYrdA/xZwJcZ2gUm4kynjexoNXAxKq3R7CPYM="},"indexInfo":{"baseKey":"BXnytjNxDxLVFN2KbUzQJQ6Tk5EVD6LStfymNsfoRtMi","baseKeyType":1,"closed":1749355353079,"used":1749355347879,"created":1749355347879,"remoteIdentityKey":"BWO3KdiSOuSNmwBj2cvTL1o+xprwy/GzTbcQlUrPw+w9"},"_chains":{"BXP74AB8qQKLiplJCtltE+JvJX3m3ir+DZUHFH8GgWo2":{"chainKey":{"counter":0,"key":"wq4mZP09Dn6nWXuYU7+4vzO0Xsvg3bNhi5gXYpLKIuY="},"chainType":1,"messageKeys":{}}},"pendingPreKey":{"signedKeyId":1,"baseKey":"BXnytjNxDxLVFN2KbUzQJQ6Tk5EVD6LStfymNsfoRtMi"}},"BcLvmM7rCtNjHKPtdoxJLVCyBdeUgTeGVUoYfJJe97FI":{"registrationId":170,"currentRatchet":{"ephemeralKeyPair":{"pubKey":"BX93GRgwwOH+2iHkFwiicd3AXBbMTTR/WZsvZA4rnqUU","privKey":"4FuZOcStWxShbxNbgBnP+s7GwmvEkYBXxlcAMGeQE3I="},"lastRemoteEphemeralKey":"BTK6Nr5cEFdwR6OPqd9Z064FiUTuXxrOA0abo1zSQDwD","previousCounter":0,"rootKey":"xHpJon5+nkOfx9aJYrgigOyGL7yOxIl6OhnQA+CMXZ0="},"indexInfo":{"baseKey":"BcLvmM7rCtNjHKPtdoxJLVCyBdeUgTeGVUoYfJJe97FI","baseKeyType":1,"closed":1749355358665,"used":1749355353077,"created":1749355353077,"remoteIdentityKey":"BWO3KdiSOuSNmwBj2cvTL1o+xprwy/GzTbcQlUrPw+w9"},"_chains":{"BX93GRgwwOH+2iHkFwiicd3AXBbMTTR/WZsvZA4rnqUU":{"chainKey":{"counter":0,"key":"KHsCy+Lp5D/jB48PcenxqJ0tf/8wXgqj/nTNYO/oMyo="},"chainType":1,"messageKeys":{}}},"pendingPreKey":{"signedKeyId":1,"baseKey":"BcLvmM7rCtNjHKPtdoxJLVCyBdeUgTeGVUoYfJJe97FI"}},"BeSD7Zidjupk54KmNuiLOZweR8aZnQ2fiyKFBSlS5DFC":{"registrationId":170,"currentRatchet":{"ephemeralKeyPair":{"pubKey":"BdH1XPA4aSDddoFqKk9vXEEJ9JGLSRcjFUkZo269eEtj","privKey":"aIc7gUNUPFDrW1xnwxaCIgTG4cPRkdyzgwKWKLX3mVo="},"lastRemoteEphemeralKey":"BTK6Nr5cEFdwR6OPqd9Z064FiUTuXxrOA0abo1zSQDwD","previousCounter":0,"rootKey":"mAaiCxwMzDZBlBn8Tg6e1aO1/Ca/9f6bcZKRS+puf00="},"indexInfo":{"baseKey":"BeSD7Zidjupk54KmNuiLOZweR8aZnQ2fiyKFBSlS5DFC","baseKeyType":1,"closed":1749355369835,"used":1749355358663,"created":1749355358663,"remoteIdentityKey":"BWO3KdiSOuSNmwBj2cvTL1o+xprwy/GzTbcQlUrPw+w9"},"_chains":{"BdH1XPA4aSDddoFqKk9vXEEJ9JGLSRcjFUkZo269eEtj":{"chainKey":{"counter":0,"key":"KE4DVJTYPfVhdnA4cSSm/UPRsogVxEjGX/kiO9SVHXE="},"chainType":1,"messageKeys":{}}},"pendingPreKey":{"signedKeyId":1,"baseKey":"BeSD7Zidjupk54KmNuiLOZweR8aZnQ2fiyKFBSlS5DFC"}},"BTdJpKVk8zgV8eBLPBkU85GNStvmgDanJxwjhWRXbDpq":{"registrationId":170,"currentRatchet":{"ephemeralKeyPair":{"pubKey":"BdEOoLRYNyJOHQ9bJr26jCnh833IMUfsThnegJU61Jco","privKey":"+FQkNHTeo+oShlEnGG9vv0EuAx/MpeoMqn/ETlYxp1Q="},"lastRemoteEphemeralKey":"BTK6Nr5cEFdwR6OPqd9Z064FiUTuXxrOA0abo1zSQDwD","previousCounter":0,"rootKey":"4kt8ahjE4thsOoLJC60AJ30RAhHXhPrxu5bQfBsVtOY="},"indexInfo":{"baseKey":"BTdJpKVk8zgV8eBLPBkU85GNStvmgDanJxwjhWRXbDpq","baseKeyType":1,"closed":1749355375119,"used":1749355369833,"created":1749355369833,"remoteIdentityKey":"BWO3KdiSOuSNmwBj2cvTL1o+xprwy/GzTbcQlUrPw+w9"},"_chains":{"BdEOoLRYNyJOHQ9bJr26jCnh833IMUfsThnegJU61Jco":{"chainKey":{"counter":0,"key":"d3llfeU8kk1TvExXv7zJ1HUHJ9S/o77Y0RUTEfqljto="},"chainType":1,"messageKeys":{}}},"pendingPreKey":{"signedKeyId":1,"baseKey":"BTdJpKVk8zgV8eBLPBkU85GNStvmgDanJxwjhWRXbDpq"}},"Be/lz/t6fywvwSA6FgDjxd5Fkqa6dipDSOx8d7w+Hzl1":{"registrationId":170,"currentRatchet":{"ephemeralKeyPair":{"pubKey":"BSxkR+p11qdoFJ2TVNHKGCWSGBj8s4Im+FGy0sk6iohM","privKey":"0HRlW7UvG6mitd4NM66V83YyxuqdMK42HdZupZQY7E8="},"lastRemoteEphemeralKey":"BTK6Nr5cEFdwR6OPqd9Z064FiUTuXxrOA0abo1zSQDwD","previousCounter":0,"rootKey":"uRz250P3bguSWkBj4Ta26QUMEmRlSOjX2A2jl/n+ZuM="},"indexInfo":{"baseKey":"Be/lz/t6fywvwSA6FgDjxd5Fkqa6dipDSOx8d7w+Hzl1","baseKeyType":1,"closed":1749355391345,"used":1749355375116,"created":1749355375116,"remoteIdentityKey":"BWO3KdiSOuSNmwBj2cvTL1o+xprwy/GzTbcQlUrPw+w9"},"_chains":{"BSxkR+p11qdoFJ2TVNHKGCWSGBj8s4Im+FGy0sk6iohM":{"chainKey":{"counter":0,"key":"77j2cJ9+r5j38RLpGpLGTkbNu2iWPiueXYoUm4BabsQ="},"chainType":1,"messageKeys":{}}},"pendingPreKey":{"signedKeyId":1,"baseKey":"Be/lz/t6fywvwSA6FgDjxd5Fkqa6dipDSOx8d7w+Hzl1"}},"BfjASYzEoS9Bcl4ZanPnuZbe+NBzraGL5kepZRZfN4JN":{"registrationId":170,"currentRatchet":{"ephemeralKeyPair":{"pubKey":"BWTd2nwkrLo07yn4ZfCGhY0wz9JSwybMh3ExSu5kWAIy","privKey":"gBEo8nNeBZVKJjE8lPWW2IDltaMpmQCcTGNSsxKYMU0="},"lastRemoteEphemeralKey":"BTK6Nr5cEFdwR6OPqd9Z064FiUTuXxrOA0abo1zSQDwD","previousCounter":0,"rootKey":"IrV71kl0Qw7bF596fbyM0fhfjaF5cVg95GlXHJ8gPO0="},"indexInfo":{"baseKey":"BfjASYzEoS9Bcl4ZanPnuZbe+NBzraGL5kepZRZfN4JN","baseKeyType":1,"closed":1749355391960,"used":1749355391343,"created":1749355391343,"remoteIdentityKey":"BWO3KdiSOuSNmwBj2cvTL1o+xprwy/GzTbcQlUrPw+w9"},"_chains":{"BWTd2nwkrLo07yn4ZfCGhY0wz9JSwybMh3ExSu5kWAIy":{"chainKey":{"counter":0,"key":"KnYk7Rbr4fV/FrWF3Wy/oO5J3QU4eGgmowi2pI+507o="},"chainType":1,"messageKeys":{}}},"pendingPreKey":{"signedKeyId":1,"baseKey":"BfjASYzEoS9Bcl4ZanPnuZbe+NBzraGL5kepZRZfN4JN"}},"BXm+D6Qtd9CFzLkf4ztysub7uZO9IJvKRcvs2FI+Efhb":{"registrationId":170,"currentRatchet":{"ephemeralKeyPair":{"pubKey":"BS/B4KEgr6rFdbz4rimy3PVDPCt8XAA0STeglS16x6d5","privKey":"eLXE7BNtMh7WimZxFVO4YtlvCkUujtv+LvlpLrPIi00="},"lastRemoteEphemeralKey":"BTK6Nr5cEFdwR6OPqd9Z064FiUTuXxrOA0abo1zSQDwD","previousCounter":0,"rootKey":"fMkwD4IbPU82gKqNNkM4Czrz6IrzHltWHWcU9btXsBk="},"indexInfo":{"baseKey":"BXm+D6Qtd9CFzLkf4ztysub7uZO9IJvKRcvs2FI+Efhb","baseKeyType":1,"closed":1749355397827,"used":1749355391958,"created":1749355391958,"remoteIdentityKey":"BWO3KdiSOuSNmwBj2cvTL1o+xprwy/GzTbcQlUrPw+w9"},"_chains":{"BS/B4KEgr6rFdbz4rimy3PVDPCt8XAA0STeglS16x6d5":{"chainKey":{"counter":0,"key":"W17YrQBhq6DwmTwO9T6N1pibzEJSNbyWBiNXgLsox7s="},"chainType":1,"messageKeys":{}}},"pendingPreKey":{"signedKeyId":1,"baseKey":"BXm+D6Qtd9CFzLkf4ztysub7uZO9IJvKRcvs2FI+Efhb"}},"BZTXTOFAUOD+354t4GE6bC4m1md5uHQFxrmTSpYEuTIE":{"registrationId":170,"currentRatchet":{"ephemeralKeyPair":{"pubKey":"BamD507/iYaVl24MGDB6a6mONwT1Fvxb62nsf7ehyFpO","privKey":"yPfK8C8kAoE3d3G2dublB4Ykk5xDiRryzXrWsS6n6WA="},"lastRemoteEphemeralKey":"BTK6Nr5cEFdwR6OPqd9Z064FiUTuXxrOA0abo1zSQDwD","previousCounter":0,"rootKey":"OE8j8VWRDeGY1cRoy0xkGQy38FwRCGfkWppoPYtg11o="},"indexInfo":{"baseKey":"BZTXTOFAUOD+354t4GE6bC4m1md5uHQFxrmTSpYEuTIE","baseKeyType":1,"closed":1749355452718,"used":1749355397826,"created":1749355397826,"remoteIdentityKey":"BWO3KdiSOuSNmwBj2cvTL1o+xprwy/GzTbcQlUrPw+w9"},"_chains":{"BamD507/iYaVl24MGDB6a6mONwT1Fvxb62nsf7ehyFpO":{"chainKey":{"counter":0,"key":"dDguTV76KCnFfphp3IaC7FtjJan7OIQKQqTYFC4Ehhw="},"chainType":1,"messageKeys":{}}},"pendingPreKey":{"signedKeyId":1,"baseKey":"BZTXTOFAUOD+354t4GE6bC4m1md5uHQFxrmTSpYEuTIE"}},"BftiKId7I0QzVV1ZUc0NEPUQpXb/DZNBKwzjWPR79h8H":{"registrationId":170,"currentRatchet":{"ephemeralKeyPair":{"pubKey":"Be3LTuOZltHaPgYcvjy60RxysmN1P5mlVovr4mPK5ppr","privKey":"CD+IM+TFR9eUkccBUpaG8exH7s5lfRyQug5Isb+DMGs="},"lastRemoteEphemeralKey":"BTK6Nr5cEFdwR6OPqd9Z064FiUTuXxrOA0abo1zSQDwD","previousCounter":0,"rootKey":"CNidvUNNtzvGTN5cxFk1ZPBbAJ4kMQiDuH1wGXnuZjE="},"indexInfo":{"baseKey":"BftiKId7I0QzVV1ZUc0NEPUQpXb/DZNBKwzjWPR79h8H","baseKeyType":1,"closed":1749357413713,"used":1749355452716,"created":1749355452716,"remoteIdentityKey":"BWO3KdiSOuSNmwBj2cvTL1o+xprwy/GzTbcQlUrPw+w9"},"_chains":{"Be3LTuOZltHaPgYcvjy60RxysmN1P5mlVovr4mPK5ppr":{"chainKey":{"counter":0,"key":"2M78vIkWBrrk3w1jAVapsT5cOPCwtlYQdYAhCYbhAMA="},"chainType":1,"messageKeys":{}}},"pendingPreKey":{"signedKeyId":1,"baseKey":"BftiKId7I0QzVV1ZUc0NEPUQpXb/DZNBKwzjWPR79h8H"}},"BY+yrPdKCjvPxXEGytv5yYbkXE++4YBVWrWMZAZczG9y":{"registrationId":170,"currentRatchet":{"ephemeralKeyPair":{"pubKey":"BeWFtHvHqLG9MOKQt7VEtlb9yABMRAH4QdwYkXxDKwx+","privKey":"4FUsWoRwzmEwsACWX7GBBxJ8X38Zr4z/yW3DWetHt1g="},"lastRemoteEphemeralKey":"BTK6Nr5cEFdwR6OPqd9Z064FiUTuXxrOA0abo1zSQDwD","previousCounter":0,"rootKey":"mcKt9a80rzZzDN1R66pk4CRAF2ZobHpHzRM397ZClyY="},"indexInfo":{"baseKey":"BY+yrPdKCjvPxXEGytv5yYbkXE++4YBVWrWMZAZczG9y","baseKeyType":1,"closed":1749357419484,"used":1749357413709,"created":1749357413709,"remoteIdentityKey":"BWO3KdiSOuSNmwBj2cvTL1o+xprwy/GzTbcQlUrPw+w9"},"_chains":{"BeWFtHvHqLG9MOKQt7VEtlb9yABMRAH4QdwYkXxDKwx+":{"chainKey":{"counter":0,"key":"rXZvLPxn4qut6MAMgVhApNwugcn+qDETxIXj4RCY+CU="},"chainType":1,"messageKeys":{}}},"pendingPreKey":{"signedKeyId":1,"baseKey":"BY+yrPdKCjvPxXEGytv5yYbkXE++4YBVWrWMZAZczG9y"}},"BdoT1vSJQY3lsovK0ghqXLDFaB9d+tEYpgOakMfCEy1Y":{"registrationId":170,"currentRatchet":{"ephemeralKeyPair":{"pubKey":"Bak//RLE26TqdRaoZs64i4iQJzj49VP/rXNjNgU/1AR8","privKey":"sEi8AzHoYyE6Ek4v8GRXgxxfYIZF85XXmurj5yeUMXc="},"lastRemoteEphemeralKey":"BTK6Nr5cEFdwR6OPqd9Z064FiUTuXxrOA0abo1zSQDwD","previousCounter":0,"rootKey":"XQephqjrdqqzY0uXSMiJlrm/UkrTOjkJqf99GPkUWPw="},"indexInfo":{"baseKey":"BdoT1vSJQY3lsovK0ghqXLDFaB9d+tEYpgOakMfCEy1Y","baseKeyType":1,"closed":1749357425085,"used":1749357419481,"created":1749357419481,"remoteIdentityKey":"BWO3KdiSOuSNmwBj2cvTL1o+xprwy/GzTbcQlUrPw+w9"},"_chains":{"Bak//RLE26TqdRaoZs64i4iQJzj49VP/rXNjNgU/1AR8":{"chainKey":{"counter":0,"key":"hvU2TBuEzBuP9Wp745CVRnRNA8DPsxma33I+1Qq6otI="},"chainType":1,"messageKeys":{}}},"pendingPreKey":{"signedKeyId":1,"baseKey":"BdoT1vSJQY3lsovK0ghqXLDFaB9d+tEYpgOakMfCEy1Y"}},"BR4cRqExDQztsbYUMPFWZxBsX8VouuQcrDOrJJpAxl5s":{"registrationId":170,"currentRatchet":{"ephemeralKeyPair":{"pubKey":"BXys4XadgDhDnd0wuojy+IEhOV986Qy51R9eXp/J7swh","privKey":"aJGYzVBjg0U1OCHp9FDfd33SFO1X4dH+HnxVMks+FG8="},"lastRemoteEphemeralKey":"BTK6Nr5cEFdwR6OPqd9Z064FiUTuXxrOA0abo1zSQDwD","previousCounter":0,"rootKey":"3VA87a19mJonYUexVSzq/mHo01JGCeAZ1gar2oVA8sA="},"indexInfo":{"baseKey":"BR4cRqExDQztsbYUMPFWZxBsX8VouuQcrDOrJJpAxl5s","baseKeyType":1,"closed":1749357430676,"used":1749357425084,"created":1749357425084,"remoteIdentityKey":"BWO3KdiSOuSNmwBj2cvTL1o+xprwy/GzTbcQlUrPw+w9"},"_chains":{"BXys4XadgDhDnd0wuojy+IEhOV986Qy51R9eXp/J7swh":{"chainKey":{"counter":0,"key":"SFpCYhujVZwGu27QYgKTBKjnt0tczbauWyKLEcXJTmI="},"chainType":1,"messageKeys":{}}},"pendingPreKey":{"signedKeyId":1,"baseKey":"BR4cRqExDQztsbYUMPFWZxBsX8VouuQcrDOrJJpAxl5s"}},"BfJ0ysqOxrNZwvhg2+rsn2EtiTkBpJYZ4D9VTkVYyaFX":{"registrationId":170,"currentRatchet":{"ephemeralKeyPair":{"pubKey":"BW1g5Pd1MI0Pq2eHWCia6byhhkSl2J422CQ3flERxHVf","privKey":"sNSQzcQpswO/IvzM2ZMQGL5oWfCwkIwANP2fZQQ1wlk="},"lastRemoteEphemeralKey":"BTK6Nr5cEFdwR6OPqd9Z064FiUTuXxrOA0abo1zSQDwD","previousCounter":0,"rootKey":"qaNxkBIGyZc71YmiyTKR5E5IvkpNqLjx/TpuX8XOvHk="},"indexInfo":{"baseKey":"BfJ0ysqOxrNZwvhg2+rsn2EtiTkBpJYZ4D9VTkVYyaFX","baseKeyType":1,"closed":1749357431232,"used":1749357430673,"created":1749357430673,"remoteIdentityKey":"BWO3KdiSOuSNmwBj2cvTL1o+xprwy/GzTbcQlUrPw+w9"},"_chains":{"BW1g5Pd1MI0Pq2eHWCia6byhhkSl2J422CQ3flERxHVf":{"chainKey":{"counter":0,"key":"2/gorqXvKHNzWcY9OmpgMVzWsyXW794ttITQGHo3YL4="},"chainType":1,"messageKeys":{}}},"pendingPreKey":{"signedKeyId":1,"baseKey":"BfJ0ysqOxrNZwvhg2+rsn2EtiTkBpJYZ4D9VTkVYyaFX"}},"BR08ArKeUY7tnm4K9r+G3XWoX5RpiCOx1WH3+1uEQZIU":{"registrationId":170,"currentRatchet":{"ephemeralKeyPair":{"pubKey":"BWnHEOojHO/Z0YroowLwfVX+xlOIi708I853nTptgu17","privKey":"gNHaYpXsHfFKEIEg5+EmvNNgQWRDgkjuxRX3xFcvmGE="},"lastRemoteEphemeralKey":"BTK6Nr5cEFdwR6OPqd9Z064FiUTuXxrOA0abo1zSQDwD","previousCounter":0,"rootKey":"iQcUn2S4qIJmLWdGnnRaNJwZHEYSKjv4g37a8mPnOh0="},"indexInfo":{"baseKey":"BR08ArKeUY7tnm4K9r+G3XWoX5RpiCOx1WH3+1uEQZIU","baseKeyType":1,"closed":1749357447295,"used":1749357431229,"created":1749357431229,"remoteIdentityKey":"BWO3KdiSOuSNmwBj2cvTL1o+xprwy/GzTbcQlUrPw+w9"},"_chains":{"BWnHEOojHO/Z0YroowLwfVX+xlOIi708I853nTptgu17":{"chainKey":{"counter":0,"key":"GI626fng0xTaPcACrAbVY4GIqycUmUYqOpUMabeYav4="},"chainType":1,"messageKeys":{}}},"pendingPreKey":{"signedKeyId":1,"baseKey":"BR08ArKeUY7tnm4K9r+G3XWoX5RpiCOx1WH3+1uEQZIU"}},"BbQxigWs/YwV243r2X48CjZo3ZRmAgKrA6x39qrb100q":{"registrationId":170,"currentRatchet":{"ephemeralKeyPair":{"pubKey":"BTwAY9XtyioQHQikCeentc2O+jedfsr55cZX4VilhUsB","privKey":"KHIxag49B+Lj+J7b3EzIyt26UKxdiMb9vumDNtXm4FI="},"lastRemoteEphemeralKey":"BTK6Nr5cEFdwR6OPqd9Z064FiUTuXxrOA0abo1zSQDwD","previousCounter":0,"rootKey":"mqusqwdxbg6WeH4TPHnHiTBHhVoqF9qCZSLXAdk0z78="},"indexInfo":{"baseKey":"BbQxigWs/YwV243r2X48CjZo3ZRmAgKrA6x39qrb100q","baseKeyType":1,"closed":1749357452632,"used":1749357447292,"created":1749357447292,"remoteIdentityKey":"BWO3KdiSOuSNmwBj2cvTL1o+xprwy/GzTbcQlUrPw+w9"},"_chains":{"BTwAY9XtyioQHQikCeentc2O+jedfsr55cZX4VilhUsB":{"chainKey":{"counter":0,"key":"jzXIr+F80AautL9wamgGsgDAecYFjJJYOyorWnBClUY="},"chainType":1,"messageKeys":{}}},"pendingPreKey":{"signedKeyId":1,"baseKey":"BbQxigWs/YwV243r2X48CjZo3ZRmAgKrA6x39qrb100q"}},"BZu4y/6zaUdxgx9SkwgaEhGg52ijBkPun34Kv8Q2T6gC":{"registrationId":170,"currentRatchet":{"ephemeralKeyPair":{"pubKey":"BRqwnQInsNiOnjH8DQy5F2JeY57sxD2ijS2BxNoBlpQZ","privKey":"sE1hm4UmkVOBB0iJFcbEWouh98fYyHM1NGTRQi+N00Y="},"lastRemoteEphemeralKey":"BTK6Nr5cEFdwR6OPqd9Z064FiUTuXxrOA0abo1zSQDwD","previousCounter":0,"rootKey":"y/aSJoFISTETAkggVZ6Z/shE1TxgnBTmicSk/38FK+E="},"indexInfo":{"baseKey":"BZu4y/6zaUdxgx9SkwgaEhGg52ijBkPun34Kv8Q2T6gC","baseKeyType":1,"closed":1749357458292,"used":1749357452625,"created":1749357452625,"remoteIdentityKey":"BWO3KdiSOuSNmwBj2cvTL1o+xprwy/GzTbcQlUrPw+w9"},"_chains":{"BRqwnQInsNiOnjH8DQy5F2JeY57sxD2ijS2BxNoBlpQZ":{"chainKey":{"counter":0,"key":"bVWxJxSKNDeMpZeg860b3mzC/GF4AwyOMx3hFN5rF7M="},"chainType":1,"messageKeys":{}}},"pendingPreKey":{"signedKeyId":1,"baseKey":"BZu4y/6zaUdxgx9SkwgaEhGg52ijBkPun34Kv8Q2T6gC"}},"BYpKI/ultoiX/eV1nJz7vh5d/1pUisEilRGlBVVdbvQd":{"registrationId":170,"currentRatchet":{"ephemeralKeyPair":{"pubKey":"BfrsmSbWolYpsrQ7ChRNVIQTof62Y58mkG090Kk9sG80","privKey":"uHNf4LZUxgsCQWj5yaWbzU7O3ZV+wnP3jy/iXEg7cl4="},"lastRemoteEphemeralKey":"BTK6Nr5cEFdwR6OPqd9Z064FiUTuXxrOA0abo1zSQDwD","previousCounter":0,"rootKey":"iPmvoEJL+M0RJzy3pI36W8fr0EhWKpfbJofRJcSqpb0="},"indexInfo":{"baseKey":"BYpKI/ultoiX/eV1nJz7vh5d/1pUisEilRGlBVVdbvQd","baseKeyType":1,"closed":1749357469005,"used":1749357458285,"created":1749357458285,"remoteIdentityKey":"BWO3KdiSOuSNmwBj2cvTL1o+xprwy/GzTbcQlUrPw+w9"},"_chains":{"BfrsmSbWolYpsrQ7ChRNVIQTof62Y58mkG090Kk9sG80":{"chainKey":{"counter":0,"key":"JaygbdWsdBpJTLfvl7nFHZEcZ7rXWyYShZYtTYOqTBg="},"chainType":1,"messageKeys":{}}},"pendingPreKey":{"signedKeyId":1,"baseKey":"BYpKI/ultoiX/eV1nJz7vh5d/1pUisEilRGlBVVdbvQd"}},"BbiPhJ3YAj4w06oodsEBwXExwRGHbvvvRswni4IdfHE3":{"registrationId":170,"currentRatchet":{"ephemeralKeyPair":{"pubKey":"BadrcsLcMUPjLlQ9cOPg6nZVoBZnhcISy0JLE7XABScq","privKey":"GAjQ4kkov7PPztbC9Mc5iy4FtqEPyTXrImr7PKQKelI="},"lastRemoteEphemeralKey":"BTK6Nr5cEFdwR6OPqd9Z064FiUTuXxrOA0abo1zSQDwD","previousCounter":0,"rootKey":"IopnNxRUZkKlSIIR7Xb3q268xW0ZQYYH/VVxnezuiHE="},"indexInfo":{"baseKey":"BbiPhJ3YAj4w06oodsEBwXExwRGHbvvvRswni4IdfHE3","baseKeyType":1,"closed":1749357469579,"used":1749357469003,"created":1749357469003,"remoteIdentityKey":"BWO3KdiSOuSNmwBj2cvTL1o+xprwy/GzTbcQlUrPw+w9"},"_chains":{"BadrcsLcMUPjLlQ9cOPg6nZVoBZnhcISy0JLE7XABScq":{"chainKey":{"counter":0,"key":"ylgZUKGocby8Kqsh4N67PRyBWl1MvHv5Zg+Dvzoq0P8="},"chainType":1,"messageKeys":{}}},"pendingPreKey":{"signedKeyId":1,"baseKey":"BbiPhJ3YAj4w06oodsEBwXExwRGHbvvvRswni4IdfHE3"}},"BV/MdCo4CiV2jtyBr3tJI7aNZJcaacB6KnbejpwA2Q1x":{"registrationId":170,"currentRatchet":{"ephemeralKeyPair":{"pubKey":"BebZPlpiRHGqUU+9qj6c5bcNORmK+BtoiYoR4LMdAbAc","privKey":"kPyYJfr6GSOvNCR/K9rd55845oa5qDZ6ronMZYhwL1A="},"lastRemoteEphemeralKey":"BTK6Nr5cEFdwR6OPqd9Z064FiUTuXxrOA0abo1zSQDwD","previousCounter":0,"rootKey":"XpXIKYlmCgJv6H3kjIY5khqpOwajWG6jUYIO9/c0O6w="},"indexInfo":{"baseKey":"BV/MdCo4CiV2jtyBr3tJI7aNZJcaacB6KnbejpwA2Q1x","baseKeyType":1,"closed":1749357470139,"used":1749357469574,"created":1749357469574,"remoteIdentityKey":"BWO3KdiSOuSNmwBj2cvTL1o+xprwy/GzTbcQlUrPw+w9"},"_chains":{"BebZPlpiRHGqUU+9qj6c5bcNORmK+BtoiYoR4LMdAbAc":{"chainKey":{"counter":0,"key":"lnNPXAluaa3l/arF4bM3ye4FRLIeffTTOTsd1FpKmWY="},"chainType":1,"messageKeys":{}}},"pendingPreKey":{"signedKeyId":1,"baseKey":"BV/MdCo4CiV2jtyBr3tJI7aNZJcaacB6KnbejpwA2Q1x"}},"BTUlgY01qjoMT9ytbMtvOF00aBnjBj9cj1GQHKWUYYQ2":{"registrationId":170,"currentRatchet":{"ephemeralKeyPair":{"pubKey":"BXNordCTdohCc0/JQDpjlW8xFLRXMjiMTukRBxk84Md5","privKey":"aEcx3WXIbYajDNYpMz+GNbGloTcUoqr6czX8J06XOHQ="},"lastRemoteEphemeralKey":"BTK6Nr5cEFdwR6OPqd9Z064FiUTuXxrOA0abo1zSQDwD","previousCounter":0,"rootKey":"a9TJTlDnUkInhlEXNvTLJbtmPdqhcLyHdEulqQDCcBM="},"indexInfo":{"baseKey":"BTUlgY01qjoMT9ytbMtvOF00aBnjBj9cj1GQHKWUYYQ2","baseKeyType":1,"closed":1749357480389,"used":1749357470132,"created":1749357470132,"remoteIdentityKey":"BWO3KdiSOuSNmwBj2cvTL1o+xprwy/GzTbcQlUrPw+w9"},"_chains":{"BXNordCTdohCc0/JQDpjlW8xFLRXMjiMTukRBxk84Md5":{"chainKey":{"counter":0,"key":"ybReH+6Az9H7XgOhIKwRiFBMnJfgvSJ4XI3bwKtDgqA="},"chainType":1,"messageKeys":{}}},"pendingPreKey":{"signedKeyId":1,"baseKey":"BTUlgY01qjoMT9ytbMtvOF00aBnjBj9cj1GQHKWUYYQ2"}},"BWSARwZOmjvYIngfOiH+9CfuGxXkaKUsBRaK/iRnxL5t":{"registrationId":170,"currentRatchet":{"ephemeralKeyPair":{"pubKey":"BcTQRVDxQ+jniHRN0ErBpaKIXmsLsv+625GsfNpqXP8Y","privKey":"4EYUVHoJjTpeLQDFROHvjxXffvKzmNnV7QoQfH7BY34="},"lastRemoteEphemeralKey":"BTK6Nr5cEFdwR6OPqd9Z064FiUTuXxrOA0abo1zSQDwD","previousCounter":0,"rootKey":"kX3AqFJFEoZaMmOL72CeeH/L/MU/eNHCuqkCh5MXKHM="},"indexInfo":{"baseKey":"BWSARwZOmjvYIngfOiH+9CfuGxXkaKUsBRaK/iRnxL5t","baseKeyType":1,"closed":1749357480962,"used":1749357480380,"created":1749357480380,"remoteIdentityKey":"BWO3KdiSOuSNmwBj2cvTL1o+xprwy/GzTbcQlUrPw+w9"},"_chains":{"BcTQRVDxQ+jniHRN0ErBpaKIXmsLsv+625GsfNpqXP8Y":{"chainKey":{"counter":0,"key":"BZU7PTM6N8rDKFKN2YM+OGEhhLYc5iZgvpzn1AAbS60="},"chainType":1,"messageKeys":{}}},"pendingPreKey":{"signedKeyId":1,"baseKey":"BWSARwZOmjvYIngfOiH+9CfuGxXkaKUsBRaK/iRnxL5t"}},"BSLidKp6qvPBo6TeIGS1u/QvtdsAQDvcS3kh9io52iN0":{"registrationId":170,"currentRatchet":{"ephemeralKeyPair":{"pubKey":"BTRoORn5/vJSLFLF8NOMylbVR1Taj5sNgmdrK9NPXYpj","privKey":"KAEr/zCZWGLGcnWM0rwuULJklTtWzyp7FE6jeaBT1EA="},"lastRemoteEphemeralKey":"BTK6Nr5cEFdwR6OPqd9Z064FiUTuXxrOA0abo1zSQDwD","previousCounter":0,"rootKey":"Zfg6WAIPvB33PuM+ZBEIY66ouSIZxPnI0yz8rftHiCU="},"indexInfo":{"baseKey":"BSLidKp6qvPBo6TeIGS1u/QvtdsAQDvcS3kh9io52iN0","baseKeyType":1,"closed":1749357481512,"used":1749357480960,"created":1749357480960,"remoteIdentityKey":"BWO3KdiSOuSNmwBj2cvTL1o+xprwy/GzTbcQlUrPw+w9"},"_chains":{"BTRoORn5/vJSLFLF8NOMylbVR1Taj5sNgmdrK9NPXYpj":{"chainKey":{"counter":0,"key":"jdgTHvK/lsv0cyuVdCYEBN/TfT3uBa0oWa59abXloLw="},"chainType":1,"messageKeys":{}}},"pendingPreKey":{"signedKeyId":1,"baseKey":"BSLidKp6qvPBo6TeIGS1u/QvtdsAQDvcS3kh9io52iN0"}},"BXhjdWdnZqxB11yVt51G2s4RVDBIN6/SBKGaJlAD9+g3":{"registrationId":170,"currentRatchet":{"ephemeralKeyPair":{"pubKey":"BWoTZdFxfdZsRI9TIDUxKjC8vwQEPlzZtEGDXhVUPlI9","privKey":"WOGCnOBa5wwvHCEMMR20Lwr//XUTUiOBEnflHhPc40c="},"lastRemoteEphemeralKey":"BTK6Nr5cEFdwR6OPqd9Z064FiUTuXxrOA0abo1zSQDwD","previousCounter":0,"rootKey":"LuYDFV3WpnMtINrWJOqZ6Y8fO6dLVvqM9g464TCawhc="},"indexInfo":{"baseKey":"BXhjdWdnZqxB11yVt51G2s4RVDBIN6/SBKGaJlAD9+g3","baseKeyType":1,"closed":1749357486789,"used":1749357481511,"created":1749357481511,"remoteIdentityKey":"BWO3KdiSOuSNmwBj2cvTL1o+xprwy/GzTbcQlUrPw+w9"},"_chains":{"BWoTZdFxfdZsRI9TIDUxKjC8vwQEPlzZtEGDXhVUPlI9":{"chainKey":{"counter":0,"key":"Q1krVjHZ684AVlZsp6tC4sFo2tWO9dbzfTW3yF4CLD4="},"chainType":1,"messageKeys":{}}},"pendingPreKey":{"signedKeyId":1,"baseKey":"BXhjdWdnZqxB11yVt51G2s4RVDBIN6/SBKGaJlAD9+g3"}},"BXaYFix3HhM2ayDCHDsQIt0G5BfZIeS/PMwQMxqEUPM1":{"registrationId":170,"currentRatchet":{"ephemeralKeyPair":{"pubKey":"BTSx0gA5l5FbeIBq1htc8P3PhZjhEvJgt0lhi+B2OkZp","privKey":"GFk+tZOCQ9yabwjBtGTz45PQiQRAaJm+k4CoAAky7nw="},"lastRemoteEphemeralKey":"BTK6Nr5cEFdwR6OPqd9Z064FiUTuXxrOA0abo1zSQDwD","previousCounter":0,"rootKey":"lVe3x5SPngx5wbR9U30XeExzGcAc/+h8AXXlJhQy/ZY="},"indexInfo":{"baseKey":"BXaYFix3HhM2ayDCHDsQIt0G5BfZIeS/PMwQMxqEUPM1","baseKeyType":1,"closed":1749357508228,"used":1749357486787,"created":1749357486787,"remoteIdentityKey":"BWO3KdiSOuSNmwBj2cvTL1o+xprwy/GzTbcQlUrPw+w9"},"_chains":{"BTSx0gA5l5FbeIBq1htc8P3PhZjhEvJgt0lhi+B2OkZp":{"chainKey":{"counter":0,"key":"9ki0jSf/0VdGtnrdlf0Owd2vWO+oj9c5QKPzTfEI+r4="},"chainType":1,"messageKeys":{}}},"pendingPreKey":{"signedKeyId":1,"baseKey":"BXaYFix3HhM2ayDCHDsQIt0G5BfZIeS/PMwQMxqEUPM1"}},"BWQjWoLZyn1SEXbGQrN+JF7Ji9Ww2KM75scb2ZQjXQUy":{"registrationId":170,"currentRatchet":{"ephemeralKeyPair":{"pubKey":"BSPBpVQkVaxJtBLj2GjL7ZzUcde8Ed6iXptSWP7Se2UT","privKey":"YBiOd0oU+P8xRXH83FohuheTzr1l2fT+BS+OYFAm5lQ="},"lastRemoteEphemeralKey":"BTK6Nr5cEFdwR6OPqd9Z064FiUTuXxrOA0abo1zSQDwD","previousCounter":0,"rootKey":"Oo8QTB5s5zn4R6GCZ2k1dE7eSAgijYbJfcZc2DfGfn8="},"indexInfo":{"baseKey":"BWQjWoLZyn1SEXbGQrN+JF7Ji9Ww2KM75scb2ZQjXQUy","baseKeyType":1,"closed":1749357508785,"used":1749357508226,"created":1749357508226,"remoteIdentityKey":"BWO3KdiSOuSNmwBj2cvTL1o+xprwy/GzTbcQlUrPw+w9"},"_chains":{"BSPBpVQkVaxJtBLj2GjL7ZzUcde8Ed6iXptSWP7Se2UT":{"chainKey":{"counter":0,"key":"O340oEG2zAGCkhqjQXRIw7Qb1fnohVSWMSYbnph8xwI="},"chainType":1,"messageKeys":{}}},"pendingPreKey":{"signedKeyId":1,"baseKey":"BWQjWoLZyn1SEXbGQrN+JF7Ji9Ww2KM75scb2ZQjXQUy"}},"BTwmOi7yF2FCf5Y3dgLadLPgHm16ksMLP7HEI1aURuRz":{"registrationId":170,"currentRatchet":{"ephemeralKeyPair":{"pubKey":"BbxcEXzg+t42Ah1/Ba54S8gKVo4rJXcMygp/325h1+cq","privKey":"2K+AUPSm/Fq8fDomY5K9exllDnnKOlxK96Nc2ZcyGFw="},"lastRemoteEphemeralKey":"BTK6Nr5cEFdwR6OPqd9Z064FiUTuXxrOA0abo1zSQDwD","previousCounter":0,"rootKey":"UZewHj2vUNACiRwq1ASoCGiqM7o/jMxuMzZBoTzYc7g="},"indexInfo":{"baseKey":"BTwmOi7yF2FCf5Y3dgLadLPgHm16ksMLP7HEI1aURuRz","baseKeyType":1,"closed":1749357509368,"used":1749357508783,"created":1749357508783,"remoteIdentityKey":"BWO3KdiSOuSNmwBj2cvTL1o+xprwy/GzTbcQlUrPw+w9"},"_chains":{"BbxcEXzg+t42Ah1/Ba54S8gKVo4rJXcMygp/325h1+cq":{"chainKey":{"counter":0,"key":"LL/qjPlWz2VHZDYnKAL32Uj1xjYM5v8//pmMwc8Y8bM="},"chainType":1,"messageKeys":{}}},"pendingPreKey":{"signedKeyId":1,"baseKey":"BTwmOi7yF2FCf5Y3dgLadLPgHm16ksMLP7HEI1aURuRz"}},"BUcyFAvPhaavJtntwMNKwKTPDwPFSz3JY6sXnu27hdh5":{"registrationId":170,"currentRatchet":{"ephemeralKeyPair":{"pubKey":"BZEG1LmyqQQw+9YXtsl6tlE4szP2wqQ3HUkrpJcpy9YG","privKey":"6NhyTi4IZVpgGOsjB/26cZ8dj0/eKftM5e7oVRJbx0Q="},"lastRemoteEphemeralKey":"BTK6Nr5cEFdwR6OPqd9Z064FiUTuXxrOA0abo1zSQDwD","previousCounter":0,"rootKey":"RCYiJVIOOq6xBm8yxdVA6+9RgyN+BJfgP3vXdE0dzHg="},"indexInfo":{"baseKey":"BUcyFAvPhaavJtntwMNKwKTPDwPFSz3JY6sXnu27hdh5","baseKeyType":1,"closed":1749357509926,"used":1749357509353,"created":1749357509353,"remoteIdentityKey":"BWO3KdiSOuSNmwBj2cvTL1o+xprwy/GzTbcQlUrPw+w9"},"_chains":{"BZEG1LmyqQQw+9YXtsl6tlE4szP2wqQ3HUkrpJcpy9YG":{"chainKey":{"counter":0,"key":"4b8+QN6kl/QjCALIXFe+3lGHgatpkSSSaGpml2QvIqY="},"chainType":1,"messageKeys":{}}},"pendingPreKey":{"signedKeyId":1,"baseKey":"BUcyFAvPhaavJtntwMNKwKTPDwPFSz3JY6sXnu27hdh5"}},"BdFedWKnO/yyBXtrzo45w1O20yeSOoWcmazxWPXYZ3B3":{"registrationId":170,"currentRatchet":{"ephemeralKeyPair":{"pubKey":"BbbPDM9gCeqqHUGNuilbOTfERmPobBZJvGBfG3ck9NdP","privKey":"wNoqlc6bHKiGsnIpuDARDkKBlqOveO83u8KDJn9omEk="},"lastRemoteEphemeralKey":"BTK6Nr5cEFdwR6OPqd9Z064FiUTuXxrOA0abo1zSQDwD","previousCounter":0,"rootKey":"iyOeedM+4eYlk3jO0WVrXKyez/akY4uYveDZw418n78="},"indexInfo":{"baseKey":"BdFedWKnO/yyBXtrzo45w1O20yeSOoWcmazxWPXYZ3B3","baseKeyType":1,"closed":1749357510486,"used":1749357509925,"created":1749357509925,"remoteIdentityKey":"BWO3KdiSOuSNmwBj2cvTL1o+xprwy/GzTbcQlUrPw+w9"},"_chains":{"BbbPDM9gCeqqHUGNuilbOTfERmPobBZJvGBfG3ck9NdP":{"chainKey":{"counter":0,"key":"jhggDge6JtmGbLhiQys1fk3nH9Ftm7YKOr7sZK5gO6c="},"chainType":1,"messageKeys":{}}},"pendingPreKey":{"signedKeyId":1,"baseKey":"BdFedWKnO/yyBXtrzo45w1O20yeSOoWcmazxWPXYZ3B3"}},"BRJlQyXcibRGg1s8WGi0eyyOLdejZuaAkGKU/C9K5FYj":{"registrationId":170,"currentRatchet":{"ephemeralKeyPair":{"pubKey":"BRfuV4MNwAalIXuAozzuS0x7YKMcsx3hvJbTPJKjUJg2","privKey":"4GF32g+/7MSG4eC/pHvoG1P4xIE+g1gkSYzEX311lFM="},"lastRemoteEphemeralKey":"BTK6Nr5cEFdwR6OPqd9Z064FiUTuXxrOA0abo1zSQDwD","previousCounter":0,"rootKey":"4tPMFHk1bh4nYRr9s7Zq0HznB6p5gQvvmms+5AU9ZYI="},"indexInfo":{"baseKey":"BRJlQyXcibRGg1s8WGi0eyyOLdejZuaAkGKU/C9K5FYj","baseKeyType":1,"closed":-1,"used":1749357510484,"created":1749357510484,"remoteIdentityKey":"BWO3KdiSOuSNmwBj2cvTL1o+xprwy/GzTbcQlUrPw+w9"},"_chains":{"BRfuV4MNwAalIXuAozzuS0x7YKMcsx3hvJbTPJKjUJg2":{"chainKey":{"counter":55,"key":"QX+aQAjEa59H3IRXd2Vhn+A5MtJOa+LfSLSEq6I0v0k="},"chainType":1,"messageKeys":{}}},"pendingPreKey":{"signedKeyId":1,"baseKey":"BRJlQyXcibRGg1s8WGi0eyyOLdejZuaAkGKU/C9K5FYj"}}},"version":"v1"}