{"_sessions":{"Bdx64bQYFP/wK+c+Vpb3scsDi0QXzT5YqVC8h1eje2s4":{"registrationId":2087153376,"currentRatchet":{"ephemeralKeyPair":{"pubKey":"Beq9C0nGLxpR9pRBC4/GvwhJbuFifRRcruK+Gz8TvBoa","privKey":"wLEOY8JJNH9rbCq2qrwEIbnWt/y45p1LJRaDJ4oeOkM="},"lastRemoteEphemeralKey":"BeH02tcUie7w0v0GevxEO7moQPdfvpqdwcjCneLQ+7oo","previousCounter":0,"rootKey":"LpeeBt19vEz1rS1k0sIQLNp5op67QWz2igQWEVuZl44="},"indexInfo":{"baseKey":"Bdx64bQYFP/wK+c+Vpb3scsDi0QXzT5YqVC8h1eje2s4","baseKeyType":1,"closed":1749286057913,"used":1749274781121,"created":1749274781121,"remoteIdentityKey":"BaiGlb9VgNHgPcWN46jhHlvj2Ldela7X8173FZb2Wgxu"},"_chains":{"Beq9C0nGLxpR9pRBC4/GvwhJbuFifRRcruK+Gz8TvBoa":{"chainKey":{"counter":10,"key":"BcEdZCStQvxeWGCxHFkCg6ABCeao1oEwjng6GzmhsyE="},"chainType":1,"messageKeys":{}}},"pendingPreKey":{"signedKeyId":1,"baseKey":"Bdx64bQYFP/wK+c+Vpb3scsDi0QXzT5YqVC8h1eje2s4","preKeyId":9553626}},"BUUQvHpIyKH20mf4LBnvkvopQwJFkCtebmlr/xikR/wS":{"registrationId":183652631,"currentRatchet":{"ephemeralKeyPair":{"pubKey":"BU1FWEr+DzajaM7GKiz4lnsVG2aTA1QafwF441QogZIS","privKey":"+Pd/0XATaLwF+QTVsadejoZbY9O6ft3HhNa6C4Zqw2Q="},"lastRemoteEphemeralKey":"BQto8ei8XTRuDkGFRaILiCPJ3ZLw4L6RiyUifwP9t8FC","previousCounter":9,"rootKey":"DeP+2GU7ivH8CsCJEhLFDLPGwcHrZ+nwIy9WDGhEPFQ="},"indexInfo":{"baseKey":"BUUQvHpIyKH20mf4LBnvkvopQwJFkCtebmlr/xikR/wS","baseKeyType":1,"closed":-1,"used":1749383503026,"created":1749286057911,"remoteIdentityKey":"BbGY7sii11rJq6WgOwXtC4B4bPf7Nig/X4Mkds4VdyFq"},"_chains":{"BTFIt+62oMeNMR5gO2jIofjB1x5u3e6CavQEjZJoQ6BQ":{"chainKey":{"counter":0},"chainType":2,"messageKeys":{}},"BQto8ei8XTRuDkGFRaILiCPJ3ZLw4L6RiyUifwP9t8FC":{"chainKey":{"counter":0,"key":"/Xf3aqOPZNJLfqVIOteSN9ZrLlCyuf2pUUWNw+TcgfE="},"chainType":2,"messageKeys":{}},"BU1FWEr+DzajaM7GKiz4lnsVG2aTA1QafwF441QogZIS":{"chainKey":{"counter":0,"key":"pBIauQ5NZR2DEw5wtyP10iNo7PQb6kBNfH8FAJa7+9s="},"chainType":1,"messageKeys":{}}}}},"version":"v1"}