{"_sessions":{"BX8eJgq5YJ0cPLuT63y+GTYkd6hh89URSXsfjlRZ3q0H":{"registrationId":1302273281,"currentRatchet":{"ephemeralKeyPair":{"pubKey":"BWr+1OzukoFQaTHEU0O3wmssZCp5x2KP6oVhZDPNWtkH","privKey":"UFbA+sQy8ep6sA2M778ZV3lOOodNjObBklfv0RfMbWY="},"lastRemoteEphemeralKey":"BZe2ip0pPStb2mqonaH3uYNgYsUcfj3dhrhdA/cSQ4EE","previousCounter":0,"rootKey":"jHrrxoPdxhkLNsvMjsoZ6J8JXjea2n19XxkWDIp64SE="},"indexInfo":{"baseKey":"BX8eJgq5YJ0cPLuT63y+GTYkd6hh89URSXsfjlRZ3q0H","baseKeyType":1,"closed":-1,"used":1749358808508,"created":1749358808508,"remoteIdentityKey":"BUnaIOVt1PmJI1RShefvyJiQbCqVQ0XFOlqYvb4g4nsi"},"_chains":{"BWr+1OzukoFQaTHEU0O3wmssZCp5x2KP6oVhZDPNWtkH":{"chainKey":{"counter":58,"key":"Crc/sfw9AxDEVdOUBqaExnpP7PcPGLGNBB70fnom4H8="},"chainType":1,"messageKeys":{}}},"pendingPreKey":{"signedKeyId":8,"baseKey":"BX8eJgq5YJ0cPLuT63y+GTYkd6hh89URSXsfjlRZ3q0H","preKeyId":849539}}},"version":"v1"}