{"_sessions":{"BSQjyek/mdxi1llUqevJvjBo23DlC+6rwd3D4ZV7apIf":{"registrationId":1699293321,"currentRatchet":{"ephemeralKeyPair":{"pubKey":"BRrZRBIrcz5IkiOwvXltO1eYcmSHD7ma2lQis2D2H7EK","privKey":"sC3ib0cOpc0lqBNDwbVT1vdwKJ0XKtEM2YzAWpFBElA="},"lastRemoteEphemeralKey":"BaR6LBpSzIWqtJTCLLFwh08oJx168coPAKs32nz6U5JB","previousCounter":0,"rootKey":"LqPLpNratzCsNbXrUuUwram5jofSh/WeKTZRpkLV2hU="},"indexInfo":{"baseKey":"BSQjyek/mdxi1llUqevJvjBo23DlC+6rwd3D4ZV7apIf","baseKeyType":1,"closed":1749359928840,"used":1749359928210,"created":1749359928210,"remoteIdentityKey":"BerKWMOZJ7o0gqKiSAPWdZqHIA+ialFFVn/m9e9FNzJ9"},"_chains":{"BRrZRBIrcz5IkiOwvXltO1eYcmSHD7ma2lQis2D2H7EK":{"chainKey":{"counter":0,"key":"YjZDxFSmacD/ij0RKULVEYgyYwiGmqx/k0yHU175o9Q="},"chainType":1,"messageKeys":{}}},"pendingPreKey":{"signedKeyId":1,"baseKey":"BSQjyek/mdxi1llUqevJvjBo23DlC+6rwd3D4ZV7apIf","preKeyId":1498}},"BUgSFj4p5XMeiL7idFGDP1vDWuY75iA2TaGKW/Poo49k":{"registrationId":1699293321,"currentRatchet":{"ephemeralKeyPair":{"pubKey":"BX6DUf4/PCwH6gDiOiYkUvkFhnT1gVHH7VYRXyGDVDAl","privKey":"KPmV80h8TY11zgNOylfx6bG5m8A4IVLPiIoKTJLwEl4="},"lastRemoteEphemeralKey":"BaR6LBpSzIWqtJTCLLFwh08oJx168coPAKs32nz6U5JB","previousCounter":0,"rootKey":"uWbYVMjIiWJPwCua0tzMwxNdXoul4D1oTxesLdHIGUE="},"indexInfo":{"baseKey":"BUgSFj4p5XMeiL7idFGDP1vDWuY75iA2TaGKW/Poo49k","baseKeyType":1,"closed":1749359929444,"used":1749359928838,"created":1749359928838,"remoteIdentityKey":"BerKWMOZJ7o0gqKiSAPWdZqHIA+ialFFVn/m9e9FNzJ9"},"_chains":{"BX6DUf4/PCwH6gDiOiYkUvkFhnT1gVHH7VYRXyGDVDAl":{"chainKey":{"counter":0,"key":"t7gNPLUGyz49sf8P5iWoimHVUhzfYWQrcHuiifrWSc8="},"chainType":1,"messageKeys":{}}},"pendingPreKey":{"signedKeyId":1,"baseKey":"BUgSFj4p5XMeiL7idFGDP1vDWuY75iA2TaGKW/Poo49k","preKeyId":1461}},"BZPfVP18h1whM3z+XXny7h8g81UPlBVwvAc85u1+VE8c":{"registrationId":1699293321,"currentRatchet":{"ephemeralKeyPair":{"pubKey":"BSgcoW4vGRrRZ+rgMU3yCXZalCSB9wTEM30rspcTkC14","privKey":"iFUmS3BXA5VoKa4FucBGfRyWAuSkjZJB3d+a+TRIGG4="},"lastRemoteEphemeralKey":"BaR6LBpSzIWqtJTCLLFwh08oJx168coPAKs32nz6U5JB","previousCounter":0,"rootKey":"qoIC/OBUza4YetuA3vLatjV5ijPFCHUKDBCxRGjhS/I="},"indexInfo":{"baseKey":"BZPfVP18h1whM3z+XXny7h8g81UPlBVwvAc85u1+VE8c","baseKeyType":1,"closed":1749359930055,"used":1749359929443,"created":1749359929443,"remoteIdentityKey":"BerKWMOZJ7o0gqKiSAPWdZqHIA+ialFFVn/m9e9FNzJ9"},"_chains":{"BSgcoW4vGRrRZ+rgMU3yCXZalCSB9wTEM30rspcTkC14":{"chainKey":{"counter":0,"key":"Oz9A+Lm7UOR7OamvkeNhhHO8Wmsih7/Uy6HqvQiqKJM="},"chainType":1,"messageKeys":{}}},"pendingPreKey":{"signedKeyId":1,"baseKey":"BZPfVP18h1whM3z+XXny7h8g81UPlBVwvAc85u1+VE8c","preKeyId":987}},"BWDTFLSAroQhtnNPiAhXrDI8Q/Sq+J62F2oiR8rtz7xE":{"registrationId":1699293321,"currentRatchet":{"ephemeralKeyPair":{"pubKey":"BVB6+Dfv0BUEoKagfjWIcuRzMZ7r0DftouXSklfzVcpW","privKey":"2HZKjHO4JmL+a7VnpRSMBMhpQFZLYIxDC7F9ARJMb2M="},"lastRemoteEphemeralKey":"BaR6LBpSzIWqtJTCLLFwh08oJx168coPAKs32nz6U5JB","previousCounter":0,"rootKey":"AiBc+bmVJX8nzW8ehX7FdBZbzwGQ2cLOf/J3eLX/5Hc="},"indexInfo":{"baseKey":"BWDTFLSAroQhtnNPiAhXrDI8Q/Sq+J62F2oiR8rtz7xE","baseKeyType":1,"closed":1749359930654,"used":1749359930046,"created":1749359930046,"remoteIdentityKey":"BerKWMOZJ7o0gqKiSAPWdZqHIA+ialFFVn/m9e9FNzJ9"},"_chains":{"BVB6+Dfv0BUEoKagfjWIcuRzMZ7r0DftouXSklfzVcpW":{"chainKey":{"counter":0,"key":"933QgQyzaGbGtXYMYzxCST8AqP0Pwm1odVx5c3asn9Q="},"chainType":1,"messageKeys":{}}},"pendingPreKey":{"signedKeyId":1,"baseKey":"BWDTFLSAroQhtnNPiAhXrDI8Q/Sq+J62F2oiR8rtz7xE","preKeyId":1067}},"Bbt/8nu64tndlys946Lb73e0LT9+voDzl0IxBQuvHLVd":{"registrationId":1699293321,"currentRatchet":{"ephemeralKeyPair":{"pubKey":"BaXujhNvcs177JwWgnUJO4IYVwclRLCCCUEFa0kT4q0L","privKey":"EEWxLWacbf1BTsNCTp9gjafs1PiQaFDNQlPGy9eCIUU="},"lastRemoteEphemeralKey":"BaR6LBpSzIWqtJTCLLFwh08oJx168coPAKs32nz6U5JB","previousCounter":0,"rootKey":"acnn56eKxoTTXmvTrA2fzXnbRWy/JeFKWkqYfJ7x0xE="},"indexInfo":{"baseKey":"Bbt/8nu64tndlys946Lb73e0LT9+voDzl0IxBQuvHLVd","baseKeyType":1,"closed":1749359931274,"used":1749359930652,"created":1749359930652,"remoteIdentityKey":"BerKWMOZJ7o0gqKiSAPWdZqHIA+ialFFVn/m9e9FNzJ9"},"_chains":{"BaXujhNvcs177JwWgnUJO4IYVwclRLCCCUEFa0kT4q0L":{"chainKey":{"counter":0,"key":"QC3+WIrFWGP9/Ozp6tTc1d+kpLOMiDoouaRfWwrGqFo="},"chainType":1,"messageKeys":{}}},"pendingPreKey":{"signedKeyId":1,"baseKey":"Bbt/8nu64tndlys946Lb73e0LT9+voDzl0IxBQuvHLVd","preKeyId":1467}},"BZVC6g6C8geoQ2UsywO5DC1PJ4XTW15l27LRgIss671M":{"registrationId":1699293321,"currentRatchet":{"ephemeralKeyPair":{"pubKey":"BdudtAAIlwNCEJBQn4F8mLUiSnu7orHIgg1SUGh30lJh","privKey":"ADNiewny5XolhcVMK1HkU9LDj1gnbkG0xlU5ocwqjWc="},"lastRemoteEphemeralKey":"BaR6LBpSzIWqtJTCLLFwh08oJx168coPAKs32nz6U5JB","previousCounter":0,"rootKey":"1884MVmA9tGbdGpRuXuj4GdfYo6+OkRnsO1MDlCxm64="},"indexInfo":{"baseKey":"BZVC6g6C8geoQ2UsywO5DC1PJ4XTW15l27LRgIss671M","baseKeyType":1,"closed":1749359931882,"used":1749359931272,"created":1749359931272,"remoteIdentityKey":"BerKWMOZJ7o0gqKiSAPWdZqHIA+ialFFVn/m9e9FNzJ9"},"_chains":{"BdudtAAIlwNCEJBQn4F8mLUiSnu7orHIgg1SUGh30lJh":{"chainKey":{"counter":0,"key":"5skZ4sWY2n+z30lQ4Dbo8i7zMEyzI6JPJZgxc8t6K30="},"chainType":1,"messageKeys":{}}},"pendingPreKey":{"signedKeyId":1,"baseKey":"BZVC6g6C8geoQ2UsywO5DC1PJ4XTW15l27LRgIss671M","preKeyId":1456}},"Be6YlRFbKGWS/RowZA40roSj2DPJQdP1oXBNDoTPa1Qu":{"registrationId":1699293321,"currentRatchet":{"ephemeralKeyPair":{"pubKey":"BT+uFJNnoxy5pv8zl07IVoiSJTNGkw6acY3dafCxgadS","privKey":"ONl0PPwhA/0Xkxw3rlicbVAoZrXxPeXm9Fd1+3s8P04="},"lastRemoteEphemeralKey":"BaR6LBpSzIWqtJTCLLFwh08oJx168coPAKs32nz6U5JB","previousCounter":0,"rootKey":"0FkdsIGAKCG8VJDiXycQrddxZmLTSARt0IgVvhTM67U="},"indexInfo":{"baseKey":"Be6YlRFbKGWS/RowZA40roSj2DPJQdP1oXBNDoTPa1Qu","baseKeyType":1,"closed":1749359932195,"used":1749359931874,"created":1749359931874,"remoteIdentityKey":"BerKWMOZJ7o0gqKiSAPWdZqHIA+ialFFVn/m9e9FNzJ9"},"_chains":{"BT+uFJNnoxy5pv8zl07IVoiSJTNGkw6acY3dafCxgadS":{"chainKey":{"counter":-1,"key":"53cdt1Nvrjf2KvZv3vFpSmx9/Y4q9EtrALajq9UCuYs="},"chainType":1,"messageKeys":{}}},"pendingPreKey":{"signedKeyId":1,"baseKey":"Be6YlRFbKGWS/RowZA40roSj2DPJQdP1oXBNDoTPa1Qu","preKeyId":873}},"BaFQOiULi821tpqvwZFlwScRExUU48uasPHYgrMD30Fb":{"registrationId":1699293321,"currentRatchet":{"ephemeralKeyPair":{"pubKey":"BST078NlyxL1o+48VkpMImVuOvWa3wyyurhSrhNqhZNO","privKey":"iA5e7yRm+a+G3N8rwMlGuQulNBkNfJ1omWtXBp39MXI="},"lastRemoteEphemeralKey":"BaR6LBpSzIWqtJTCLLFwh08oJx168coPAKs32nz6U5JB","previousCounter":0,"rootKey":"Do9x6ARyxVVTr6yQAIYnpHxB2rFdkVPw+WiHf7amVX4="},"indexInfo":{"baseKey":"BaFQOiULi821tpqvwZFlwScRExUU48uasPHYgrMD30Fb","baseKeyType":1,"closed":1749359932815,"used":1749359932192,"created":1749359932192,"remoteIdentityKey":"BerKWMOZJ7o0gqKiSAPWdZqHIA+ialFFVn/m9e9FNzJ9"},"_chains":{"BST078NlyxL1o+48VkpMImVuOvWa3wyyurhSrhNqhZNO":{"chainKey":{"counter":0,"key":"uXonkCUakRfZKDnQhex7Zm98Bi9LosQp4Oqje5xG+ek="},"chainType":1,"messageKeys":{}}},"pendingPreKey":{"signedKeyId":1,"baseKey":"BaFQOiULi821tpqvwZFlwScRExUU48uasPHYgrMD30Fb","preKeyId":1479}},"BWQGEiw39ee9npWknLYTyS7/IHcOA9Hyhykn1MqwngEE":{"registrationId":1699293321,"currentRatchet":{"ephemeralKeyPair":{"pubKey":"BUAIzNTMHoAS9uFqmkHT2NimSfw78Lo5bftGSElhMokx","privKey":"yKR3JNLqd8rJV9EoEadxSGvw336uHb1IrRDy/wh170Q="},"lastRemoteEphemeralKey":"BaR6LBpSzIWqtJTCLLFwh08oJx168coPAKs32nz6U5JB","previousCounter":0,"rootKey":"8L5ARX7MH+8ej5mFONnx6MlkB94VMYJZzndv4MXJNks="},"indexInfo":{"baseKey":"BWQGEiw39ee9npWknLYTyS7/IHcOA9Hyhykn1MqwngEE","baseKeyType":1,"closed":1749359934057,"used":1749359932813,"created":1749359932813,"remoteIdentityKey":"BerKWMOZJ7o0gqKiSAPWdZqHIA+ialFFVn/m9e9FNzJ9"},"_chains":{"BUAIzNTMHoAS9uFqmkHT2NimSfw78Lo5bftGSElhMokx":{"chainKey":{"counter":0,"key":"Li8sLN7O+vito9Ac0GZilfwt/hnIRFa0TkXm6wXxvn8="},"chainType":1,"messageKeys":{}}},"pendingPreKey":{"signedKeyId":1,"baseKey":"BWQGEiw39ee9npWknLYTyS7/IHcOA9Hyhykn1MqwngEE","preKeyId":1050}},"Ba8UcJeeNWQWdoo4RNdU4vQHBdxsEUShROmhc/wfHmUF":{"registrationId":1699293321,"currentRatchet":{"ephemeralKeyPair":{"pubKey":"BU6NFIjle6WhuzQJa/BIyzUt7ta2M5QNJ0jx03emeDAm","privKey":"SNUqQzSwK20GAw8vOwwXuq4960oTPKqm3LfFhPC6a3I="},"lastRemoteEphemeralKey":"BaR6LBpSzIWqtJTCLLFwh08oJx168coPAKs32nz6U5JB","previousCounter":0,"rootKey":"IkF3NC9wZfKWZCQUyG9i9+m2k7ACR2bAINjB/4G0OLs="},"indexInfo":{"baseKey":"Ba8UcJeeNWQWdoo4RNdU4vQHBdxsEUShROmhc/wfHmUF","baseKeyType":1,"closed":1749359978752,"used":1749359934015,"created":1749359934015,"remoteIdentityKey":"BerKWMOZJ7o0gqKiSAPWdZqHIA+ialFFVn/m9e9FNzJ9"},"_chains":{"BU6NFIjle6WhuzQJa/BIyzUt7ta2M5QNJ0jx03emeDAm":{"chainKey":{"counter":0,"key":"1xEtC91HDschuvzRM4KtwInCLrtvWqtuoFkb8lN4u7M="},"chainType":1,"messageKeys":{}}},"pendingPreKey":{"signedKeyId":1,"baseKey":"Ba8UcJeeNWQWdoo4RNdU4vQHBdxsEUShROmhc/wfHmUF","preKeyId":982}},"BZd3Cmre7KnbzhWRsXt5IVGFg3B14Bo4WrUhk+pLQo5U":{"registrationId":1699293321,"currentRatchet":{"ephemeralKeyPair":{"pubKey":"BdvZLP99RKkZNLLIuEGL7InVOai6LhW8OFEvO+Tybosh","privKey":"EAlInGdY07vXaJQtgyZAcFzwu5VbYVtwmj6ZM4xlZ04="},"lastRemoteEphemeralKey":"BaR6LBpSzIWqtJTCLLFwh08oJx168coPAKs32nz6U5JB","previousCounter":0,"rootKey":"w4S/RAA6My3F3ROG4bcs9piCd3pKXE1vSHllCf+rvpE="},"indexInfo":{"baseKey":"BZd3Cmre7KnbzhWRsXt5IVGFg3B14Bo4WrUhk+pLQo5U","baseKeyType":1,"closed":1749359979368,"used":1749359978749,"created":1749359978749,"remoteIdentityKey":"BerKWMOZJ7o0gqKiSAPWdZqHIA+ialFFVn/m9e9FNzJ9"},"_chains":{"BdvZLP99RKkZNLLIuEGL7InVOai6LhW8OFEvO+Tybosh":{"chainKey":{"counter":0,"key":"GMnpoVQpqcuW3NYzsTiKII/xHBA0XSIzlrmTkrEtT9w="},"chainType":1,"messageKeys":{}}},"pendingPreKey":{"signedKeyId":1,"baseKey":"BZd3Cmre7KnbzhWRsXt5IVGFg3B14Bo4WrUhk+pLQo5U","preKeyId":1628}},"BW/jRfqkeETfhfsV4YZRRz7/Kl4mw/VEuxXt3kbwscNy":{"registrationId":1699293321,"currentRatchet":{"ephemeralKeyPair":{"pubKey":"BXtl8sDKALS2slf/QF3xLsiAcYpvhUJOE/vDGCqzRAUJ","privKey":"sPYPA+xPhCJwVjGKbjh78XOjuqhu/KUVRacwKp1VSWo="},"lastRemoteEphemeralKey":"BaR6LBpSzIWqtJTCLLFwh08oJx168coPAKs32nz6U5JB","previousCounter":0,"rootKey":"jJ8Q7wHljWF4E8ncDZEkWv2P2ailGEOE/W+j42doR7k="},"indexInfo":{"baseKey":"BW/jRfqkeETfhfsV4YZRRz7/Kl4mw/VEuxXt3kbwscNy","baseKeyType":1,"closed":1749359979981,"used":1749359979366,"created":1749359979366,"remoteIdentityKey":"BerKWMOZJ7o0gqKiSAPWdZqHIA+ialFFVn/m9e9FNzJ9"},"_chains":{"BXtl8sDKALS2slf/QF3xLsiAcYpvhUJOE/vDGCqzRAUJ":{"chainKey":{"counter":0,"key":"9upT4lX2RH3asCM6ej4Q2U0WNQY1xo0Suofl9R1qBTs="},"chainType":1,"messageKeys":{}}},"pendingPreKey":{"signedKeyId":1,"baseKey":"BW/jRfqkeETfhfsV4YZRRz7/Kl4mw/VEuxXt3kbwscNy","preKeyId":1057}},"BS7VMOe4wNBxqnCuEgLCCsZsQk594WJcPGKwTu6WnOwY":{"registrationId":1699293321,"currentRatchet":{"ephemeralKeyPair":{"pubKey":"BY+gaCaNo2MSp9LXZsf39YUoYk4RZ/vtG3+X/0QijTNG","privKey":"6IPF0nBWpuB5Tgr66SSLLOoQBC/0EIFFKSDAWVar+EE="},"lastRemoteEphemeralKey":"BaR6LBpSzIWqtJTCLLFwh08oJx168coPAKs32nz6U5JB","previousCounter":0,"rootKey":"tB7MbtZBS0/30+IhWOOlyTRzWx5mdwHkpv44QjUWJIw="},"indexInfo":{"baseKey":"BS7VMOe4wNBxqnCuEgLCCsZsQk594WJcPGKwTu6WnOwY","baseKeyType":1,"closed":1749359980598,"used":1749359979980,"created":1749359979980,"remoteIdentityKey":"BerKWMOZJ7o0gqKiSAPWdZqHIA+ialFFVn/m9e9FNzJ9"},"_chains":{"BY+gaCaNo2MSp9LXZsf39YUoYk4RZ/vtG3+X/0QijTNG":{"chainKey":{"counter":0,"key":"OncwSEJb5E4yLyTll4T42Ec0VVVKSKKdgm7UiurCllM="},"chainType":1,"messageKeys":{}}},"pendingPreKey":{"signedKeyId":1,"baseKey":"BS7VMOe4wNBxqnCuEgLCCsZsQk594WJcPGKwTu6WnOwY","preKeyId":1032}},"BXIV64x42OCtcpZjEIfZkOmOyjnWwJvHD0R82RQy15gI":{"registrationId":1699293321,"currentRatchet":{"ephemeralKeyPair":{"pubKey":"BVqkSVjm7ED+gCgiHA7/kWCqLxFxXqZgqR0l+3frZ6Rg","privKey":"4N1FfNnBRGNyu4t0xdaUIIUeKJ5PB3cRFrC7ID6YNFQ="},"lastRemoteEphemeralKey":"BaR6LBpSzIWqtJTCLLFwh08oJx168coPAKs32nz6U5JB","previousCounter":0,"rootKey":"0h2rVT11URpdl8WAodbF1YBXriVt7JKM5poA2VMqZz0="},"indexInfo":{"baseKey":"BXIV64x42OCtcpZjEIfZkOmOyjnWwJvHD0R82RQy15gI","baseKeyType":1,"closed":1749359983319,"used":1749359980596,"created":1749359980596,"remoteIdentityKey":"BerKWMOZJ7o0gqKiSAPWdZqHIA+ialFFVn/m9e9FNzJ9"},"_chains":{"BVqkSVjm7ED+gCgiHA7/kWCqLxFxXqZgqR0l+3frZ6Rg":{"chainKey":{"counter":0,"key":"t48NqRrqXFzyvp0q+M5dieUXPBUMZNIBZMayNYMW1dY="},"chainType":1,"messageKeys":{}}},"pendingPreKey":{"signedKeyId":1,"baseKey":"BXIV64x42OCtcpZjEIfZkOmOyjnWwJvHD0R82RQy15gI","preKeyId":1448}},"BVtLhTJG4eGMRbtea8bXMZBpEAEcsspmYe71fDCz7m49":{"registrationId":1699293321,"currentRatchet":{"ephemeralKeyPair":{"pubKey":"Beu+Qh4ArBM0rD7CdR/NNrLCZYReDzOOykdKAdkekwYt","privKey":"IBCGp53MWqnCihHNDMSHdDlC4fyZTN+MptiZNVSLDmE="},"lastRemoteEphemeralKey":"BaR6LBpSzIWqtJTCLLFwh08oJx168coPAKs32nz6U5JB","previousCounter":0,"rootKey":"QwWcOtEo79TSDvLQQZQJ3rFLPWsV1waob8MPyPPkMqQ="},"indexInfo":{"baseKey":"BVtLhTJG4eGMRbtea8bXMZBpEAEcsspmYe71fDCz7m49","baseKeyType":1,"closed":1749359983936,"used":1749359983317,"created":1749359983317,"remoteIdentityKey":"BerKWMOZJ7o0gqKiSAPWdZqHIA+ialFFVn/m9e9FNzJ9"},"_chains":{"Beu+Qh4ArBM0rD7CdR/NNrLCZYReDzOOykdKAdkekwYt":{"chainKey":{"counter":0,"key":"wPT2I+FiWB7SVUBpqRXXXnQThufjXTRdp7cGZ8UFbqg="},"chainType":1,"messageKeys":{}}},"pendingPreKey":{"signedKeyId":1,"baseKey":"BVtLhTJG4eGMRbtea8bXMZBpEAEcsspmYe71fDCz7m49","preKeyId":981}},"BQkvwkHHS2jKFwhhbSl40bo8Dqh6e/0kCJ4f3NE3cSwL":{"registrationId":1699293321,"currentRatchet":{"ephemeralKeyPair":{"pubKey":"BQgJjT/8PfqMwj+Mf4tamJfUkhG/uBuCWROP82k5EHNv","privKey":"iHDSfIa6J8zBEAfohoTZoq/3C6aXaGZpSfzS/A2v03Q="},"lastRemoteEphemeralKey":"BaR6LBpSzIWqtJTCLLFwh08oJx168coPAKs32nz6U5JB","previousCounter":0,"rootKey":"jSUNq+Qz0UJOhCyyFHmRi5qpVTYBHqq+Z7h8dpPga8U="},"indexInfo":{"baseKey":"BQkvwkHHS2jKFwhhbSl40bo8Dqh6e/0kCJ4f3NE3cSwL","baseKeyType":1,"closed":1749359984539,"used":1749359983935,"created":1749359983935,"remoteIdentityKey":"BerKWMOZJ7o0gqKiSAPWdZqHIA+ialFFVn/m9e9FNzJ9"},"_chains":{"BQgJjT/8PfqMwj+Mf4tamJfUkhG/uBuCWROP82k5EHNv":{"chainKey":{"counter":0,"key":"nvPLiUDX2gaVYw5Jh7iX91ADDZCFUd5NYn7fl7+ac+E="},"chainType":1,"messageKeys":{}}},"pendingPreKey":{"signedKeyId":1,"baseKey":"BQkvwkHHS2jKFwhhbSl40bo8Dqh6e/0kCJ4f3NE3cSwL","preKeyId":1452}},"BRZPm4WCX4oj7Ni0BnnSlmKPuLfM/uqyTqoULix5IrNG":{"registrationId":1699293321,"currentRatchet":{"ephemeralKeyPair":{"pubKey":"BQnhy9W746HP7YVmazac830loDad+pad+HcRjlTjYbwk","privKey":"GLOz+jMX4zIJPQVP3ZEM+aCRFAKzV/BrQIKb2s5zF0E="},"lastRemoteEphemeralKey":"BaR6LBpSzIWqtJTCLLFwh08oJx168coPAKs32nz6U5JB","previousCounter":0,"rootKey":"iY0Wnq0vX+8CElLmtaeSWWUr3KFaq8IZjXh1wR/vEwg="},"indexInfo":{"baseKey":"BRZPm4WCX4oj7Ni0BnnSlmKPuLfM/uqyTqoULix5IrNG","baseKeyType":1,"closed":1749359985163,"used":1749359984537,"created":1749359984537,"remoteIdentityKey":"BerKWMOZJ7o0gqKiSAPWdZqHIA+ialFFVn/m9e9FNzJ9"},"_chains":{"BQnhy9W746HP7YVmazac830loDad+pad+HcRjlTjYbwk":{"chainKey":{"counter":0,"key":"ApbFjIx5lM3B68oCtERToELpsq3L2K5uTEUztZkVemA="},"chainType":1,"messageKeys":{}}},"pendingPreKey":{"signedKeyId":1,"baseKey":"BRZPm4WCX4oj7Ni0BnnSlmKPuLfM/uqyTqoULix5IrNG","preKeyId":1516}},"BcOGZ0yg02fIL3C9SVcHS7kTpaHVSfc2ePcLG6CXP6lJ":{"registrationId":1699293321,"currentRatchet":{"ephemeralKeyPair":{"pubKey":"BQgYAAX2qRO0+gGxK57FkNce+pt1o82UFgUypQoCHE8p","privKey":"SGXEiS1lB8ddQx1Qb1cNozUg7WIqP2JEUADCHLdnXVk="},"lastRemoteEphemeralKey":"BaR6LBpSzIWqtJTCLLFwh08oJx168coPAKs32nz6U5JB","previousCounter":0,"rootKey":"8PgbwX/pxSDID/jHcF0EeHS2FAjxlWe48+Ex090L6Ac="},"indexInfo":{"baseKey":"BcOGZ0yg02fIL3C9SVcHS7kTpaHVSfc2ePcLG6CXP6lJ","baseKeyType":1,"closed":1749359985772,"used":1749359985161,"created":1749359985161,"remoteIdentityKey":"BerKWMOZJ7o0gqKiSAPWdZqHIA+ialFFVn/m9e9FNzJ9"},"_chains":{"BQgYAAX2qRO0+gGxK57FkNce+pt1o82UFgUypQoCHE8p":{"chainKey":{"counter":0,"key":"n6wnru+eWbp2qmql5/5HWBOPQhGlEmWGaWIT49QyQSo="},"chainType":1,"messageKeys":{}}},"pendingPreKey":{"signedKeyId":1,"baseKey":"BcOGZ0yg02fIL3C9SVcHS7kTpaHVSfc2ePcLG6CXP6lJ","preKeyId":1478}},"BS6K4bU33iHiftwrz1sokT4NxygC37NvL5hX1nFsD4cD":{"registrationId":1699293321,"currentRatchet":{"ephemeralKeyPair":{"pubKey":"Bfkjs9VE4oFPtuslyDLKhGPhbDnlTmuVzD9NSgloNAc2","privKey":"kKVDwyS/pIL/mCjwTjdIeHsxUulU2bZS2WZB/Ti7AGc="},"lastRemoteEphemeralKey":"BaR6LBpSzIWqtJTCLLFwh08oJx168coPAKs32nz6U5JB","previousCounter":0,"rootKey":"Zk2UUl+gTtzApo0VfbKl3l7sWz+R4VMwopNAAEm4ly8="},"indexInfo":{"baseKey":"BS6K4bU33iHiftwrz1sokT4NxygC37NvL5hX1nFsD4cD","baseKeyType":1,"closed":1749360001068,"used":1749359985769,"created":1749359985769,"remoteIdentityKey":"BerKWMOZJ7o0gqKiSAPWdZqHIA+ialFFVn/m9e9FNzJ9"},"_chains":{"Bfkjs9VE4oFPtuslyDLKhGPhbDnlTmuVzD9NSgloNAc2":{"chainKey":{"counter":0,"key":"E7Ax6H5h4UxATSjw+vajLEgla210gYxuGc3sZMU1Fng="},"chainType":1,"messageKeys":{}}},"pendingPreKey":{"signedKeyId":1,"baseKey":"BS6K4bU33iHiftwrz1sokT4NxygC37NvL5hX1nFsD4cD","preKeyId":1630}},"BetTZZoSfjI5302fwVggpSNACXNhww1fFwO6kqCak8Ra":{"registrationId":1699293321,"currentRatchet":{"ephemeralKeyPair":{"pubKey":"BQq3PzedgvBmW+g37rxQIw1/0jO9W14DXfU5QTbchSRC","privKey":"0DtSCU/d0y51yi8McIeJTTBIwmdEnigZQ7hBNuIZzGs="},"lastRemoteEphemeralKey":"BaR6LBpSzIWqtJTCLLFwh08oJx168coPAKs32nz6U5JB","previousCounter":0,"rootKey":"tm3dXnZgGEEIWZnEQjgGZGC0mwPdApN97xgVePr9KMM="},"indexInfo":{"baseKey":"BetTZZoSfjI5302fwVggpSNACXNhww1fFwO6kqCak8Ra","baseKeyType":1,"closed":1749360001382,"used":1749360001066,"created":1749360001066,"remoteIdentityKey":"BerKWMOZJ7o0gqKiSAPWdZqHIA+ialFFVn/m9e9FNzJ9"},"_chains":{"BQq3PzedgvBmW+g37rxQIw1/0jO9W14DXfU5QTbchSRC":{"chainKey":{"counter":-1,"key":"5Avug5KecjHHb44CFlVjuBPGBu3Vv28Y6gslNhEQFek="},"chainType":1,"messageKeys":{}}},"pendingPreKey":{"signedKeyId":1,"baseKey":"BetTZZoSfjI5302fwVggpSNACXNhww1fFwO6kqCak8Ra","preKeyId":882}},"Bci6PX2bXegJyodqzmPNadEK400LJmqVq7BERWiS/9t0":{"registrationId":1699293321,"currentRatchet":{"ephemeralKeyPair":{"pubKey":"Bd+pI3Gv6YhtNiZRZZvW+j1mj+xq5qNB+Py/HmsypwV4","privKey":"aBPL4Yk2oyOt4iJ3ywj2ex3sVvPdCJh7ALZNocmI0GU="},"lastRemoteEphemeralKey":"BaR6LBpSzIWqtJTCLLFwh08oJx168coPAKs32nz6U5JB","previousCounter":0,"rootKey":"G+8YaYPkqmfHdEPYa+yCA0ipzjZiqWGKWdCseJ8Bo1c="},"indexInfo":{"baseKey":"Bci6PX2bXegJyodqzmPNadEK400LJmqVq7BERWiS/9t0","baseKeyType":1,"closed":1749360002010,"used":1749360001379,"created":1749360001379,"remoteIdentityKey":"BerKWMOZJ7o0gqKiSAPWdZqHIA+ialFFVn/m9e9FNzJ9"},"_chains":{"Bd+pI3Gv6YhtNiZRZZvW+j1mj+xq5qNB+Py/HmsypwV4":{"chainKey":{"counter":0,"key":"3L67F3L8kJuZIm7X2yW+niu272Z+zH5JQBxv3MNAgxU="},"chainType":1,"messageKeys":{}}},"pendingPreKey":{"signedKeyId":1,"baseKey":"Bci6PX2bXegJyodqzmPNadEK400LJmqVq7BERWiS/9t0","preKeyId":1450}},"BVeGYCt9fwvoKEk+I5EwJ6fWxcWeWCUBBFGiE6GyEgIS":{"registrationId":1699293321,"currentRatchet":{"ephemeralKeyPair":{"pubKey":"BeeHRqW8EkC+JQRuo5WlftkZdDhg1JvJMS5/RbDhoMci","privKey":"QL+GhPR5Q7Mo6apMwPMjlmml7flyHEor3ODKg5+dZ3E="},"lastRemoteEphemeralKey":"BaR6LBpSzIWqtJTCLLFwh08oJx168coPAKs32nz6U5JB","previousCounter":0,"rootKey":"KRIpI0/yqB8DbJHds1c2mHEo7RQzQDFBOXiCy9vRBXE="},"indexInfo":{"baseKey":"BVeGYCt9fwvoKEk+I5EwJ6fWxcWeWCUBBFGiE6GyEgIS","baseKeyType":1,"closed":1749360002325,"used":1749360002008,"created":1749360002008,"remoteIdentityKey":"BerKWMOZJ7o0gqKiSAPWdZqHIA+ialFFVn/m9e9FNzJ9"},"_chains":{"BeeHRqW8EkC+JQRuo5WlftkZdDhg1JvJMS5/RbDhoMci":{"chainKey":{"counter":-1,"key":"NGpZJO+3o2X1wPskTp93l5iozPgKbfMpotGR5/A7Orw="},"chainType":1,"messageKeys":{}}},"pendingPreKey":{"signedKeyId":1,"baseKey":"BVeGYCt9fwvoKEk+I5EwJ6fWxcWeWCUBBFGiE6GyEgIS","preKeyId":1500}},"BQ5UDgYPBn1Dnqfz2fN2OXOho49PolLLM7XF/JlFIL4c":{"registrationId":1699293321,"currentRatchet":{"ephemeralKeyPair":{"pubKey":"BSPELnyJ97a8W1tco5/2dUH19rrgrtK9UttOUD52z8wm","privKey":"GGg5oWFIZijujoqk87UuSBMbgxcMStZyncuAEygabFo="},"lastRemoteEphemeralKey":"BaR6LBpSzIWqtJTCLLFwh08oJx168coPAKs32nz6U5JB","previousCounter":0,"rootKey":"/hoQ7w1CDT9Khsxsj2/FzUSWPOip5tTZUh+krsln08g="},"indexInfo":{"baseKey":"BQ5UDgYPBn1Dnqfz2fN2OXOho49PolLLM7XF/JlFIL4c","baseKeyType":1,"closed":1749360023759,"used":1749360002323,"created":1749360002323,"remoteIdentityKey":"BerKWMOZJ7o0gqKiSAPWdZqHIA+ialFFVn/m9e9FNzJ9"},"_chains":{"BSPELnyJ97a8W1tco5/2dUH19rrgrtK9UttOUD52z8wm":{"chainKey":{"counter":0,"key":"bwsc7GyC/FCBIZvn7OKlbGE4V4VuYtq9Pk3dVgjef1U="},"chainType":1,"messageKeys":{}}},"pendingPreKey":{"signedKeyId":1,"baseKey":"BQ5UDgYPBn1Dnqfz2fN2OXOho49PolLLM7XF/JlFIL4c","preKeyId":1471}},"Bd02o20HtJ5YLUj3gliDHMw3TUHCg9LgJnYMAPRyqaZa":{"registrationId":1699293321,"currentRatchet":{"ephemeralKeyPair":{"pubKey":"BULvpwrh5E0GZJROFh/GMtAxfuNG9ArSUJRp+kBPxH8L","privKey":"uFXR+t1glqvuyu/cjn2mF+ZJtjyB6TH56PbJ3oof8nc="},"lastRemoteEphemeralKey":"BaR6LBpSzIWqtJTCLLFwh08oJx168coPAKs32nz6U5JB","previousCounter":0,"rootKey":"1tL1flOKQQXC7lZgB+WqU/cEE38pd/GDiJQoKSSxC+k="},"indexInfo":{"baseKey":"Bd02o20HtJ5YLUj3gliDHMw3TUHCg9LgJnYMAPRyqaZa","baseKeyType":1,"closed":1749360025379,"used":1749360023757,"created":1749360023757,"remoteIdentityKey":"BerKWMOZJ7o0gqKiSAPWdZqHIA+ialFFVn/m9e9FNzJ9"},"_chains":{"BULvpwrh5E0GZJROFh/GMtAxfuNG9ArSUJRp+kBPxH8L":{"chainKey":{"counter":0,"key":"VgG5bbzTUNliv3S7p7qDbr23uujlfAaW0kTSGJCr2vY="},"chainType":1,"messageKeys":{}}},"pendingPreKey":{"signedKeyId":1,"baseKey":"Bd02o20HtJ5YLUj3gliDHMw3TUHCg9LgJnYMAPRyqaZa","preKeyId":915}},"BSO/5miPuXpYdzAiiQckYB3axAlNGVcVYFRsyI3lhZxh":{"registrationId":1699293321,"currentRatchet":{"ephemeralKeyPair":{"pubKey":"BeGbFAXbNoWSLE9Vb9f5Yyhpm1PW9isHUOF0n4yQdQYw","privKey":"kNFnaFsjZqZNlRL+t1sl7G9ECZ92arWOypr5TBbJI3A="},"lastRemoteEphemeralKey":"BaR6LBpSzIWqtJTCLLFwh08oJx168coPAKs32nz6U5JB","previousCounter":0,"rootKey":"UNUlcu4xUni0cit0sDlM+rAH0B0pvAjnkz6OJXSgE70="},"indexInfo":{"baseKey":"BSO/5miPuXpYdzAiiQckYB3axAlNGVcVYFRsyI3lhZxh","baseKeyType":1,"closed":1749360025984,"used":1749360025377,"created":1749360025377,"remoteIdentityKey":"BerKWMOZJ7o0gqKiSAPWdZqHIA+ialFFVn/m9e9FNzJ9"},"_chains":{"BeGbFAXbNoWSLE9Vb9f5Yyhpm1PW9isHUOF0n4yQdQYw":{"chainKey":{"counter":0,"key":"RMZqA2QFq2tiq9qNHK9k5RHVoUgVugfNAFbObqesfh4="},"chainType":1,"messageKeys":{}}},"pendingPreKey":{"signedKeyId":1,"baseKey":"BSO/5miPuXpYdzAiiQckYB3axAlNGVcVYFRsyI3lhZxh","preKeyId":1512}},"BX/BsJOIbvKCIgrm9t+t4jQ7PfvUGn7kX8mSyIbT400t":{"registrationId":1699293321,"currentRatchet":{"ephemeralKeyPair":{"pubKey":"BW5zVVZs0jALUGffclCsPdjou6YolJR7Gx/Rr5uiv/oO","privKey":"IDfVn9ygEPtjciQUkM1+Hp4xF4rqESfzSwAs9Bm6jGc="},"lastRemoteEphemeralKey":"BaR6LBpSzIWqtJTCLLFwh08oJx168coPAKs32nz6U5JB","previousCounter":0,"rootKey":"lHSUOlwPN1VH6x2s6pHEGKzoxB6jYPW51RU6tUkweCw="},"indexInfo":{"baseKey":"BX/BsJOIbvKCIgrm9t+t4jQ7PfvUGn7kX8mSyIbT400t","baseKeyType":1,"closed":1749360026585,"used":1749360025982,"created":1749360025982,"remoteIdentityKey":"BerKWMOZJ7o0gqKiSAPWdZqHIA+ialFFVn/m9e9FNzJ9"},"_chains":{"BW5zVVZs0jALUGffclCsPdjou6YolJR7Gx/Rr5uiv/oO":{"chainKey":{"counter":0,"key":"OuRDTvLIjbs1EsyLcjPkKdpi4GEH8b9/uPbUC8JAzfo="},"chainType":1,"messageKeys":{}}},"pendingPreKey":{"signedKeyId":1,"baseKey":"BX/BsJOIbvKCIgrm9t+t4jQ7PfvUGn7kX8mSyIbT400t","preKeyId":904}},"BXdnXxDgq2UR46EmWAe1/DVP1fRS6dHKxfZcgZ87grVo":{"registrationId":1699293321,"currentRatchet":{"ephemeralKeyPair":{"pubKey":"BZautM2y5Tal/fKiUI5bdrlwe5BLMdaZmRGRf0jAPOkN","privKey":"+FuswHLkPHa7XOGb8dNG+p+MEvt3/4WMFrPTlN3dC10="},"lastRemoteEphemeralKey":"BaR6LBpSzIWqtJTCLLFwh08oJx168coPAKs32nz6U5JB","previousCounter":0,"rootKey":"vLguQfqRMS3Sqp9cmw6c2lF+WibbuRAXfEs8+3J6+es="},"indexInfo":{"baseKey":"BXdnXxDgq2UR46EmWAe1/DVP1fRS6dHKxfZcgZ87grVo","baseKeyType":1,"closed":1749360027194,"used":1749360026583,"created":1749360026583,"remoteIdentityKey":"BerKWMOZJ7o0gqKiSAPWdZqHIA+ialFFVn/m9e9FNzJ9"},"_chains":{"BZautM2y5Tal/fKiUI5bdrlwe5BLMdaZmRGRf0jAPOkN":{"chainKey":{"counter":0,"key":"VWU3O8GsuGrWyRqBSvsl9RJ9Bnd3pMAh4cDsMcbfBwQ="},"chainType":1,"messageKeys":{}}},"pendingPreKey":{"signedKeyId":1,"baseKey":"BXdnXxDgq2UR46EmWAe1/DVP1fRS6dHKxfZcgZ87grVo","preKeyId":969}},"BdraLHU90GtfjOSGc/I1/qDYYlKkTlrHgqBJi9RX0sQ3":{"registrationId":1699293321,"currentRatchet":{"ephemeralKeyPair":{"pubKey":"BcDUtf6g5mZ0o1bDKPoJwXgx70ab1QynN3yqi2vaYqJG","privKey":"0PtsR81LlPlKcaDo3T7zOPG90Wz/8LXI7vAmVhZxOXE="},"lastRemoteEphemeralKey":"BaR6LBpSzIWqtJTCLLFwh08oJx168coPAKs32nz6U5JB","previousCounter":0,"rootKey":"+7cTUV1GJee+f2nj3e/TDfeA0ArSLy3/g+N/tNp0iQE="},"indexInfo":{"baseKey":"BdraLHU90GtfjOSGc/I1/qDYYlKkTlrHgqBJi9RX0sQ3","baseKeyType":1,"closed":1749360027797,"used":1749360027192,"created":1749360027192,"remoteIdentityKey":"BerKWMOZJ7o0gqKiSAPWdZqHIA+ialFFVn/m9e9FNzJ9"},"_chains":{"BcDUtf6g5mZ0o1bDKPoJwXgx70ab1QynN3yqi2vaYqJG":{"chainKey":{"counter":0,"key":"5vRqEE7EwxmjVsXhOGaCITsjgfD32eaiuRGcq5Tla9s="},"chainType":1,"messageKeys":{}}},"pendingPreKey":{"signedKeyId":1,"baseKey":"BdraLHU90GtfjOSGc/I1/qDYYlKkTlrHgqBJi9RX0sQ3","preKeyId":1462}},"BTLwhVdhG02hJfpdg2PsouArvDZ6tg0La0qLj9ciUjkD":{"registrationId":1699293321,"currentRatchet":{"ephemeralKeyPair":{"pubKey":"BUVtHT4uvajiOTLYOTynah7JyysUfS+hZ7+fel0MYtcW","privKey":"aFBCt/GAXVYaTBnXVRkzRberNoSpz+rINr0lq+OPLFE="},"lastRemoteEphemeralKey":"BaR6LBpSzIWqtJTCLLFwh08oJx168coPAKs32nz6U5JB","previousCounter":0,"rootKey":"Ge/728zaV+D32tgCkaojurWRiHvl9eaxmQmfUCSEiWM="},"indexInfo":{"baseKey":"BTLwhVdhG02hJfpdg2PsouArvDZ6tg0La0qLj9ciUjkD","baseKeyType":1,"closed":1749360028397,"used":1749360027795,"created":1749360027795,"remoteIdentityKey":"BerKWMOZJ7o0gqKiSAPWdZqHIA+ialFFVn/m9e9FNzJ9"},"_chains":{"BUVtHT4uvajiOTLYOTynah7JyysUfS+hZ7+fel0MYtcW":{"chainKey":{"counter":0,"key":"wrGdsk9aT40drVjYAhMfL1nO1xxRrn1IfWwcdYWqjzE="},"chainType":1,"messageKeys":{}}},"pendingPreKey":{"signedKeyId":1,"baseKey":"BTLwhVdhG02hJfpdg2PsouArvDZ6tg0La0qLj9ciUjkD","preKeyId":1529}},"BelZab4mAafAFeDSe678RyRSZNVTG+sdiGYkC5WM6Ak5":{"registrationId":1699293321,"currentRatchet":{"ephemeralKeyPair":{"pubKey":"BdL6UIf6u4AUOsDbgXpgphmght3jzY6JT/GFooJ8hMFP","privKey":"qANfFPJQvSIy9FNl3QHuJdPgIcVt/+xzSubLJUDDFmI="},"lastRemoteEphemeralKey":"BaR6LBpSzIWqtJTCLLFwh08oJx168coPAKs32nz6U5JB","previousCounter":0,"rootKey":"ol3u9nWGV+yFUxMi1T8XYH3WOaN5RfiBPjK1d7Vh7xs="},"indexInfo":{"baseKey":"BelZab4mAafAFeDSe678RyRSZNVTG+sdiGYkC5WM6Ak5","baseKeyType":1,"closed":1749360028995,"used":1749360028395,"created":1749360028395,"remoteIdentityKey":"BerKWMOZJ7o0gqKiSAPWdZqHIA+ialFFVn/m9e9FNzJ9"},"_chains":{"BdL6UIf6u4AUOsDbgXpgphmght3jzY6JT/GFooJ8hMFP":{"chainKey":{"counter":0,"key":"sS1enynzuf5yEjt/zUtsKfQK9myh8BE0ESC1J1t+UBw="},"chainType":1,"messageKeys":{}}},"pendingPreKey":{"signedKeyId":1,"baseKey":"BelZab4mAafAFeDSe678RyRSZNVTG+sdiGYkC5WM6Ak5","preKeyId":1001}},"BW+za2CFYAB3a5xMH4zd7ucGewNPIYA9ZrrAWsOvcGZd":{"registrationId":1699293321,"currentRatchet":{"ephemeralKeyPair":{"pubKey":"BenQ1VeNGBZd2g1tieniWJ8kueVLanS1gyD+BnTk/yoh","privKey":"YFUY82wV4gbxyu7xy8ct2S1xghJb+U3VA7Up0kI9c3g="},"lastRemoteEphemeralKey":"BaR6LBpSzIWqtJTCLLFwh08oJx168coPAKs32nz6U5JB","previousCounter":0,"rootKey":"CwxNeh8B3URAKCLwYY2x/qx9Zb3TyCdukGu6O5Gd+JU="},"indexInfo":{"baseKey":"BW+za2CFYAB3a5xMH4zd7ucGewNPIYA9ZrrAWsOvcGZd","baseKeyType":1,"closed":1749360030951,"used":1749360028993,"created":1749360028993,"remoteIdentityKey":"BerKWMOZJ7o0gqKiSAPWdZqHIA+ialFFVn/m9e9FNzJ9"},"_chains":{"BenQ1VeNGBZd2g1tieniWJ8kueVLanS1gyD+BnTk/yoh":{"chainKey":{"counter":0,"key":"owGo83RwF5iGlT2GwmPCY8KKOf4FBNlKurDw38zA7Ng="},"chainType":1,"messageKeys":{}}},"pendingPreKey":{"signedKeyId":1,"baseKey":"BW+za2CFYAB3a5xMH4zd7ucGewNPIYA9ZrrAWsOvcGZd","preKeyId":1438}},"Bb2MZg7L424SKdxJinV5E30z8abJXq/KPWCSjxGa0gVb":{"registrationId":1699293321,"currentRatchet":{"ephemeralKeyPair":{"pubKey":"BRwSfi7OdEv7fP8Otltywnyx39g02HfwUJDWO3/93go5","privKey":"YKIZB5pe071LeH+8l7lbUy7dAIJPQpFM6ci4plPcOXw="},"lastRemoteEphemeralKey":"BaR6LBpSzIWqtJTCLLFwh08oJx168coPAKs32nz6U5JB","previousCounter":0,"rootKey":"KRb87D5EXkblzPUhNRUbqc3MYt1TEyWgn3x1KpbqzsM="},"indexInfo":{"baseKey":"Bb2MZg7L424SKdxJinV5E30z8abJXq/KPWCSjxGa0gVb","baseKeyType":1,"closed":1749360031547,"used":1749360030948,"created":1749360030948,"remoteIdentityKey":"BerKWMOZJ7o0gqKiSAPWdZqHIA+ialFFVn/m9e9FNzJ9"},"_chains":{"BRwSfi7OdEv7fP8Otltywnyx39g02HfwUJDWO3/93go5":{"chainKey":{"counter":0,"key":"iNSrd5LULvJSPwpRr4haDLcJ99PVSHfPgRnUl8moYPQ="},"chainType":1,"messageKeys":{}}},"pendingPreKey":{"signedKeyId":1,"baseKey":"Bb2MZg7L424SKdxJinV5E30z8abJXq/KPWCSjxGa0gVb","preKeyId":911}},"BbyVpEzKSEuGIv0oaWC4hbeY8VWC+7aZmrevDkr0rZcu":{"registrationId":1699293321,"currentRatchet":{"ephemeralKeyPair":{"pubKey":"BZite8WNCKTxIL4NtyXOYDov4UpZ40H9DhEbF1qKWglj","privKey":"kAo/wF8PkKKAJoXz9oHPXl42ZBPpIH8eiJTO6+OQPV0="},"lastRemoteEphemeralKey":"BaR6LBpSzIWqtJTCLLFwh08oJx168coPAKs32nz6U5JB","previousCounter":0,"rootKey":"fiXdfzZ8C0oApt2asWWUmkS8lYzgSunrU7LAFYbsixg="},"indexInfo":{"baseKey":"BbyVpEzKSEuGIv0oaWC4hbeY8VWC+7aZmrevDkr0rZcu","baseKeyType":1,"closed":1749360032129,"used":1749360031545,"created":1749360031545,"remoteIdentityKey":"BerKWMOZJ7o0gqKiSAPWdZqHIA+ialFFVn/m9e9FNzJ9"},"_chains":{"BZite8WNCKTxIL4NtyXOYDov4UpZ40H9DhEbF1qKWglj":{"chainKey":{"counter":0,"key":"8HPyCxgpcT70fEXSTqxQ1OT/GKZcthKFh0SFDzcXVSE="},"chainType":1,"messageKeys":{}}},"pendingPreKey":{"signedKeyId":1,"baseKey":"BbyVpEzKSEuGIv0oaWC4hbeY8VWC+7aZmrevDkr0rZcu","preKeyId":1077}},"BbO9FofXbs/Moul8ZvdaI1xztWp9tDl+m5Fr8HxSyw1g":{"registrationId":1699293321,"currentRatchet":{"ephemeralKeyPair":{"pubKey":"Be4FYmE7TuFl9zs+2nL4Ob1Ga+nUD9MB9qImicrrnSp0","privKey":"WNa/GL+1N3wZJzmawZeYb6PYoXVgtmO1VU8b6grYUmg="},"lastRemoteEphemeralKey":"BaR6LBpSzIWqtJTCLLFwh08oJx168coPAKs32nz6U5JB","previousCounter":0,"rootKey":"A4rqv4lV+mUbxT9SJNa97vVt81ktKkBU51O3/1qa/uQ="},"indexInfo":{"baseKey":"BbO9FofXbs/Moul8ZvdaI1xztWp9tDl+m5Fr8HxSyw1g","baseKeyType":1,"closed":1749360032734,"used":1749360032127,"created":1749360032127,"remoteIdentityKey":"BerKWMOZJ7o0gqKiSAPWdZqHIA+ialFFVn/m9e9FNzJ9"},"_chains":{"Be4FYmE7TuFl9zs+2nL4Ob1Ga+nUD9MB9qImicrrnSp0":{"chainKey":{"counter":0,"key":"9wLdiBKpCdBASeoSgEbZAsddCn27bnujDNvEq5eyTtM="},"chainType":1,"messageKeys":{}}},"pendingPreKey":{"signedKeyId":1,"baseKey":"BbO9FofXbs/Moul8ZvdaI1xztWp9tDl+m5Fr8HxSyw1g","preKeyId":1637}},"BbpO555/BTCjThVHQOZ6rckq8M8rgClgAj3Ytr1P8jVG":{"registrationId":1699293321,"currentRatchet":{"ephemeralKeyPair":{"pubKey":"BWirCbF0ChaWg2hUefhe0FoPtRV+HhhYe43sUqlH9vtU","privKey":"KERMd/75Wx6c8m/HuNBPlY+P4O6jwHcHQW6C2W6O5Vs="},"lastRemoteEphemeralKey":"BaR6LBpSzIWqtJTCLLFwh08oJx168coPAKs32nz6U5JB","previousCounter":0,"rootKey":"y6y8eGonvedEGMb1UkDKpGpJJnpcl14dC11u8nNB5y8="},"indexInfo":{"baseKey":"BbpO555/BTCjThVHQOZ6rckq8M8rgClgAj3Ytr1P8jVG","baseKeyType":1,"closed":1749360033326,"used":1749360032732,"created":1749360032732,"remoteIdentityKey":"BerKWMOZJ7o0gqKiSAPWdZqHIA+ialFFVn/m9e9FNzJ9"},"_chains":{"BWirCbF0ChaWg2hUefhe0FoPtRV+HhhYe43sUqlH9vtU":{"chainKey":{"counter":0,"key":"l27PREU4Iurh0FIpy0BX9hLCcPemiGknDTlrt6H7mow="},"chainType":1,"messageKeys":{}}},"pendingPreKey":{"signedKeyId":1,"baseKey":"BbpO555/BTCjThVHQOZ6rckq8M8rgClgAj3Ytr1P8jVG","preKeyId":1065}},"BQc7LdWstgkcb8YbhI+DKxGKw/J0MazE9cpbWVBfqTlZ":{"registrationId":1699293321,"currentRatchet":{"ephemeralKeyPair":{"pubKey":"BS96IlcVdlAaSaNcTJIxJdOhKIvFjshMV2tBFi5ydJY7","privKey":"aLswcfthfMCYdK8YX3pduzGP2+FYotoU/G+33ZXP5E8="},"lastRemoteEphemeralKey":"BaR6LBpSzIWqtJTCLLFwh08oJx168coPAKs32nz6U5JB","previousCounter":0,"rootKey":"oLIoRqSHzWeHGAMiPBmjUV/GD5x+dO9KZR67qb916AA="},"indexInfo":{"baseKey":"BQc7LdWstgkcb8YbhI+DKxGKw/J0MazE9cpbWVBfqTlZ","baseKeyType":1,"closed":1749360033909,"used":1749360033324,"created":1749360033324,"remoteIdentityKey":"BerKWMOZJ7o0gqKiSAPWdZqHIA+ialFFVn/m9e9FNzJ9"},"_chains":{"BS96IlcVdlAaSaNcTJIxJdOhKIvFjshMV2tBFi5ydJY7":{"chainKey":{"counter":0,"key":"jg7djzCnt4vkaVBUZGApNVH4UdlvZbw0jH+TP4Jq8ZU="},"chainType":1,"messageKeys":{}}},"pendingPreKey":{"signedKeyId":1,"baseKey":"BQc7LdWstgkcb8YbhI+DKxGKw/J0MazE9cpbWVBfqTlZ","preKeyId":1435}},"Bau66enYhL30INGvYEzc+5pB9514TdNEcSL1508UAVki":{"registrationId":1699293321,"currentRatchet":{"ephemeralKeyPair":{"pubKey":"BUWqkUnk1aCGLt6I2A8pGadL3sRBc0kGjmr2W1QNq+wo","privKey":"SGt94Bn2aSud9WYnyUUrvv59BIfr/dnI85YFiqX1EGs="},"lastRemoteEphemeralKey":"BaR6LBpSzIWqtJTCLLFwh08oJx168coPAKs32nz6U5JB","previousCounter":0,"rootKey":"23uLp2lQ9mSt8Gu1RyhnwvsC8zQPRDgqG4nzjzfO+w0="},"indexInfo":{"baseKey":"Bau66enYhL30INGvYEzc+5pB9514TdNEcSL1508UAVki","baseKeyType":1,"closed":1749360034495,"used":1749360033907,"created":1749360033907,"remoteIdentityKey":"BerKWMOZJ7o0gqKiSAPWdZqHIA+ialFFVn/m9e9FNzJ9"},"_chains":{"BUWqkUnk1aCGLt6I2A8pGadL3sRBc0kGjmr2W1QNq+wo":{"chainKey":{"counter":0,"key":"46hQpQANrtKV+OUHLlcnzpQPN1wiar5zTF/ec0Y9wvs="},"chainType":1,"messageKeys":{}}},"pendingPreKey":{"signedKeyId":1,"baseKey":"Bau66enYhL30INGvYEzc+5pB9514TdNEcSL1508UAVki","preKeyId":1027}},"BZVbuO+WC+oTBPH6va+GXjTMTzXE2jBt52O6GZpScTA9":{"registrationId":1699293321,"currentRatchet":{"ephemeralKeyPair":{"pubKey":"BfI/8RlBq1J5SPwzQOuXvTau3cU3COf2tQHhT5jUR2h3","privKey":"WOJcGjIVVn63NBgTC6EjDaA2p0tMU0T7VEpi8hyff1g="},"lastRemoteEphemeralKey":"BaR6LBpSzIWqtJTCLLFwh08oJx168coPAKs32nz6U5JB","previousCounter":0,"rootKey":"GKif290E4eqo0rjBXGl9HMFf1lTNwiQokPDZ8iAm4k4="},"indexInfo":{"baseKey":"BZVbuO+WC+oTBPH6va+GXjTMTzXE2jBt52O6GZpScTA9","baseKeyType":1,"closed":1749360035102,"used":1749360034493,"created":1749360034493,"remoteIdentityKey":"BerKWMOZJ7o0gqKiSAPWdZqHIA+ialFFVn/m9e9FNzJ9"},"_chains":{"BfI/8RlBq1J5SPwzQOuXvTau3cU3COf2tQHhT5jUR2h3":{"chainKey":{"counter":0,"key":"oyB/KLjZtc3ajrq1IwPLctWP69TOn0sjPv2kVBDTS5o="},"chainType":1,"messageKeys":{}}},"pendingPreKey":{"signedKeyId":1,"baseKey":"BZVbuO+WC+oTBPH6va+GXjTMTzXE2jBt52O6GZpScTA9","preKeyId":895}},"BbfaAMVSBxLLZeznwMZUq49WFJoVWZ/q6vhHaYFkPWNn":{"registrationId":1699293321,"currentRatchet":{"ephemeralKeyPair":{"pubKey":"Bcwr+PzRF8sx6iiigTtSD5VGf/4Ll2IUlFHpRYAJq4c6","privKey":"2Drb+AjiH8L22vd/Uh2XpnrL4VtAbmn9vd0cDG8nQl0="},"lastRemoteEphemeralKey":"BaR6LBpSzIWqtJTCLLFwh08oJx168coPAKs32nz6U5JB","previousCounter":0,"rootKey":"iU31CoDfi/7xUdW97+ieBxu0jTRPdr7tavq6hTaF294="},"indexInfo":{"baseKey":"BbfaAMVSBxLLZeznwMZUq49WFJoVWZ/q6vhHaYFkPWNn","baseKeyType":1,"closed":1749360035692,"used":1749360035101,"created":1749360035101,"remoteIdentityKey":"BerKWMOZJ7o0gqKiSAPWdZqHIA+ialFFVn/m9e9FNzJ9"},"_chains":{"Bcwr+PzRF8sx6iiigTtSD5VGf/4Ll2IUlFHpRYAJq4c6":{"chainKey":{"counter":0,"key":"G4TE5/Zcl54jxKcf7qrUl96Fk8M9tlHbiEv+OyNlspE="},"chainType":1,"messageKeys":{}}},"pendingPreKey":{"signedKeyId":1,"baseKey":"BbfaAMVSBxLLZeznwMZUq49WFJoVWZ/q6vhHaYFkPWNn","preKeyId":1084}},"BS0WtuXxwiDhq35HppGqFenqTwY7FnME4Cs5qFG7r6wR":{"registrationId":1699293321,"currentRatchet":{"ephemeralKeyPair":{"pubKey":"BagIj2sCQPmZUaCSE2fo6q4ANGxP31m/ocoEoNpU4sNX","privKey":"yG8LKVtwkLB3B0nuvQxoTLs3KTTd+tPh4N0R0QzgHV8="},"lastRemoteEphemeralKey":"BaR6LBpSzIWqtJTCLLFwh08oJx168coPAKs32nz6U5JB","previousCounter":0,"rootKey":"LauNuTpcxBWNxwgNce4iMgnumcf8JhEoYzYTBzNjkZo="},"indexInfo":{"baseKey":"BS0WtuXxwiDhq35HppGqFenqTwY7FnME4Cs5qFG7r6wR","baseKeyType":1,"closed":-1,"used":1749360035690,"created":1749360035690,"remoteIdentityKey":"BerKWMOZJ7o0gqKiSAPWdZqHIA+ialFFVn/m9e9FNzJ9"},"_chains":{"BagIj2sCQPmZUaCSE2fo6q4ANGxP31m/ocoEoNpU4sNX":{"chainKey":{"counter":34,"key":"wgJFWDEh4akf17JNSAz4/8a1uV41ZvyTWq1tIKqjcv8="},"chainType":1,"messageKeys":{}}},"pendingPreKey":{"signedKeyId":1,"baseKey":"BS0WtuXxwiDhq35HppGqFenqTwY7FnME4Cs5qFG7r6wR","preKeyId":1453}}},"version":"v1"}