{"_sessions":{"BTdY3JUjXPcooNXxarEcfc84vU+A4Pgv2/yABm1duMQA":{"registrationId":2139889115,"currentRatchet":{"ephemeralKeyPair":{"pubKey":"BZSTVe8fBnBIv2hS38zcaXeGtlPpBNNmQDuxBjz1WnRD","privKey":"sGAAnlVAYCXT4eWQKlYRFXbHx5m/2yZhNGb8XWOysm8="},"lastRemoteEphemeralKey":"BQPlfs34NRq1sp1NSzsWQJ0/dGB2mIR7cwRxU97d9NIh","previousCounter":0,"rootKey":"TuRmzwxqN0IG1tEuEOsu60mGooaTgvfUtoxdtIQ6s8U="},"indexInfo":{"baseKey":"BTdY3JUjXPcooNXxarEcfc84vU+A4Pgv2/yABm1duMQA","baseKeyType":1,"closed":-1,"used":1749274781219,"created":1749274781219,"remoteIdentityKey":"BY5mz+pB4T3eIkOH4APlLfhTZ91d8G7f/XA06nv+KJEm"},"_chains":{"BZSTVe8fBnBIv2hS38zcaXeGtlPpBNNmQDuxBjz1WnRD":{"chainKey":{"counter":93,"key":"Mi9oHZ7w1NQaEMrtEAalmZFcEJW3wHl+0n8sdeeAAMw="},"chainType":1,"messageKeys":{}}},"pendingPreKey":{"signedKeyId":3,"baseKey":"BTdY3JUjXPcooNXxarEcfc84vU+A4Pgv2/yABm1duMQA","preKeyId":3270057}}},"version":"v1"}