{"_sessions":{"BQ5yA0uqH9VbqmAj9s4cfJOOdzPV0BcT3NhOO4aYZ190":{"registrationId":298228429,"currentRatchet":{"ephemeralKeyPair":{"pubKey":"BYE5VaOhbPtBNfrhR8GI+PBeOcNxox/y+Zc/h9h5b8xQ","privKey":"6Phn9D2xxGVDb5Efzeqv4BEDt/qNeaw/qRvIAwqV+W8="},"lastRemoteEphemeralKey":"BWDAVdaRzyF2NuqIpyf7zMbQ7kOp6Lke1xh9DEMPX+ZX","previousCounter":8,"rootKey":"Wn0Yo7lC1Pe+pmQJdgKCB1zkXC1xisW7wif09SAQLiE="},"indexInfo":{"baseKey":"BQ5yA0uqH9VbqmAj9s4cfJOOdzPV0BcT3NhOO4aYZ190","baseKeyType":1,"closed":-1,"used":1749350665729,"created":1749274781058,"remoteIdentityKey":"BQ9l9qL31HeC+QRjNS4pREtHgR1n4aGvbUmcc9BKGKJP"},"_chains":{"BSurY6F7Yjyp8ZOdcGoJEjZ7qatME3cIQ7fHZRLw1+Qr":{"chainKey":{"counter":0},"chainType":2,"messageKeys":{}},"BWDAVdaRzyF2NuqIpyf7zMbQ7kOp6Lke1xh9DEMPX+ZX":{"chainKey":{"counter":0,"key":"gW4G7D7rR/b56ABaPPLFYkn5t3ESiTLkEwo2/oM4Hs4="},"chainType":2,"messageKeys":{}},"BYE5VaOhbPtBNfrhR8GI+PBeOcNxox/y+Zc/h9h5b8xQ":{"chainKey":{"counter":60,"key":"c9muvdK8wRPun42ttqBsjPBUx+uG1cIyviXfBaVHHm0="},"chainType":1,"messageKeys":{}}}}},"version":"v1"}