{"_sessions":{"Bdat4kctjI1gUNQU+6djANyoKPh1mtBQ7FOfYQeUcEtt":{"registrationId":63,"currentRatchet":{"ephemeralKeyPair":{"pubKey":"BfPSJcm+hZISmqzY69+EgtXhWSZDwv9M6JvUFHYxxqBd","privKey":"AKZGy58KlvVmOaBonuunk9j1GDxl9XHuJ5vNv838DkQ="},"lastRemoteEphemeralKey":"BT5jlkAQVU0a9RP+m5xGKtfbfYjqI3tHrHftho35vE83","previousCounter":0,"rootKey":"LxZkNrHWtkkQEWCvljQ5PYokcvV5zm7YIT/q1DEa5Bs="},"indexInfo":{"baseKey":"Bdat4kctjI1gUNQU+6djANyoKPh1mtBQ7FOfYQeUcEtt","baseKeyType":1,"closed":-1,"used":1749289555651,"created":1749289555651,"remoteIdentityKey":"BRRfQlDRkMahxI61mMujXaq0GvPQGBF2sPJ8ubK2N+x6"},"_chains":{"BfPSJcm+hZISmqzY69+EgtXhWSZDwv9M6JvUFHYxxqBd":{"chainKey":{"counter":79,"key":"rYITzDtXEeELeEPs7I5SumxRjCGbNNwZSliQ2TvJIhI="},"chainType":1,"messageKeys":{}}},"pendingPreKey":{"signedKeyId":1,"baseKey":"Bdat4kctjI1gUNQU+6djANyoKPh1mtBQ7FOfYQeUcEtt"}}},"version":"v1"}