{"_sessions":{"BYiAwt39IGt1YaNo0CHDd99M0KOLKlTZZmqO7gxJUtw8":{"registrationId":2199,"currentRatchet":{"ephemeralKeyPair":{"pubKey":"BbfBib+feSLgaDiInJ8CAhgolpWU4PiC0C7O+uO3kwRH","privKey":"0ND45XqtL5774y5mO/OMkfxzMKD6Iq31Y2p63miV5kw="},"lastRemoteEphemeralKey":"BTwEEQTVaTDg9u0etlC98wXY/DoRmjP0mBBvLjRsxFls","previousCounter":0,"rootKey":"6pvMfV2VvHGYsPJGpxQ3vTBF5LJSuWU/AwKiXAiO2DU="},"indexInfo":{"baseKey":"BYiAwt39IGt1YaNo0CHDd99M0KOLKlTZZmqO7gxJUtw8","baseKeyType":1,"closed":-1,"used":1749274780660,"created":1749274780660,"remoteIdentityKey":"BWkZsYBWwWFYH6eq5mTkJA9OoSMnKxQ+4M4ba0mmNaNP"},"_chains":{"BbfBib+feSLgaDiInJ8CAhgolpWU4PiC0C7O+uO3kwRH":{"chainKey":{"counter":32,"key":"CGxLVTJJBsu0cY6L1xDIT1Bru0NtWjJWjHKE7gDGeaU="},"chainType":1,"messageKeys":{}}},"pendingPreKey":{"signedKeyId":1,"baseKey":"BYiAwt39IGt1YaNo0CHDd99M0KOLKlTZZmqO7gxJUtw8","preKeyId":796}}},"version":"v1"}