{"_sessions":{"Ba3u40Si5LyydwBZjPwy/jyr2cVCVaAaa4899hNTXMgN":{"registrationId":701904026,"currentRatchet":{"ephemeralKeyPair":{"pubKey":"BcCtJocpAHoYSSZHrI5TI93CBTuojAASQSl4OIJOubJ/","privKey":"iJfw/osnVZ+BM/cGGI0wpsoRljuTOb8xOuWxLFVkaXI="},"lastRemoteEphemeralKey":"BQRGndUFFlJC5LGCae9I9dNu/9FlU9a8n/hN2SxxNKZ/","previousCounter":0,"rootKey":"pIB4ov1O+o8CRl2u1Zen+SYaxFuNMv2NZVggM33XVyQ="},"indexInfo":{"baseKey":"Ba3u40Si5LyydwBZjPwy/jyr2cVCVaAaa4899hNTXMgN","baseKeyType":1,"closed":-1,"used":1749274781076,"created":1749274781076,"remoteIdentityKey":"BVlVqRC+fJmisxx3Ny6co5PSekh9I+1R2i17960BAsAA"},"_chains":{"BcCtJocpAHoYSSZHrI5TI93CBTuojAASQSl4OIJOubJ/":{"chainKey":{"counter":93,"key":"yeezPaa541oNn5KZLGp8Q3sxv/YGJ4HlV3O09OEHbQw="},"chainType":1,"messageKeys":{}}},"pendingPreKey":{"signedKeyId":5,"baseKey":"Ba3u40Si5LyydwBZjPwy/jyr2cVCVaAaa4899hNTXMgN","preKeyId":4139947}}},"version":"v1"}