{"_sessions":{"Bb8HXF3k4kFVehfSn6vI0biEaKnXJ7VJxRv6cCB6/cpj":{"registrationId":1194336764,"currentRatchet":{"ephemeralKeyPair":{"pubKey":"BX2ZcDp1m/8JCre++gRSRusBmAw+q3QQYjmSJ2n8I3I7","privKey":"YGZiEOQT5PrEL2bWlTI45RM/mTG51qZ2SMw1fAzIZWQ="},"lastRemoteEphemeralKey":"BSxDgkGHQWF2zSWBnbCLmiMFHinHelsceF7LBgpWoFEZ","previousCounter":15,"rootKey":"UfAZ4OzcIMsSOvFpRDhqAFNlDFFgXRCCJG3Zrxas7jM="},"indexInfo":{"baseKey":"Bb8HXF3k4kFVehfSn6vI0biEaKnXJ7VJxRv6cCB6/cpj","baseKeyType":1,"closed":-1,"used":1749383571067,"created":1749274780918,"remoteIdentityKey":"BZFrM0KD722yceVuTnoYz14B2OXEb8vbzhnqzMurVYce"},"_chains":{"BSLukisEgYwBHkqfc7yVaXQOxRhkhYfBAQp0G+KAEJZZ":{"chainKey":{"counter":1},"chainType":2,"messageKeys":{}},"BT7WXAabqxQjMhUlxLbHPm7oOLRgBi0OBwjLMzJbLmVZ":{"chainKey":{"counter":1},"chainType":2,"messageKeys":{"0":"ob5ol18iLyZkYhC3eYWQtaOdjT4DYyz4zejym2xbKGw="}},"BSxDgkGHQWF2zSWBnbCLmiMFHinHelsceF7LBgpWoFEZ":{"chainKey":{"counter":1,"key":"MfBbNuq3Hv0K6O6uY6EHQGV3V4Cuw2HDtpw7GoMhJ5Q="},"chainType":2,"messageKeys":{"0":"uOTfEP1NLVVQlbAYfu4sPlTz5vTnnJwxJbU76yVSkaI="}},"BX2ZcDp1m/8JCre++gRSRusBmAw+q3QQYjmSJ2n8I3I7":{"chainKey":{"counter":32,"key":"ePyvWDEIe6/ZnKfBrPPCimolUnGDsLIaqq5wVCxX7dY="},"chainType":1,"messageKeys":{}}}}},"version":"v1"}