{"_sessions":{"BfGt4LofPi68KxCQL256igESLGiSzTnaewPq+Gh+0zYb":{"registrationId":1830872239,"currentRatchet":{"ephemeralKeyPair":{"pubKey":"BfZGzd3BGAo9L1cGJjuiqnPx/rEXxURrmVFxDtgFFNJp","privKey":"qDFbwvEiDGxEPhPUYwCxIC4neZJdHl48lL7pbnPJ9l0="},"lastRemoteEphemeralKey":"BT758O1ZidDeCLeTstkt7Y48Ob3LxoggPHfLeCFXbIlH","previousCounter":0,"rootKey":"P6FoJAW37umF0ByQ4dC7alpEbgAaeq/zwVgoSQ0zS+I="},"indexInfo":{"baseKey":"BfGt4LofPi68KxCQL256igESLGiSzTnaewPq+Gh+0zYb","baseKeyType":1,"closed":-1,"used":1749274780927,"created":1749274780927,"remoteIdentityKey":"BUt/ecYAIoXPCRhfLhIBveFUMwFLRa5o0Yk7/5OVoktp"},"_chains":{"BfZGzd3BGAo9L1cGJjuiqnPx/rEXxURrmVFxDtgFFNJp":{"chainKey":{"counter":93,"key":"iiH93iKLG/0z/fTG9nSprBNfw7Bes4l5k7g77BiD/wY="},"chainType":1,"messageKeys":{}}},"pendingPreKey":{"signedKeyId":4,"baseKey":"BfGt4LofPi68KxCQL256igESLGiSzTnaewPq+Gh+0zYb","preKeyId":2161107}}},"version":"v1"}