{"_sessions":{"BSHo70ukO/LHRGH6mR6QL8CGOvSoBK4uZODZhBrgApMA":{"registrationId":1944441250,"currentRatchet":{"ephemeralKeyPair":{"pubKey":"BbG4L6wpjj/3/sgmP7QloupSnzWnMB1I1EMN8PalqwJU","privKey":"ILofP8lLxvjuhk4M7iflft80PwKLO1iGPD09Lj2tFHQ="},"lastRemoteEphemeralKey":"BV7mJK3bVVFYzEF23cQln/To5x4nCkLFvxfyVR+dT0Rl","previousCounter":0,"rootKey":"qX+bNOCKEzer3415XrlHkn7n4L4Jw94+KnqIMQgUqGU="},"indexInfo":{"baseKey":"BSHo70ukO/LHRGH6mR6QL8CGOvSoBK4uZODZhBrgApMA","baseKeyType":1,"closed":1749283090612,"used":1749274781010,"created":1749274781010,"remoteIdentityKey":"Bcbii59eG5lQBchOTBpelP+HiXzP/S+9EqkBhsggahMl"},"_chains":{"BbG4L6wpjj/3/sgmP7QloupSnzWnMB1I1EMN8PalqwJU":{"chainKey":{"counter":4,"key":"goDStlLDe3zhjj84wV2DACKOkYMbMPhUVoFD7Pq6ySs="},"chainType":1,"messageKeys":{}}},"pendingPreKey":{"signedKeyId":0,"baseKey":"BSHo70ukO/LHRGH6mR6QL8CGOvSoBK4uZODZhBrgApMA","preKeyId":3824900}},"BdrbtjcyUFQEUJbKQrKnp9/NKbLH9MEsscZqotJTXoZY":{"registrationId":1944441250,"currentRatchet":{"ephemeralKeyPair":{"pubKey":"BZdjWyREEgWjfFxxsDGl/hMdr/fwnMTM2hLQjRyK+jxh","privKey":"qB4aPCLHcVmNtrXpoPI+k+9137Di62CF3nsjBRSCXVg="},"lastRemoteEphemeralKey":"BV7mJK3bVVFYzEF23cQln/To5x4nCkLFvxfyVR+dT0Rl","previousCounter":0,"rootKey":"WvULhtDCwVUfd6FIT6m85f0ONZqxXl3oqCQOsEK9cNk="},"indexInfo":{"baseKey":"BdrbtjcyUFQEUJbKQrKnp9/NKbLH9MEsscZqotJTXoZY","baseKeyType":1,"closed":1749283092059,"used":1749283090609,"created":1749283090609,"remoteIdentityKey":"Bcbii59eG5lQBchOTBpelP+HiXzP/S+9EqkBhsggahMl"},"_chains":{"BZdjWyREEgWjfFxxsDGl/hMdr/fwnMTM2hLQjRyK+jxh":{"chainKey":{"counter":0,"key":"ejVNrAZG7v3WIiLSQO4e7I6f1Nb/IefsaJJq3AHUu2k="},"chainType":1,"messageKeys":{}}},"pendingPreKey":{"signedKeyId":0,"baseKey":"BdrbtjcyUFQEUJbKQrKnp9/NKbLH9MEsscZqotJTXoZY"}},"BZPrdxFbjCe/o+4Z50N4KDxIqJFyAD6YyOkgptNlbVsG":{"registrationId":1944441250,"currentRatchet":{"ephemeralKeyPair":{"pubKey":"BQM7Rj5do2XjBczHOCvmDhiC64+6sCcu1SpdtuMmM64p","privKey":"sMr0x9ZZHMO/riMQ48KUFaZliVo6pQ+dpLbtJw/yQkg="},"lastRemoteEphemeralKey":"BUyPlaQDgq5YMqYWsvwZ+RQHDylasZ8VYZCfXjcYm7kY","previousCounter":8,"rootKey":"BoeLd0bKuXq5rW9INU+N2WKpBuxpO/kFp9Fth7cmdqg="},"indexInfo":{"baseKey":"BZPrdxFbjCe/o+4Z50N4KDxIqJFyAD6YyOkgptNlbVsG","baseKeyType":1,"closed":-1,"used":1749354133636,"created":1749283092055,"remoteIdentityKey":"Bcbii59eG5lQBchOTBpelP+HiXzP/S+9EqkBhsggahMl"},"_chains":{"BTKiZqvrLAySKJsH4Zck9tGNCWsD0ZarG8iOsI09FgBz":{"chainKey":{"counter":0},"chainType":2,"messageKeys":{}},"BeDvGIuN0Kya19mEp4H7SdO63QtW+o8oq5jxlPXTfmAL":{"chainKey":{"counter":1},"chainType":2,"messageKeys":{}},"BReYuL67Zc7JZQcwGIAluBX3tSjIn66cAAbMOov8OJZM":{"chainKey":{"counter":0},"chainType":2,"messageKeys":{}},"BUyPlaQDgq5YMqYWsvwZ+RQHDylasZ8VYZCfXjcYm7kY":{"chainKey":{"counter":0,"key":"gjRqwOsh9kxdaUvQSck7gnSE/7cu+4EXqZ+2tDUUwbY="},"chainType":2,"messageKeys":{}},"BQM7Rj5do2XjBczHOCvmDhiC64+6sCcu1SpdtuMmM64p":{"chainKey":{"counter":59,"key":"rtIgihPY/hZzddE0Pw8QPfehzX8AzbMyYg3I8HO0d0M="},"chainType":1,"messageKeys":{}}}}},"version":"v1"}