{"_sessions":{"Be58eNxywyKuNIkZRw/+RWgPC8krLOanCJVbLkDAPZhY":{"registrationId":109,"currentRatchet":{"ephemeralKeyPair":{"pubKey":"BdT1Q4QZ/OhIW7ZCAPc5bIjdeECtUmnJugAmi3lVMB40","privKey":"2GWr56gAdHF+JisJ1MIVmv3i8r3AkdqCuSbv1IqL/2Q="},"lastRemoteEphemeralKey":"BchPD5NM42Z36LWRjoekFvzVspMk/epoDiVKwlyYWWQa","previousCounter":0,"rootKey":"ESl5YuqzMVxV2fP/v3yYsv9K1kXFRw+PNP14AjhJO/M="},"indexInfo":{"baseKey":"Be58eNxywyKuNIkZRw/+RWgPC8krLOanCJVbLkDAPZhY","baseKeyType":1,"closed":-1,"used":1749274780713,"created":1749274780713,"remoteIdentityKey":"BRN4VT0kVyhsFiXGu4LigNJU1uqQDbsumUwXq/GE/Zpo"},"_chains":{"BdT1Q4QZ/OhIW7ZCAPc5bIjdeECtUmnJugAmi3lVMB40":{"chainKey":{"counter":11,"key":"y6tEIeOeZ8NXJxjdlAHt3nEMzR42FlMB+R7VNx9aDB8="},"chainType":1,"messageKeys":{}}},"pendingPreKey":{"signedKeyId":1,"baseKey":"Be58eNxywyKuNIkZRw/+RWgPC8krLOanCJVbLkDAPZhY"}}},"version":"v1"}