{"_sessions":{"BTLAIsi7Sd/lIrDOzCggv+6R+nQXJyZutwpRivHlHuY3":{"registrationId":533855213,"currentRatchet":{"ephemeralKeyPair":{"pubKey":"BbFXM2fQbPjV/hTpcctsfhuE9nH/jTjPD8K+5QfRoIB3","privKey":"iMGFUraFpqQhk9qf/qPP92pSjhZpFkSFCLYw/2bJ6FA="},"lastRemoteEphemeralKey":"BSj9V2KhN2nWJ6RXw+T4L6NH/VkpsV29y1ScYd32JiEi","previousCounter":33,"rootKey":"Kw44PZzRefyG+OsQMrwaDSgq1brfdjyZglzBGwa0inY="},"indexInfo":{"baseKey":"BTLAIsi7Sd/lIrDOzCggv+6R+nQXJyZutwpRivHlHuY3","baseKeyType":1,"closed":-1,"used":1749352717083,"created":1749274780694,"remoteIdentityKey":"Bf6GNmtcg0xD9dAjw4E+WmX2UHy9lkmrV0tJGnq6dMYO"},"_chains":{"BSj9V2KhN2nWJ6RXw+T4L6NH/VkpsV29y1ScYd32JiEi":{"chainKey":{"counter":1,"key":"81LKGD19a1OGpnEyMoqGF1JBk31tDtCrFAsdXWblLiQ="},"chainType":2,"messageKeys":{}},"BbFXM2fQbPjV/hTpcctsfhuE9nH/jTjPD8K+5QfRoIB3":{"chainKey":{"counter":59,"key":"AV6d87Ti1bvY7wAjV68NZX4isDpyr6pA89m/vU/SBZU="},"chainType":1,"messageKeys":{}}}}},"version":"v1"}