{"_sessions":{"Bcidm0VTo2qbvrvKSBSGMC7Rr6d3XuXC0aYoYYnzQV58":{"registrationId":1656983992,"currentRatchet":{"ephemeralKeyPair":{"pubKey":"BWk6ySULGplyJu9w79OR9Sdb/xmmrXqiC4YC/mdLHpFq","privKey":"4BLIC6tZQd6OJqpnPznchInhDQ06/Bi1eRFl+ipWG28="},"lastRemoteEphemeralKey":"Be9kZFR2Lf3lgucRLIyNsKRQPX0npB7C28QAzeaXbwBI","previousCounter":0,"rootKey":"WO3PAR7tRn0C8fx/sEQZ5jOlDZtZiudPzrJzmkjATAk="},"indexInfo":{"baseKey":"Bcidm0VTo2qbvrvKSBSGMC7Rr6d3XuXC0aYoYYnzQV58","baseKeyType":1,"closed":-1,"used":1749274780989,"created":1749274780989,"remoteIdentityKey":"BYs4E218CZOVRhZQp5lHrWKZsSvf4QzUPowI3j93FNhh"},"_chains":{"BWk6ySULGplyJu9w79OR9Sdb/xmmrXqiC4YC/mdLHpFq":{"chainKey":{"counter":93,"key":"XW6OEHsMv3WP1Yn+deq4OiBQ+sZ+BxPGB0b1gAmSwmg="},"chainType":1,"messageKeys":{}}},"pendingPreKey":{"signedKeyId":4,"baseKey":"Bcidm0VTo2qbvrvKSBSGMC7Rr6d3XuXC0aYoYYnzQV58"}}},"version":"v1"}