{"_sessions":{"BRjurwL/XjnIvMdc9/HWfg9VWebYZh4FsGIz08713848":{"registrationId":1023798413,"currentRatchet":{"ephemeralKeyPair":{"pubKey":"BZa9q0U2FJoY9sfNxVygVUc/CmCWHxQWQCgblaUgjtcS","privKey":"6IEuYf0GIvE0VDj3a+/iW/llnfoSj6PqBBdbayrIv34="},"lastRemoteEphemeralKey":"BRDQ8Rzt1VAsaxXtXtP9eMmR7MzrA9wvp7qUht9v/EUI","previousCounter":0,"rootKey":"JMaQvJDFjJo0/FpatLgMNjVqxaPEycrDOv8nJCdrEq4="},"indexInfo":{"baseKey":"BRjurwL/XjnIvMdc9/HWfg9VWebYZh4FsGIz08713848","baseKeyType":1,"closed":-1,"used":1749305578866,"created":1749305578866,"remoteIdentityKey":"BSFczN0Tl5eVGESTWY4gns6VktXpKrGeuhPDpJtdR1Es"},"_chains":{"BZa9q0U2FJoY9sfNxVygVUc/CmCWHxQWQCgblaUgjtcS":{"chainKey":{"counter":42,"key":"RrVDVMsdgYJmMaWee9ojBN01wHpD0dd5yH3/pT94/Vs="},"chainType":1,"messageKeys":{}}},"pendingPreKey":{"signedKeyId":0,"baseKey":"BRjurwL/XjnIvMdc9/HWfg9VWebYZh4FsGIz08713848","preKeyId":785}}},"version":"v1"}