{"_sessions":{"BXkTBVK0shWG7N+suGUDo1ntIqnFD+6Pp7UFF/y/JBt8":{"registrationId":876853926,"currentRatchet":{"ephemeralKeyPair":{"pubKey":"BVRfU23XrMLiriCdegL//CnUFCA3VcGO2ripd2IZYxRY","privKey":"wEBFga7utVVmcmMa005WPxbdmEdnH8vvkH3a9vNyAG4="},"lastRemoteEphemeralKey":"BZw5qNcsK7A/U0BAfKL09fxw5a9v3EorANEHuvZEYe0v","previousCounter":16,"rootKey":"nodxLFcVpm0UlniA+EHVxAcs3Iz5TDL75J9BWXy0QVU="},"indexInfo":{"baseKey":"BXkTBVK0shWG7N+suGUDo1ntIqnFD+6Pp7UFF/y/JBt8","baseKeyType":1,"closed":-1,"used":1749384536560,"created":1749274781022,"remoteIdentityKey":"BXsVf5ChDIwQ4czr2ByKdSBxjjW5v0yrJrZVARO7qMpT"},"_chains":{"BZPJnHYYvFX+M3EaR52oOMbzzo036QVTXM7JpAmNKekm":{"chainKey":{"counter":0},"chainType":2,"messageKeys":{}},"Be5+Fh340EMAQxCzDApvwaTSYAePVk3hg1AA3A1Bssxj":{"chainKey":{"counter":0},"chainType":2,"messageKeys":{}},"BZw5qNcsK7A/U0BAfKL09fxw5a9v3EorANEHuvZEYe0v":{"chainKey":{"counter":0,"key":"xz5vmfY0/iF/38sCUy+4Ez7RRA/rHJHX/3oKaSGcd64="},"chainType":2,"messageKeys":{}},"BVRfU23XrMLiriCdegL//CnUFCA3VcGO2ripd2IZYxRY":{"chainKey":{"counter":-1,"key":"UouoVat8BVPSKXae8E9RoMl3ZbFbJCUyZH9IONi48/4="},"chainType":1,"messageKeys":{}}}}},"version":"v1"}