{"_sessions":{"BaSOdVc748r33XVUbcuqehcOP5a0zaZLm1gB3mFZwx5u":{"registrationId":1580054616,"currentRatchet":{"ephemeralKeyPair":{"pubKey":"BUQDRO5JDuBHiHSgmQYQqfb4T0K45/QDj+ngf5tPz1l1","privKey":"QKhIbAK3OHzQkzstv+sWADliwmZshg/3pChKZYmDC0w="},"lastRemoteEphemeralKey":"BcJw4nJhhW2uwah1+mpmXqmOTYPuDkFs0RqrklYXZHEr","previousCounter":1,"rootKey":"27cke6E34+BASs1tYpipLXZmBhB77/tvkTIf72CGwGQ="},"indexInfo":{"baseKey":"BaSOdVc748r33XVUbcuqehcOP5a0zaZLm1gB3mFZwx5u","baseKeyType":2,"closed":-1,"used":1749356615177,"created":1749313396088,"remoteIdentityKey":"BcSA4l3isQTQb6xvESKMUElLpTRKNVoDb0QtxkyU0W4h"},"_chains":{"BYIMt3YmxBWzxY8yjslRd5yB0ASpqf81lqfO3vIyanoE":{"chainKey":{"counter":0},"chainType":2,"messageKeys":{}},"BThrvBP05eRNHG2eJW7BQ32AdIH55fmvZTysNIEo3h9u":{"chainKey":{"counter":0},"chainType":2,"messageKeys":{}},"BZOa3G8jyR9FbQ6YTAU3o+O8Z5+fNoccC0Xnp/TRU6Zj":{"chainKey":{"counter":0},"chainType":2,"messageKeys":{}},"BZejKP1pPmcZOT8jljw1ZcBZKbRJRCkw3qAYoE8+Aht1":{"chainKey":{"counter":0},"chainType":2,"messageKeys":{}},"BYonKvNy04iNIQptirqECC6+F1lzFxRLjzdIbUStFit5":{"chainKey":{"counter":0},"chainType":2,"messageKeys":{}},"BTlbMKQRTMCzuVWKfK3p7vFxJqNBnQ+VOv36Px5EIlwd":{"chainKey":{"counter":1},"chainType":2,"messageKeys":{}},"BVwJnjnE3yW0qks5C7+cWISJHfoHLRr7NNEK1TsB4blL":{"chainKey":{"counter":0},"chainType":2,"messageKeys":{}},"BaO669wYxpb8xxo7OJXBPF+aM3WMkQm8XZH1YbgkNcxW":{"chainKey":{"counter":0},"chainType":2,"messageKeys":{}},"BcJw4nJhhW2uwah1+mpmXqmOTYPuDkFs0RqrklYXZHEr":{"chainKey":{"counter":0,"key":"8UYQTJc+rltsk1mK7g4D7ohY57iBRPxXFvxQEA7JoWg="},"chainType":2,"messageKeys":{}},"BUQDRO5JDuBHiHSgmQYQqfb4T0K45/QDj+ngf5tPz1l1":{"chainKey":{"counter":0,"key":"Er0ObnJc6houjQCbGFUK+nNpVPKKIqZ9zEg6XBL1RQA="},"chainType":1,"messageKeys":{}}}}},"version":"v1"}