{"_sessions":{"BQ3INphnJLEVhMR2p68z0e/3yf1i4Dp9wLUmmcGj6WNp":{"registrationId":2005626997,"currentRatchet":{"ephemeralKeyPair":{"pubKey":"Bd0XP7PkBgst720PQgNeiDgkmAmAFx0VYz+us0LQCK8I","privKey":"0Hg4gmLyx3M6qrtFpETUxIldRM3lXhyrJRQzllrTiWU="},"lastRemoteEphemeralKey":"BdvdJixmCVMxEX6HGo9PkcEG0cYyadgvmS3St7Uyuz02","previousCounter":0,"rootKey":"rIUDYcpTUsalsIH5Yn22yl3LpRdXlO84pOJ5lEHcZME="},"indexInfo":{"baseKey":"BQ3INphnJLEVhMR2p68z0e/3yf1i4Dp9wLUmmcGj6WNp","baseKeyType":1,"closed":-1,"used":1749274781111,"created":1749274781111,"remoteIdentityKey":"BaTW6hWisXclS6Les9iMcami//1HIe5icVRzumdOxJMY"},"_chains":{"Bd0XP7PkBgst720PQgNeiDgkmAmAFx0VYz+us0LQCK8I":{"chainKey":{"counter":93,"key":"L2mZ8CeguaR8HJHriWXqmQnRJp0tQE7C2IMbbt30zRA="},"chainType":1,"messageKeys":{}}},"pendingPreKey":{"signedKeyId":0,"baseKey":"BQ3INphnJLEVhMR2p68z0e/3yf1i4Dp9wLUmmcGj6WNp"}}},"version":"v1"}