{"_sessions":{"BXDtCVg3MP3f0VVug+4ATBI8tH17Jm5PJpRQjJDLO8Qc":{"registrationId":399350460,"currentRatchet":{"ephemeralKeyPair":{"pubKey":"BZ4fztczDX+Fe2fwINsjotg7JMT7Hp7h59XONww13J0y","privKey":"MOdFRShWclvQz94fvLNFV82iq8fQXPLHZ3vF82GAPVg="},"lastRemoteEphemeralKey":"BTRROa2Qya1zBSxGQFAhkHYcL2P/AX6/Ju4fOJ/Gb8Aw","previousCounter":1,"rootKey":"XYnoLlWLedMz+NQ4cQlP6j04yj0ZrIGamX0URdrocH0="},"indexInfo":{"baseKey":"BXDtCVg3MP3f0VVug+4ATBI8tH17Jm5PJpRQjJDLO8Qc","baseKeyType":2,"closed":1749274782873,"used":1749274674552,"created":1749274635083,"remoteIdentityKey":"BbfwGzhPLhhO+zmLJVTumhECENK8AbaaRLWMbigWqagp"},"_chains":{"BfCTxGUDEJQxY8FEqp22pzQeWEj1N+IEAA85DWyXAKkE":{"chainKey":{"counter":5},"chainType":2,"messageKeys":{}},"Bf+nO15kK7MISWMAqrfpOEG+zgrX6lofxVNTNpV8JG8o":{"chainKey":{"counter":2},"chainType":2,"messageKeys":{}},"BTRROa2Qya1zBSxGQFAhkHYcL2P/AX6/Ju4fOJ/Gb8Aw":{"chainKey":{"counter":0,"key":"qabVf9LT+E4yxFqD5dtFHbcLGTeiEPD/7WpIB5E4Tvw="},"chainType":2,"messageKeys":{}},"BZ4fztczDX+Fe2fwINsjotg7JMT7Hp7h59XONww13J0y":{"chainKey":{"counter":4,"key":"ovVnQIRMSYNSQzpvmcgxQfIG7MJaRo2QjYkrE03UtN4="},"chainType":1,"messageKeys":{}}}},"BWxojxgQeeOV/IMGjT7TprFIcnw5OyIkN+WACEfp5kUN":{"registrationId":399350460,"currentRatchet":{"ephemeralKeyPair":{"pubKey":"BXwxsMrH8Z3NUS/bq2rwlM8NkXtfGrxyYv+v5JjLuWVt","privKey":"oE9Rjme5NHsbVE6BH+C8g6LIzaGCT0Pyy57mUd32MF8="},"lastRemoteEphemeralKey":"BUh+xeLUgyE4meknfkC28xWGUIwhI1SO5zC1ctZm+ukw","previousCounter":31,"rootKey":"oGL3Aa4W4MfXCiMBSnW8hFFWdbshGjzrK3tpw7XlpYM="},"indexInfo":{"baseKey":"BWxojxgQeeOV/IMGjT7TprFIcnw5OyIkN+WACEfp5kUN","baseKeyType":1,"closed":-1,"used":1749345683004,"created":1749274782866,"remoteIdentityKey":"BbfwGzhPLhhO+zmLJVTumhECENK8AbaaRLWMbigWqagp"},"_chains":{"BZo3F/cMVCXURYGFgqVE5ETe1TZoq94j9mAY688ESH9o":{"chainKey":{"counter":0},"chainType":2,"messageKeys":{}},"BUh+xeLUgyE4meknfkC28xWGUIwhI1SO5zC1ctZm+ukw":{"chainKey":{"counter":0,"key":"Tds3KchyVbnrjYRjJbKrSfYILmG/AkPWcJuAkalh408="},"chainType":2,"messageKeys":{}},"BXwxsMrH8Z3NUS/bq2rwlM8NkXtfGrxyYv+v5JjLuWVt":{"chainKey":{"counter":364,"key":"OEd0ULUPJnMzC0goinAoLJb166x2A1nC53I6YBBg7jA="},"chainType":1,"messageKeys":{}}}}},"version":"v1"}