{"_sessions":{"BXlto1eZYbVuY5lXxzMg1NC956Ea1jc4LhMau11R0MEa":{"registrationId":1473767315,"currentRatchet":{"ephemeralKeyPair":{"pubKey":"BeqcjMrHqmhp09uWkuqfnh5yLW8OgY2KRWpkZsZTI3QB","privKey":"kJbJtvKsc2b/R3qW9GySDETU+W1Sore4QYedXCmy1Hs="},"lastRemoteEphemeralKey":"BTExB7Nbz6VppkfgyBMjtl1LfpT+Nh2VTeEUbi7utFF1","previousCounter":0,"rootKey":"vCtQwclhAsmW+0r9hAK6qClD13kdABeEE2d3AaJBnhE="},"indexInfo":{"baseKey":"BXlto1eZYbVuY5lXxzMg1NC956Ea1jc4LhMau11R0MEa","baseKeyType":1,"closed":-1,"used":1749274781126,"created":1749274781126,"remoteIdentityKey":"BYZ6tw9Qf1GxUXXbSSMbjAJ7djVZur09k5TT35rg5g0W"},"_chains":{"BeqcjMrHqmhp09uWkuqfnh5yLW8OgY2KRWpkZsZTI3QB":{"chainKey":{"counter":93,"key":"SgwV7+EtTY+cY5SsR9ELrvyH6yUd84/E/A+gDH6uLzQ="},"chainType":1,"messageKeys":{}}},"pendingPreKey":{"signedKeyId":0,"baseKey":"BXlto1eZYbVuY5lXxzMg1NC956Ea1jc4LhMau11R0MEa"}}},"version":"v1"}