{"_sessions":{"BYk8cLk1sOd9bWCX0GFAKrhgnG0gNyEd/5lXhvin0K1b":{"registrationId":96,"currentRatchet":{"ephemeralKeyPair":{"pubKey":"BaxAhLJDGs7nfBQsUe5RrU50xyZM4F3f6OaIIwdNxs0t","privKey":"UNdn4YY1XEoyXWGdM2IxOKv6AMwD29ZUs/HRRusuIWc="},"lastRemoteEphemeralKey":"Bd0gPma3jRHevNzIKf9Z14TCYX8fbOQi4fzAUjq2nxpL","previousCounter":0,"rootKey":"oX6ew4jXsXgD73PyMcJV8P44OWcFwThXFkpXMywy4XU="},"indexInfo":{"baseKey":"BYk8cLk1sOd9bWCX0GFAKrhgnG0gNyEd/5lXhvin0K1b","baseKeyType":1,"closed":-1,"used":1749274780748,"created":1749274780748,"remoteIdentityKey":"BeIzOKaaghpCqPpdqAsUxsJE2eDkn2/EjLuqnKqLdINF"},"_chains":{"BaxAhLJDGs7nfBQsUe5RrU50xyZM4F3f6OaIIwdNxs0t":{"chainKey":{"counter":32,"key":"9ROii4E8wCslB5g7DbSq/4F06bxv1NKfNqVHrMVYzk4="},"chainType":1,"messageKeys":{}}},"pendingPreKey":{"signedKeyId":1,"baseKey":"BYk8cLk1sOd9bWCX0GFAKrhgnG0gNyEd/5lXhvin0K1b"}}},"version":"v1"}