{"_sessions":{"Bb0YylJUP2HFAMbFFZSs6VN5W8lTq2JNl5Kw1FSlqrgF":{"registrationId":385124548,"currentRatchet":{"ephemeralKeyPair":{"pubKey":"BaPFOwhQLtKwLqcXZTzOOOE2aE3sPZukFlAwCt+c8wFw","privKey":"OHtGHZ61hnRShcUguUBAOpsI4yzZ5cD0Ql+/v+fpBlk="},"lastRemoteEphemeralKey":"Bb6eMfuxwLE8Eg6Om4uQL/osGpg+ByjDIm8EeHTG3mMW","previousCounter":0,"rootKey":"LoK3Nq/1LMlTRCz7y/gG6pyRrGilFnBAR25LfSuiS88="},"indexInfo":{"baseKey":"Bb0YylJUP2HFAMbFFZSs6VN5W8lTq2JNl5Kw1FSlqrgF","baseKeyType":1,"closed":-1,"used":1749274781131,"created":1749274781131,"remoteIdentityKey":"BYFWPM7QGvidDvwWs2B/Izn6aheIbxxBluW5FDDsTelP"},"_chains":{"BaPFOwhQLtKwLqcXZTzOOOE2aE3sPZukFlAwCt+c8wFw":{"chainKey":{"counter":93,"key":"IrYch+uUu3zYQ9rWgxp5IPgBVY9I4gC9CXLBM3anS+8="},"chainType":1,"messageKeys":{}}},"pendingPreKey":{"signedKeyId":3,"baseKey":"Bb0YylJUP2HFAMbFFZSs6VN5W8lTq2JNl5Kw1FSlqrgF","preKeyId":1114448}}},"version":"v1"}