{"_sessions":{"BfRmLvoZ7GP3mTc7v279ENsx9zbqgznd6YgmGXA6vTp7":{"registrationId":261302908,"currentRatchet":{"ephemeralKeyPair":{"pubKey":"BeiAq2jyBLl0kkAVXRtUYKKW1/x/p5oZIn+MamwJDogW","privKey":"KEZ5OGeXAD1xl6OqS+3YLqNU12GybneR/fHUGecj1W0="},"lastRemoteEphemeralKey":"BQtXBd/BUefLa736RUfHp6y5fOFd6Vnbs/W2PC2TDlkF","previousCounter":0,"rootKey":"J5tUtSNIiyWjb7jzr6fN9pwFjnKMbORx3n1Ulg7Q/2I="},"indexInfo":{"baseKey":"BfRmLvoZ7GP3mTc7v279ENsx9zbqgznd6YgmGXA6vTp7","baseKeyType":1,"closed":-1,"used":1749274781080,"created":1749274781080,"remoteIdentityKey":"BfubHbypBLj7xalBYPIS1eva9P6ambP+xkPFju746S1b"},"_chains":{"BeiAq2jyBLl0kkAVXRtUYKKW1/x/p5oZIn+MamwJDogW":{"chainKey":{"counter":93,"key":"BR2SwVpCP3m8InIk7Hsl0vGMALAKZxNPDOSJcybXNaU="},"chainType":1,"messageKeys":{}}},"pendingPreKey":{"signedKeyId":7,"baseKey":"BfRmLvoZ7GP3mTc7v279ENsx9zbqgznd6YgmGXA6vTp7","preKeyId":16071807}}},"version":"v1"}