{"_sessions":{"BdXTvGpQoSGw/iyNM48212iws+XIi9ETHwLuoiqcTMgF":{"registrationId":603216869,"currentRatchet":{"ephemeralKeyPair":{"pubKey":"BXym3axbL7eNyhR795uFIMnrELKNXqinpKxNAeiYrK4r","privKey":"+GIim+atWZXhTJ0Z3nHAU57G2nFfmpWHAuL1Bt05mUQ="},"lastRemoteEphemeralKey":"BTbhR8MFS3INyAj32mMrc3pucgyXWSICMb1rZpty1oJB","previousCounter":7,"rootKey":"iCt7+ffkUavGrQnXXPy1whP4DQC/7xcQLlQu1RICfos="},"indexInfo":{"baseKey":"BdXTvGpQoSGw/iyNM48212iws+XIi9ETHwLuoiqcTMgF","baseKeyType":1,"closed":-1,"used":1749350856975,"created":1749274781295,"remoteIdentityKey":"BWNyZ9aY3nZgiW3lm7C+s7qQMOfZTM0U36oMTAN7/zp+"},"_chains":{"Be6LqQJGRWDLsnB1oarHb/Jtlh0RQF/ZCfSlJnyd1itf":{"chainKey":{"counter":0},"chainType":2,"messageKeys":{}},"BXKNdngaImj5J3KwYQ7swKdrYnvGHOd1YiSkBArsmWl5":{"chainKey":{"counter":0},"chainType":2,"messageKeys":{}},"BXSnBHPjplpp6jRS1JGxugj5oMq2z0xSkKQl2nVP5RQx":{"chainKey":{"counter":0},"chainType":2,"messageKeys":{}},"BTbhR8MFS3INyAj32mMrc3pucgyXWSICMb1rZpty1oJB":{"chainKey":{"counter":0,"key":"ivGp5/PoraLvS59yPY43jvJw2wtNIRKxStFz6YqH6+g="},"chainType":2,"messageKeys":{}},"BXym3axbL7eNyhR795uFIMnrELKNXqinpKxNAeiYrK4r":{"chainKey":{"counter":60,"key":"EJtSULFvQg3kU3+XCC4cZv2Zcuy2yYiw+Q9wy8HrKnI="},"chainType":1,"messageKeys":{}}}}},"version":"v1"}