{"_sessions":{"BQLErz6mXBuRSMHhTl97WGC3jzPHXd2MMZdc8XKz1bZI":{"registrationId":3721,"currentRatchet":{"ephemeralKeyPair":{"pubKey":"BddzJBovOyHie3xD1IYqViXCV0veULmZzdjRCv/mtLVQ","privKey":"2Ecc4zECxZm78z1r9/S4UYKQUmN1NWomFnuuOnADjkI="},"lastRemoteEphemeralKey":"Bd3wcdWUAWhz7Gn093qY8ZG9Xfm+nrig8zcLkk/DTMp4","previousCounter":0,"rootKey":"xSFUwAzW5K/tYIE7nplNQQgziredLDCbR+Iv691TKUA="},"indexInfo":{"baseKey":"BQLErz6mXBuRSMHhTl97WGC3jzPHXd2MMZdc8XKz1bZI","baseKeyType":1,"closed":-1,"used":1749274780681,"created":1749274780681,"remoteIdentityKey":"BbI11rXIAGCXhQuLZgp83FwcXlhcb+PdjqSZ3CVJ9dgH"},"_chains":{"BddzJBovOyHie3xD1IYqViXCV0veULmZzdjRCv/mtLVQ":{"chainKey":{"counter":93,"key":"bo5lQ98Avrb5h7ykGcvbd15ZJpVd9hWPv/9UGngcZF4="},"chainType":1,"messageKeys":{}}},"pendingPreKey":{"signedKeyId":6,"baseKey":"BQLErz6mXBuRSMHhTl97WGC3jzPHXd2MMZdc8XKz1bZI","preKeyId":1635}}},"version":"v1"}