{"_sessions":{"BfkCym4TuOIMUkmw2GHgfw/ZUoCNXAsWI7tQNj5ojHRw":{"registrationId":1107149380,"currentRatchet":{"ephemeralKeyPair":{"pubKey":"BbPIaOT7sGR7RTDmQ9KURMWHb8RPuHQrjAu1CtpfKfYe","privKey":"QITyMZq9Jy34NxXdRwyK7M+7vQjRCJ2peB6YtmIviFk="},"lastRemoteEphemeralKey":"BaG2SIN0yGyuEQfL51cmHtd4MR8xBBY6PktV1zkkagoP","previousCounter":0,"rootKey":"BXWfIYYtn0yr0VFMj+UVqkTaq0Y5Jke4dpsbozZl714="},"indexInfo":{"baseKey":"BfkCym4TuOIMUkmw2GHgfw/ZUoCNXAsWI7tQNj5ojHRw","baseKeyType":1,"closed":-1,"used":1749376466016,"created":1749274780967,"remoteIdentityKey":"BWVTsyGj6G3ejN/WUwr0SHlsx+/lL/aSPkGrQuviWG1z"},"_chains":{"BfWPj8lkoFyCf24l539es8bQn9hTpL4wy1gH2PvXGvRZ":{"chainKey":{"counter":0},"chainType":2,"messageKeys":{}},"BcseZ1WDjLsIdKPWk/izmy1E4RTlcXLGTPvJaHI8RJtO":{"chainKey":{"counter":1},"chainType":2,"messageKeys":{}},"BeH1nQYur4ywIR1O5ou3jOfbZlwGZHe9QIXc72hOHxsl":{"chainKey":{"counter":0},"chainType":2,"messageKeys":{}},"BeLHOk7Guo/4zKHMGAxsXkOWueVMcsgjUs2TtwpGyqsV":{"chainKey":{"counter":0},"chainType":2,"messageKeys":{}},"BSX9uU5MudHRhOLBgPg3xDX4/Uq8422bm6NPB8RwMtEO":{"chainKey":{"counter":0},"chainType":2,"messageKeys":{}},"BaG2SIN0yGyuEQfL51cmHtd4MR8xBBY6PktV1zkkagoP":{"chainKey":{"counter":0,"key":"vBMEpX6YBNRADIezytIOfFpnrtFniPLenxp3736icW0="},"chainType":2,"messageKeys":{}},"BbPIaOT7sGR7RTDmQ9KURMWHb8RPuHQrjAu1CtpfKfYe":{"chainKey":{"counter":17,"key":"8dEeNOSHC5Muu/iWFQ13nb6tPXjKrxTk51LX1nqUW9Q="},"chainType":1,"messageKeys":{}}}}},"version":"v1"}