{"_sessions":{"BYmsv0XL6zmz2qJVWDSbZzAsS/fpPRC2JcFRwTmo06Zl":{"registrationId":175519169,"currentRatchet":{"ephemeralKeyPair":{"pubKey":"Bcf22fqFBlgQ9Btt22k8zlsfs+x2d5ciCqu9qS+aH7FM","privKey":"sGdXH1VNI6ObWNd6dTqp85c1oyrTZaD4KY4mBmigsmE="},"lastRemoteEphemeralKey":"BXqEi3fRUQywc76fyxd4IlM1BtgpLC6xDP1YDaLuMJsT","previousCounter":0,"rootKey":"vzUAqgsRf1KJuMHot7y/eSkr9Shn0arXCnfoFcheMqA="},"indexInfo":{"baseKey":"BYmsv0XL6zmz2qJVWDSbZzAsS/fpPRC2JcFRwTmo06Zl","baseKeyType":1,"closed":1749304206160,"used":1749274780958,"created":1749274780958,"remoteIdentityKey":"BfWREJg/eqSzN3OsqwDUfdnvOdjaq7dIGJtoXOy4LctY"},"_chains":{"Bcf22fqFBlgQ9Btt22k8zlsfs+x2d5ciCqu9qS+aH7FM":{"chainKey":{"counter":21,"key":"2V930cbJZPyABTGQP7kSXXiORqr2fhoMWSYWY0ilrY8="},"chainType":1,"messageKeys":{}}},"pendingPreKey":{"signedKeyId":1,"baseKey":"BYmsv0XL6zmz2qJVWDSbZzAsS/fpPRC2JcFRwTmo06Zl","preKeyId":11573005}},"BTeP4ODxHZrxFkWaawL+OyOc+iL/XJzMbft5Tzmd8wlJ":{"registrationId":175519169,"currentRatchet":{"ephemeralKeyPair":{"pubKey":"BQbxjC63GacEZfZ6UuJJVfV4czXgvqhNIXrjX554NWp7","privKey":"oGwbisr6gl2xuJiuYLra8SAqW358YrxYvGD2WSvtf18="},"lastRemoteEphemeralKey":"BXqEi3fRUQywc76fyxd4IlM1BtgpLC6xDP1YDaLuMJsT","previousCounter":0,"rootKey":"TXd8gOekRllfLAWJU7gZKPAx807b0kQnYYDTR03bZ0s="},"indexInfo":{"baseKey":"BTeP4ODxHZrxFkWaawL+OyOc+iL/XJzMbft5Tzmd8wlJ","baseKeyType":1,"closed":1749304207690,"used":1749304206157,"created":1749304206157,"remoteIdentityKey":"BfWREJg/eqSzN3OsqwDUfdnvOdjaq7dIGJtoXOy4LctY"},"_chains":{"BQbxjC63GacEZfZ6UuJJVfV4czXgvqhNIXrjX554NWp7":{"chainKey":{"counter":0,"key":"a+LswVsNN1NTOZvCnLJhZKhwENAGpvxXE2G8RgIOr0o="},"chainType":1,"messageKeys":{}}},"pendingPreKey":{"signedKeyId":1,"baseKey":"BTeP4ODxHZrxFkWaawL+OyOc+iL/XJzMbft5Tzmd8wlJ","preKeyId":11572983}},"BdBZq8XV4uLMnqZH4caBr8pfsJTbNd52FTwjXDppNIwl":{"registrationId":175519169,"currentRatchet":{"ephemeralKeyPair":{"pubKey":"BUT8Mw/Mw4ZiJ4pElqRu9BNiuP8ZCxJon1sGTwiHgvZ0","privKey":"SCr6b9MNhgXPm+iRb/mbwhW+aNzUzMZJ+2V98XSW52A="},"lastRemoteEphemeralKey":"BXqEi3fRUQywc76fyxd4IlM1BtgpLC6xDP1YDaLuMJsT","previousCounter":0,"rootKey":"yxqRFs9zEGamt7DSVJOiUFqkN5p2lVC9pN6tm1qFjEk="},"indexInfo":{"baseKey":"BdBZq8XV4uLMnqZH4caBr8pfsJTbNd52FTwjXDppNIwl","baseKeyType":1,"closed":-1,"used":1749304207689,"created":1749304207689,"remoteIdentityKey":"BfWREJg/eqSzN3OsqwDUfdnvOdjaq7dIGJtoXOy4LctY"},"_chains":{"BUT8Mw/Mw4ZiJ4pElqRu9BNiuP8ZCxJon1sGTwiHgvZ0":{"chainKey":{"counter":70,"key":"LD/hY3bXdC4OIB8MSInMh5zBNrHKY3gq0+3PWM3Sa4g="},"chainType":1,"messageKeys":{}}},"pendingPreKey":{"signedKeyId":1,"baseKey":"BdBZq8XV4uLMnqZH4caBr8pfsJTbNd52FTwjXDppNIwl","preKeyId":11573449}}},"version":"v1"}