{"_sessions":{"Bbm29497urWoMFMR129MC/k0lXN70u8RFDTeDirKYqkC":{"registrationId":648458542,"currentRatchet":{"ephemeralKeyPair":{"pubKey":"BZ369u4e1oHY93V4aMw4TyizFpJ/4FRzwuuPje6v/WgI","privKey":"APH+KV6TP6ebmk9+lJOw4K0uin+a5upyGp+lrzQSyms="},"lastRemoteEphemeralKey":"BT3alzAoI5olip06bMkUtQ+S28JlpW6n7wMyAQJRHy9h","previousCounter":0,"rootKey":"bl79A47/coPf3kGTcfY0AF8yGffgin1m30Dg9gov+fg="},"indexInfo":{"baseKey":"Bbm29497urWoMFMR129MC/k0lXN70u8RFDTeDirKYqkC","baseKeyType":1,"closed":-1,"used":1749274780690,"created":1749274780690,"remoteIdentityKey":"BVNF6NAWq0icjEzi/DG4RwfrfdeGVcEbLesNYtwUKgI2"},"_chains":{"BZ369u4e1oHY93V4aMw4TyizFpJ/4FRzwuuPje6v/WgI":{"chainKey":{"counter":93,"key":"rlk4vYRShk606BR1QYHLeMZRBB9+EzwhNy0QpRbdAus="},"chainType":1,"messageKeys":{}}},"pendingPreKey":{"signedKeyId":1,"baseKey":"Bbm29497urWoMFMR129MC/k0lXN70u8RFDTeDirKYqkC","preKeyId":1886213}}},"version":"v1"}