{"_sessions":{"BaQqI8bkTUzeKbatTBg9I9gbUSh8bAouf2uK+guE8NcJ":{"registrationId":1604991519,"currentRatchet":{"ephemeralKeyPair":{"pubKey":"BThS9ZuTaRt6DepM/IWV2AVIgKfoYkkHHY62EkNfkEN2","privKey":"aEsjk0FE/enPNG99Vmodd47RuyXhT175y7YDRHRBO2k="},"lastRemoteEphemeralKey":"BcZmflrZYLoE4IT9iFyqNjyBXW8ivrN01CMaObwNmedz","previousCounter":0,"rootKey":"/JetUSYsXIcEfvE80NAtVmvLVZSBG+nVQGmGNmxKOzc="},"indexInfo":{"baseKey":"BaQqI8bkTUzeKbatTBg9I9gbUSh8bAouf2uK+guE8NcJ","baseKeyType":1,"closed":-1,"used":1749274781184,"created":1749274781184,"remoteIdentityKey":"BTBClEJGB1vtD0dDC8OJUGPFt8pfYBlMdPUF3EARjEhb"},"_chains":{"BThS9ZuTaRt6DepM/IWV2AVIgKfoYkkHHY62EkNfkEN2":{"chainKey":{"counter":93,"key":"pUcLw/RIPhP+nYOFfPyUHuzo+xo0c9GNzgYfymbyVSI="},"chainType":1,"messageKeys":{}}},"pendingPreKey":{"signedKeyId":21,"baseKey":"BaQqI8bkTUzeKbatTBg9I9gbUSh8bAouf2uK+guE8NcJ","preKeyId":2438968}}},"version":"v1"}