{"_sessions":{"BXOLxj9PnWA5ll2UA0h0KmbNRoKG+T8qeZgNKR3qmH5c":{"registrationId":351690166,"currentRatchet":{"ephemeralKeyPair":{"pubKey":"BVoZNeT6oud+hJfcCsACork8RYBdFbkJnCt+bp9yYXFa","privKey":"eDHTktrnsEgFTCe4KW2GdniZ0rVAmORwoqiJiDS1aU4="},"lastRemoteEphemeralKey":"BZknwMYEbvLNl4v4719JlWgk4EkzQp2hd17ZiGyLDRh3","previousCounter":0,"rootKey":"mO5Bv/MpYyO37FS7X9RbjoTkWHe8O3IQMPoytr5p9kw="},"indexInfo":{"baseKey":"BXOLxj9PnWA5ll2UA0h0KmbNRoKG+T8qeZgNKR3qmH5c","baseKeyType":1,"closed":-1,"used":1749274780891,"created":1749274780891,"remoteIdentityKey":"BTvk68c7Wd6roRawqInRhe8BGyrq+Kw0LyLVpZLPLYYr"},"_chains":{"BVoZNeT6oud+hJfcCsACork8RYBdFbkJnCt+bp9yYXFa":{"chainKey":{"counter":93,"key":"R8XlgYmk91QN9plbhav4r5DJlUUHWcY10ktEpEs5jIA="},"chainType":1,"messageKeys":{}}},"pendingPreKey":{"signedKeyId":15,"baseKey":"BXOLxj9PnWA5ll2UA0h0KmbNRoKG+T8qeZgNKR3qmH5c"}}},"version":"v1"}