{"_sessions":{"BQIG46550FckV8zGK10RLEoQpCBvIsZRVhxwcgd1zPQ8":{"registrationId":1281183042,"currentRatchet":{"ephemeralKeyPair":{"pubKey":"BdAqlfYImzWO9H4r3XBxUjhZQ2/4tw8iIcoPgfw1+vp6","privKey":"4Gg2LHhSyiJSSbIoGgMuKqzDh/WnNstJ7TjQaHQhxXM="},"lastRemoteEphemeralKey":"BYWveguJ9HZrvREO3dTklVhldsa3Lgd26YFXHK+QKGMZ","previousCounter":11,"rootKey":"D1ZXOpIqlux8aBPEsTaxZYRRb3al62s5ApiSTQQlg6g="},"indexInfo":{"baseKey":"BQIG46550FckV8zGK10RLEoQpCBvIsZRVhxwcgd1zPQ8","baseKeyType":1,"closed":1749368069023,"used":1749288066917,"created":1749274780963,"remoteIdentityKey":"BTQ3MNgpColRSvi4aYimOgIF9IlpLOS0Z4xruHXEeSk6"},"_chains":{"BYWveguJ9HZrvREO3dTklVhldsa3Lgd26YFXHK+QKGMZ":{"chainKey":{"counter":0,"key":"WSMbNseOkZklSMlq+ZDCwbptyHXfVdG25EuKsv4FGmo="},"chainType":2,"messageKeys":{}},"BdAqlfYImzWO9H4r3XBxUjhZQ2/4tw8iIcoPgfw1+vp6":{"chainKey":{"counter":57,"key":"omUJaZgVTyg/hnbtG95wErrygNCXobpcOKb6btpi0ic="},"chainType":1,"messageKeys":{}}}},"BV2GicYIoYzNAZUzgHqHXbMhNOFnlO2jil5Y7tl69RZT":{"registrationId":1281183042,"currentRatchet":{"ephemeralKeyPair":{"pubKey":"BV1yoG72vzHfKehWzA5GHtMA/PPoJr4cF4cD7khgdlce","privKey":"SIQWqrY/qDlUM+ZREzxfXPyzdvU8g6xfEjho4DfGBnM="},"lastRemoteEphemeralKey":"BZqqrCqvE+PxKB+66ZC1LED8w/Vh9adX2vnGGBht4iBw","previousCounter":0,"rootKey":"5eRZSWGR/ZXUqcuyZjpXEx2MN6Jszls7KipzoRXqKAA="},"indexInfo":{"baseKey":"BV2GicYIoYzNAZUzgHqHXbMhNOFnlO2jil5Y7tl69RZT","baseKeyType":1,"closed":-1,"used":1749368069015,"created":1749368069015,"remoteIdentityKey":"BTQ3MNgpColRSvi4aYimOgIF9IlpLOS0Z4xruHXEeSk6"},"_chains":{"BV1yoG72vzHfKehWzA5GHtMA/PPoJr4cF4cD7khgdlce":{"chainKey":{"counter":23,"key":"ulLlW+mmjKr8s9Mcxe7AQDS+W543No0YECFjsyaiDdY="},"chainType":1,"messageKeys":{}}},"pendingPreKey":{"signedKeyId":0,"baseKey":"BV2GicYIoYzNAZUzgHqHXbMhNOFnlO2jil5Y7tl69RZT"}}},"version":"v1"}