{"_sessions":{"BdMoHTf1CtEDZvSiBisqrMDAH85W0jwjRpf9sAmDZGhf":{"registrationId":253,"currentRatchet":{"ephemeralKeyPair":{"pubKey":"BVf0MVkSov18uHzEF9BKHERQk4MRx/vqjtpxRJza3n8K","privKey":"0DeFga5T+JogZdLLcYXsr8i1qZIVVqIHd7yLNiGoCUY="},"lastRemoteEphemeralKey":"BaZn0yZlo4FBmPWZKfYhRnvv91xvZ60nk4RaW8sVtbwZ","previousCounter":0,"rootKey":"lM4g5abxuwl4xE+IzY0KnfWSvfimM0qMrghE4xr4K4o="},"indexInfo":{"baseKey":"BdMoHTf1CtEDZvSiBisqrMDAH85W0jwjRpf9sAmDZGhf","baseKeyType":1,"closed":-1,"used":1749274648087,"created":1749274648087,"remoteIdentityKey":"BWO/FSDkXS4KDwsJoHsKphYQUQAQsA9sucjoe010QC9D"},"_chains":{"BVf0MVkSov18uHzEF9BKHERQk4MRx/vqjtpxRJza3n8K":{"chainKey":{"counter":315,"key":"u2FcfVfTf864osUBkk66SBXxw3F6He0xbEUPO2JfoXo="},"chainType":1,"messageKeys":{}}},"pendingPreKey":{"signedKeyId":1,"baseKey":"BdMoHTf1CtEDZvSiBisqrMDAH85W0jwjRpf9sAmDZGhf","preKeyId":160}}},"version":"v1"}