{"_sessions":{"BVwCzXy1SIhKs34Ozf8xDtvLC1w8PqiY5vw0UAc6Ta1b":{"registrationId":1205198775,"currentRatchet":{"ephemeralKeyPair":{"pubKey":"BcPo6iKJJFYHPB/dIxwf6uJOpxuD5Ki31WvN3pA4Rs1l","privKey":"MCiSqytRJYztba7DeEjkfPwF+BZ2roVKSq2F7hj83Ws="},"lastRemoteEphemeralKey":"BSqpCcUWqomZK7u7qVYVYR4C+HV+dcIZ0rtKfjnKuMIP","previousCounter":0,"rootKey":"Fw983DrzCAIPIqmtFURyqg0sVkxOR0U24UihBJUZIEs="},"indexInfo":{"baseKey":"BVwCzXy1SIhKs34Ozf8xDtvLC1w8PqiY5vw0UAc6Ta1b","baseKeyType":1,"closed":-1,"used":1749345501588,"created":1749345501588,"remoteIdentityKey":"BaUpUpGvwaKohAPfXzOKSEYjrUb8InpMOp797xU7qtxe"},"_chains":{"BcPo6iKJJFYHPB/dIxwf6uJOpxuD5Ki31WvN3pA4Rs1l":{"chainKey":{"counter":8,"key":"IMBv85gSnDz9314oXA8vUUj1q0Nu4ymSnD9ylfXB8SQ="},"chainType":1,"messageKeys":{}}},"pendingPreKey":{"signedKeyId":18,"baseKey":"BVwCzXy1SIhKs34Ozf8xDtvLC1w8PqiY5vw0UAc6Ta1b","preKeyId":7323984}}},"version":"v1"}