{"_sessions":{"BZ5P8zO2jf3duzL/plUQsMpT8r33SOlLBeDPyaWMEpJd":{"registrationId":32,"currentRatchet":{"ephemeralKeyPair":{"pubKey":"BTdnDWcwOADl/nVNvSkR1cVx20mUnhCR8xYnU2jQEoJs","privKey":"sEpLqA4Nmr1EV5koof2ASWC1mxDD1PFhj7mcjp1NGkA="},"lastRemoteEphemeralKey":"Bc4/RnSjn1ElmGmhGLX/AH8Z86TXS5Lg5q0+BzjsOqUT","previousCounter":0,"rootKey":"qNrQBBQXKdRBN+2GcZxkejvFU2f9v9TKnf5XBBXqYUE="},"indexInfo":{"baseKey":"BZ5P8zO2jf3duzL/plUQsMpT8r33SOlLBeDPyaWMEpJd","baseKeyType":1,"closed":1749296334819,"used":1749289555647,"created":1749289555647,"remoteIdentityKey":"BcQY22UmuwPJA9/3RN+NkWOEKIfjluSiPlGRZVn4O/lO"},"_chains":{"BTdnDWcwOADl/nVNvSkR1cVx20mUnhCR8xYnU2jQEoJs":{"chainKey":{"counter":8,"key":"eBIwIYRLagMNglrTKxz9RgkFfC+i7Hyg8dX7t5QU4kU="},"chainType":1,"messageKeys":{}}},"pendingPreKey":{"signedKeyId":1,"baseKey":"BZ5P8zO2jf3duzL/plUQsMpT8r33SOlLBeDPyaWMEpJd"}},"BX7w77KCLgtWxCvsScT7I2TMpiZDUwZDJgMjhcbpiuMS":{"registrationId":32,"currentRatchet":{"ephemeralKeyPair":{"pubKey":"BTWmS+6G6MjCdYoKkOl42hyTfS8idwYjcktCOSYhphJn","privKey":"WNIdBaDqUyG5dHTdQgXMplqxkSfTGiTK4bTqTE4fz0w="},"lastRemoteEphemeralKey":"Bc4/RnSjn1ElmGmhGLX/AH8Z86TXS5Lg5q0+BzjsOqUT","previousCounter":0,"rootKey":"C8mn3f+i1aMyCPxdLeS/qCLLdIC8SLSSn3RSxKSltqw="},"indexInfo":{"baseKey":"BX7w77KCLgtWxCvsScT7I2TMpiZDUwZDJgMjhcbpiuMS","baseKeyType":1,"closed":1749296335329,"used":1749296334816,"created":1749296334816,"remoteIdentityKey":"BcQY22UmuwPJA9/3RN+NkWOEKIfjluSiPlGRZVn4O/lO"},"_chains":{"BTWmS+6G6MjCdYoKkOl42hyTfS8idwYjcktCOSYhphJn":{"chainKey":{"counter":0,"key":"3QGBGvF/7E530htOPRTC0HBfmbeFo39xA1feIKtYMJo="},"chainType":1,"messageKeys":{}}},"pendingPreKey":{"signedKeyId":1,"baseKey":"BX7w77KCLgtWxCvsScT7I2TMpiZDUwZDJgMjhcbpiuMS"}},"BToC/BOxdrOeE7W2hNChm/X6s6zsrSCf22RfAseRA281":{"registrationId":32,"currentRatchet":{"ephemeralKeyPair":{"pubKey":"BSx6NpEQ+kSFZWFcN/eeqULu+lXWVcg11UUg/zBVcxhs","privKey":"uCyM9ojZIsk5zeo/7g2oyGi4ZWEu3+DtxUabakh62l4="},"lastRemoteEphemeralKey":"Bc4/RnSjn1ElmGmhGLX/AH8Z86TXS5Lg5q0+BzjsOqUT","previousCounter":0,"rootKey":"4V2W2Nz9M+Mb4DcbYEChRmNCUFZBv+R6ggq+PVOnq5U="},"indexInfo":{"baseKey":"BToC/BOxdrOeE7W2hNChm/X6s6zsrSCf22RfAseRA281","baseKeyType":1,"closed":1749296335838,"used":1749296335327,"created":1749296335327,"remoteIdentityKey":"BcQY22UmuwPJA9/3RN+NkWOEKIfjluSiPlGRZVn4O/lO"},"_chains":{"BSx6NpEQ+kSFZWFcN/eeqULu+lXWVcg11UUg/zBVcxhs":{"chainKey":{"counter":0,"key":"czZ4wRtXc751pFC4isoAmznGxlSwpUheLqtqNtmYsfM="},"chainType":1,"messageKeys":{}}},"pendingPreKey":{"signedKeyId":1,"baseKey":"BToC/BOxdrOeE7W2hNChm/X6s6zsrSCf22RfAseRA281"}},"BZkSYYFrU3JsjisllvUaIUCA21Lcr574TPXaPu6DRWR1":{"registrationId":32,"currentRatchet":{"ephemeralKeyPair":{"pubKey":"BWk/ZLbDYMes9douza5DhZxcS6iTTxIKqJZjdWhORe0v","privKey":"+A1wMH6REZF5r1TOl08d6IkZiwDvmBwayopuJebfAVQ="},"lastRemoteEphemeralKey":"Bc4/RnSjn1ElmGmhGLX/AH8Z86TXS5Lg5q0+BzjsOqUT","previousCounter":0,"rootKey":"/unwZGmXXO64wyuZs6hQmMJNgpiOCBCby6sjM5MY3so="},"indexInfo":{"baseKey":"BZkSYYFrU3JsjisllvUaIUCA21Lcr574TPXaPu6DRWR1","baseKeyType":1,"closed":1749296336337,"used":1749296335834,"created":1749296335834,"remoteIdentityKey":"BcQY22UmuwPJA9/3RN+NkWOEKIfjluSiPlGRZVn4O/lO"},"_chains":{"BWk/ZLbDYMes9douza5DhZxcS6iTTxIKqJZjdWhORe0v":{"chainKey":{"counter":0,"key":"FMvHtwdB9CbOlrCSoZ5lH5T1oCtddHJSxtlubZcOG8c="},"chainType":1,"messageKeys":{}}},"pendingPreKey":{"signedKeyId":1,"baseKey":"BZkSYYFrU3JsjisllvUaIUCA21Lcr574TPXaPu6DRWR1"}},"Bb3JFYIA6EDQmO6od6DktLDRW84y4PK62wjoqMrSGtZZ":{"registrationId":32,"currentRatchet":{"ephemeralKeyPair":{"pubKey":"BR8uuThbBs7YJgVSusamRzVvWC5dEH1H0dKo6A0Hm8Fe","privKey":"OI8bSLg+0VSO2ltjxl2VWm2/5StK9hKV3zyKklVLe24="},"lastRemoteEphemeralKey":"Bc4/RnSjn1ElmGmhGLX/AH8Z86TXS5Lg5q0+BzjsOqUT","previousCounter":0,"rootKey":"AU71EfMkALjac51f6rf+I09qrUrBxZms2X3fu/wSCD0="},"indexInfo":{"baseKey":"Bb3JFYIA6EDQmO6od6DktLDRW84y4PK62wjoqMrSGtZZ","baseKeyType":1,"closed":1749302051272,"used":1749296336333,"created":1749296336333,"remoteIdentityKey":"BcQY22UmuwPJA9/3RN+NkWOEKIfjluSiPlGRZVn4O/lO"},"_chains":{"BR8uuThbBs7YJgVSusamRzVvWC5dEH1H0dKo6A0Hm8Fe":{"chainKey":{"counter":0,"key":"+L+Lcsq+tlZzmxXD2rf+XZDBair0zzSqXhTGznYb658="},"chainType":1,"messageKeys":{}}},"pendingPreKey":{"signedKeyId":1,"baseKey":"Bb3JFYIA6EDQmO6od6DktLDRW84y4PK62wjoqMrSGtZZ"}},"Beuv7Ycfo+QFGqGlzJ/UCaBVyfT7YAHGabFQM0rGKZxZ":{"registrationId":32,"currentRatchet":{"ephemeralKeyPair":{"pubKey":"Bba1VrO0a1rNofDrZzaPKHoLsXt5CLxpFp3Xc14VnGdU","privKey":"ECul9oUGn7hYGaM0rxICY4gfJjdQnm/HPtZ7N9q9jGQ="},"lastRemoteEphemeralKey":"Bc4/RnSjn1ElmGmhGLX/AH8Z86TXS5Lg5q0+BzjsOqUT","previousCounter":0,"rootKey":"d7fPuyXi7h5SluRwcFWW4U4uF58BOk3VjIupKf0/Qi0="},"indexInfo":{"baseKey":"Beuv7Ycfo+QFGqGlzJ/UCaBVyfT7YAHGabFQM0rGKZxZ","baseKeyType":1,"closed":-1,"used":1749302051268,"created":1749302051268,"remoteIdentityKey":"BcQY22UmuwPJA9/3RN+NkWOEKIfjluSiPlGRZVn4O/lO"},"_chains":{"Bba1VrO0a1rNofDrZzaPKHoLsXt5CLxpFp3Xc14VnGdU":{"chainKey":{"counter":69,"key":"cS7Q3Io/caooDAHGLqe11kEH0KyvqdXtAzZ8qsSdQ5c="},"chainType":1,"messageKeys":{}}},"pendingPreKey":{"signedKeyId":1,"baseKey":"Beuv7Ycfo+QFGqGlzJ/UCaBVyfT7YAHGabFQM0rGKZxZ"}}},"version":"v1"}