{"_sessions":{"BUxVdt3gOynEj8enxMeRHzWak0qDH/DuA+uLMNTgZzBJ":{"registrationId":333818909,"currentRatchet":{"ephemeralKeyPair":{"pubKey":"BUcVes8m50cMyzvqFtaOY+uJ3PWr9+BgHWHwt2AQPJA2","privKey":"uDwJLUrTrSS5rgA3lnA8roiqspXiP1/1TeMOIwftK0s="},"lastRemoteEphemeralKey":"Bep6AEGLd534Hhkt9775DycrSukfdF3EM4w4KNF1FFZK","previousCounter":0,"rootKey":"Ifio4XSz40tGXJIWhPj+xnywCpR+PRZEMlYWV7HfGs0="},"indexInfo":{"baseKey":"BUxVdt3gOynEj8enxMeRHzWak0qDH/DuA+uLMNTgZzBJ","baseKeyType":1,"closed":-1,"used":1749274780903,"created":1749274780903,"remoteIdentityKey":"BSQlG7/F7E18lrPDXIkAVErzKJZGOHqty/vogok/44cP"},"_chains":{"BUcVes8m50cMyzvqFtaOY+uJ3PWr9+BgHWHwt2AQPJA2":{"chainKey":{"counter":93,"key":"ZlqWe81/ahSKX5qlN+ED0d+AQiYaVm9UP7PkYDCOsUM="},"chainType":1,"messageKeys":{}}},"pendingPreKey":{"signedKeyId":7,"baseKey":"BUxVdt3gOynEj8enxMeRHzWak0qDH/DuA+uLMNTgZzBJ","preKeyId":2604517}}},"version":"v1"}