{"_sessions":{"BWh2PIuTR31AtM8Kel29wc4xNkKIyNxDvwk78H4u1fkF":{"registrationId":67,"currentRatchet":{"ephemeralKeyPair":{"pubKey":"BSR/jWP/9lwDioyRiQzIQ615+/irlcFjBhtnPyt3Yyk/","privKey":"2BxV5xGsYbn9+/Vx7IYzfsgKlJy6REioZn0xXX9c/1c="},"lastRemoteEphemeralKey":"Bf0b8VImohf0oOJFpQ1CqqG9qU6SB/1glHK4bCxn5ShH","previousCounter":0,"rootKey":"03KgkpWynOw6FQtI0S0Wj0BcKFmy5GrUUqbOfDFBUrc="},"indexInfo":{"baseKey":"BWh2PIuTR31AtM8Kel29wc4xNkKIyNxDvwk78H4u1fkF","baseKeyType":1,"closed":-1,"used":1749274780709,"created":1749274780709,"remoteIdentityKey":"BWvbYK/WtSBQWQ+o/hg7g9F68jMgVkIIOrCeEBNH/qUn"},"_chains":{"BSR/jWP/9lwDioyRiQzIQ615+/irlcFjBhtnPyt3Yyk/":{"chainKey":{"counter":19,"key":"SQP2xRQAs78k2GyvefmRzRBsq2T5eNNVsg5Ew4CxAYI="},"chainType":1,"messageKeys":{}}},"pendingPreKey":{"signedKeyId":1,"baseKey":"BWh2PIuTR31AtM8Kel29wc4xNkKIyNxDvwk78H4u1fkF"}}},"version":"v1"}