{"_sessions":{"BaOJA1GpNC7YC7cktD/Hg+4f2BLIhi3e1Gfc5zaHmy8S":{"registrationId":655482471,"currentRatchet":{"ephemeralKeyPair":{"pubKey":"BUH2Ovd8okFCmjfzoLaAS4nFNmOuqBCMnYh/cCvXRxgc","privKey":"OJfSA8Gojw/QJIUezo6lDK5XHZHIFf7Nz4UfHeht41U="},"lastRemoteEphemeralKey":"BQJU5YHfrKUDV8Ljlz+k8eFc2LBGxf+Z9YlUeSAzc0YQ","previousCounter":0,"rootKey":"P8TGEWchQJdhUrerp8Qh3oNbkOkdNGqV++up2eDa0Kg="},"indexInfo":{"baseKey":"BaOJA1GpNC7YC7cktD/Hg+4f2BLIhi3e1Gfc5zaHmy8S","baseKeyType":1,"closed":-1,"used":1749274781266,"created":1749274781266,"remoteIdentityKey":"BauI9J7G5n2X1RtpWyOIZhXxM5hU9TLxi+qcZEnigmdW"},"_chains":{"BUH2Ovd8okFCmjfzoLaAS4nFNmOuqBCMnYh/cCvXRxgc":{"chainKey":{"counter":93,"key":"n5sjfFXRmnauEIMc7fwLn3zI5hPZDo5w7Jina9tCtek="},"chainType":1,"messageKeys":{}}},"pendingPreKey":{"signedKeyId":0,"baseKey":"BaOJA1GpNC7YC7cktD/Hg+4f2BLIhi3e1Gfc5zaHmy8S","preKeyId":4870291}}},"version":"v1"}