{"_sessions":{"BTKqMTQ3czMEFw9yLVxl6Ky4b8zf93hoyuxYeqQy6xxk":{"registrationId":756696116,"currentRatchet":{"ephemeralKeyPair":{"pubKey":"BaNAXoOLo2EC5iUbXf4VhlSbHeeQp6jtYUak50W4oy9j","privKey":"6HTRFG/oBiPOz8X0HkJMSWDENlsM5X1vq39gJllrMnc="},"lastRemoteEphemeralKey":"BQrU6UTJoeaZYgu6bSY0VPvJgS8Vhe9LXYTkAxkqM8AN","previousCounter":0,"rootKey":"WHXSBFyAmq4ku1Rdb9NTzX/b9WZiKcXvkmzMFhs4+OA="},"indexInfo":{"baseKey":"BTKqMTQ3czMEFw9yLVxl6Ky4b8zf93hoyuxYeqQy6xxk","baseKeyType":1,"closed":-1,"used":1749274781243,"created":1749274781243,"remoteIdentityKey":"BX9zJaJJLorSKgW865YD36gwjdvatwjOzvj5vY3PaIx6"},"_chains":{"BaNAXoOLo2EC5iUbXf4VhlSbHeeQp6jtYUak50W4oy9j":{"chainKey":{"counter":93,"key":"Mr9lBOwZXCWUyL4JlRiGMsUKv+FNHxcSsTPcqdhC/Xk="},"chainType":1,"messageKeys":{}}},"pendingPreKey":{"signedKeyId":5,"baseKey":"BTKqMTQ3czMEFw9yLVxl6Ky4b8zf93hoyuxYeqQy6xxk","preKeyId":7185977}}},"version":"v1"}