{"_sessions":{"BXqArEyz117GXqdjGnhU705aVdCltiRzArcMXQPWqHZi":{"registrationId":78,"currentRatchet":{"ephemeralKeyPair":{"pubKey":"BXFJfz206CXVVYDSUlOqxiZc/LnkbYaoJDXvhGE7+L4a","privKey":"sNPQWfh7U9iY8fx7GMHbNNv89kq4VCjmWrSxcY5afXY="},"lastRemoteEphemeralKey":"BYJXVHJjpM8Nhy84CwJsKzL5jotpQy745sah+MnZJ/N6","previousCounter":0,"rootKey":"jFkUqy/7v2v8kYctC52iAiU0UknfM/HPwuKDejqKXlQ="},"indexInfo":{"baseKey":"BXqArEyz117GXqdjGnhU705aVdCltiRzArcMXQPWqHZi","baseKeyType":1,"closed":-1,"used":1749274780770,"created":1749274780770,"remoteIdentityKey":"BVWzZgilNqRdSnvsIA5rZaI4EZOdpCLw1kCFnFNeshUu"},"_chains":{"BXFJfz206CXVVYDSUlOqxiZc/LnkbYaoJDXvhGE7+L4a":{"chainKey":{"counter":9,"key":"woP1RDWmJVFyVIiLHlfnYnOEvOEEgGpiCc9i1aNojmU="},"chainType":1,"messageKeys":{}}},"pendingPreKey":{"signedKeyId":1,"baseKey":"BXqArEyz117GXqdjGnhU705aVdCltiRzArcMXQPWqHZi"}}},"version":"v1"}