{"_sessions":{"BXpEXIFDHSQiHLxtp2SNSIWI1ba+XPyWgOwpPjz4+44F":{"registrationId":1724764828,"currentRatchet":{"ephemeralKeyPair":{"pubKey":"BabqE3ScKdhYiu70Qa2WV69eXhkIR9ssY1O5fEjO6zhW","privKey":"EAQJ6/xqeG7fZF9ExXlpcv2FmLr6WGnnmhhqHWGC7Uc="},"lastRemoteEphemeralKey":"Bau/7j53gOAuymd2IMXY3KE8n22SYmA7GuxiYeJMt7h+","previousCounter":0,"rootKey":"/BoEANxHHwhsNIaK/0t35TLc5p7HGYznnpBjlZe3OzI="},"indexInfo":{"baseKey":"BXpEXIFDHSQiHLxtp2SNSIWI1ba+XPyWgOwpPjz4+44F","baseKeyType":1,"closed":-1,"used":1749303535181,"created":1749303535181,"remoteIdentityKey":"BdHWPPQSQzVj7IbqLdOL3qxEgogxK3wYe55EDfRLp9Jg"},"_chains":{"BabqE3ScKdhYiu70Qa2WV69eXhkIR9ssY1O5fEjO6zhW":{"chainKey":{"counter":72,"key":"c/vhO+k9hwa6W352V8Gtaipln372NOpRHDf1+fYpjDQ="},"chainType":1,"messageKeys":{}}},"pendingPreKey":{"signedKeyId":0,"baseKey":"BXpEXIFDHSQiHLxtp2SNSIWI1ba+XPyWgOwpPjz4+44F","preKeyId":1383772}}},"version":"v1"}