{"_sessions":{"BbuHhbma3SfmF5MdiOVCobMup5DIZrvFODzfp8S4Gulq":{"registrationId":1605350453,"currentRatchet":{"ephemeralKeyPair":{"pubKey":"BWMcYZHIIbqhLd1xt05W6mcLd/e/6rT2KgEnTzsee0hc","privKey":"ILu33J06+64aI25LrhvfpkXHC7vgXbdPrUb0DaNpNmM="},"lastRemoteEphemeralKey":"BUUm56FoaYRMNKHdEcMP7L2qeWAdDgphXvVcOTZC14sB","previousCounter":0,"rootKey":"jUcR7uNHInMnTb/JpY7deRTK3aFUW/5PgEL9e+Jp/Yc="},"indexInfo":{"baseKey":"BbuHhbma3SfmF5MdiOVCobMup5DIZrvFODzfp8S4Gulq","baseKeyType":1,"closed":-1,"used":1749274780895,"created":1749274780895,"remoteIdentityKey":"BfhGN7iLc3u31p1I0JgxBDhGICKnr0298yZ++RLX2Zsy"},"_chains":{"BWMcYZHIIbqhLd1xt05W6mcLd/e/6rT2KgEnTzsee0hc":{"chainKey":{"counter":93,"key":"pPbi+SqqJbNzxyfXx4BTyeT96LfqnMAyN0rWcuyVJ2Q="},"chainType":1,"messageKeys":{}}},"pendingPreKey":{"signedKeyId":11236795,"baseKey":"BbuHhbma3SfmF5MdiOVCobMup5DIZrvFODzfp8S4Gulq","preKeyId":682}}},"version":"v1"}