{"_sessions":{"BXdpzxhMZNa6rpHTcoiNBQxzRoi7Bixeomu8Z4CxcLBF":{"registrationId":8842,"currentRatchet":{"ephemeralKeyPair":{"pubKey":"Ba5NE9LAh3K6c1/vdNdKV+YRl9c3W4cs0ofQo2AZbtxs","privKey":"uDI18Ouxf9j/DcrxGeh+jlUjh7DaAUgeVIJsH/eEuEQ="},"lastRemoteEphemeralKey":"BeDyb/WH7xMOPatxcDW8XS1KJksX2fSLcjjhbygxL7hF","previousCounter":0,"rootKey":"brD10N2hrhwJjYECrRLiL2UqShlmhMIUlciqTJQ3XUU="},"indexInfo":{"baseKey":"BXdpzxhMZNa6rpHTcoiNBQxzRoi7Bixeomu8Z4CxcLBF","baseKeyType":1,"closed":-1,"used":1749274780805,"created":1749274780805,"remoteIdentityKey":"BVJqNkoHXxUp9DKxKOFCME5wf+GuOj/wYEfE1ZRu2LVN"},"_chains":{"Ba5NE9LAh3K6c1/vdNdKV+YRl9c3W4cs0ofQo2AZbtxs":{"chainKey":{"counter":24,"key":"NEuQHktP5/MvPd4Uen/3NU2S7dyyo0ygxX7MbFVNn6Q="},"chainType":1,"messageKeys":{}}},"pendingPreKey":{"signedKeyId":1,"baseKey":"BXdpzxhMZNa6rpHTcoiNBQxzRoi7Bixeomu8Z4CxcLBF"}}},"version":"v1"}