{"_sessions":{"BZ99k/qlja6e01BGmP73byweE8DsJ07Jc3j2Rskr6oJq":{"registrationId":148,"currentRatchet":{"ephemeralKeyPair":{"pubKey":"BcWYpxvGxNj0qZDxTDtmJ4czqRh/o4razRXOdoDXtQtl","privKey":"GHYudutQu6e0Ro9vay0EuRUm+kCP0eA+OM6xVlezwUM="},"lastRemoteEphemeralKey":"BcAW1DCQ7lfyDv67o6yK+QNHsfHmVZIH0Y5/KMkKPe9A","previousCounter":0,"rootKey":"Cb58Zl3O1HOYnxFB1lvCnaEKzuEbsPzyzsWaBn3fWgU="},"indexInfo":{"baseKey":"BZ99k/qlja6e01BGmP73byweE8DsJ07Jc3j2Rskr6oJq","baseKeyType":1,"closed":1749367096715,"used":1749358808498,"created":1749358808498,"remoteIdentityKey":"Bc+78e5w/QJgoMj0/QBvjK+R1+0W+41n7rSnJKhAkVt/"},"_chains":{"BcWYpxvGxNj0qZDxTDtmJ4czqRh/o4razRXOdoDXtQtl":{"chainKey":{"counter":32,"key":"UpkB2xzbdrYC45JgguXlAqUUlijN+JLZjeemQP+OTZs="},"chainType":1,"messageKeys":{}}},"pendingPreKey":{"signedKeyId":1,"baseKey":"BZ99k/qlja6e01BGmP73byweE8DsJ07Jc3j2Rskr6oJq"}},"BQ+jjoXJr1XZ2h387ZYclnWekRUvwOWebZtZ5gf4UwQG":{"registrationId":148,"currentRatchet":{"ephemeralKeyPair":{"pubKey":"Be8yfv+nM/Fh4bb+1RP/Ink+q0wB0FgC36RYG/gX/l4m","privKey":"WC0GSOWouUTTKLAuzmgT9MBOXUMVpdIpehotJURJ4XU="},"lastRemoteEphemeralKey":"BcAW1DCQ7lfyDv67o6yK+QNHsfHmVZIH0Y5/KMkKPe9A","previousCounter":0,"rootKey":"Bfkd9cyrNSjBfqFNbIn5OKAp04Wa8dXl9IwBzruitO4="},"indexInfo":{"baseKey":"BQ+jjoXJr1XZ2h387ZYclnWekRUvwOWebZtZ5gf4UwQG","baseKeyType":1,"closed":1749384209634,"used":1749367096713,"created":1749367096713,"remoteIdentityKey":"Bc+78e5w/QJgoMj0/QBvjK+R1+0W+41n7rSnJKhAkVt/"},"_chains":{"Be8yfv+nM/Fh4bb+1RP/Ink+q0wB0FgC36RYG/gX/l4m":{"chainKey":{"counter":24,"key":"pZeV4/kjq0pWuNBuiNgaNU+iqSzYugH0GSDgvHCwIJU="},"chainType":1,"messageKeys":{}}},"pendingPreKey":{"signedKeyId":1,"baseKey":"BQ+jjoXJr1XZ2h387ZYclnWekRUvwOWebZtZ5gf4UwQG"}},"BaaC/5NAZT50CrkJruyaYx+6RborY0QvWWglrJ3fOVYT":{"registrationId":148,"currentRatchet":{"ephemeralKeyPair":{"pubKey":"BR+oXNE4pXHYauhzJdhL7WvfijMqJgOew2cNc4hmA/w1","privKey":"cEyQta8zA7Yq/htMKpKQFTHazoMCCM6uiHggz30vwnk="},"lastRemoteEphemeralKey":"BcAW1DCQ7lfyDv67o6yK+QNHsfHmVZIH0Y5/KMkKPe9A","previousCounter":0,"rootKey":"lPnmOUwubXSFossbVeQ9HegOYcGajcc/8kDBJkNmuvU="},"indexInfo":{"baseKey":"BaaC/5NAZT50CrkJruyaYx+6RborY0QvWWglrJ3fOVYT","baseKeyType":1,"closed":-1,"used":1749384209631,"created":1749384209631,"remoteIdentityKey":"Bc+78e5w/QJgoMj0/QBvjK+R1+0W+41n7rSnJKhAkVt/"},"_chains":{"BR+oXNE4pXHYauhzJdhL7WvfijMqJgOew2cNc4hmA/w1":{"chainKey":{"counter":1,"key":"GGNAmNszc46tSdbDLCude0fEISCcLKBWzxMx+o7+ico="},"chainType":1,"messageKeys":{}}},"pendingPreKey":{"signedKeyId":1,"baseKey":"BaaC/5NAZT50CrkJruyaYx+6RborY0QvWWglrJ3fOVYT"}}},"version":"v1"}