{"_sessions":{"BXj0bKp3Ps4tChlbEPSjtJHL+IQlOQ0vqPIgpAdYCih9":{"registrationId":873259921,"currentRatchet":{"ephemeralKeyPair":{"pubKey":"BcPr77wVHKTR/uYyrLR2OsU3qiFmyQwLotJkC+WYbaYf","privKey":"KDyQsxTENbr5w0sxCW8/Qb4WQVv3q5Gtpe1nzVHf9ko="},"lastRemoteEphemeralKey":"BRe4N3SuuLXx5F4OI+IffhufEWuXdAz7XqAITKrwXgRg","previousCounter":0,"rootKey":"dIrp/XgjWDjBp7f36Xo/Y413FjIr1u1cprwzIPs9+e4="},"indexInfo":{"baseKey":"BXj0bKp3Ps4tChlbEPSjtJHL+IQlOQ0vqPIgpAdYCih9","baseKeyType":1,"closed":-1,"used":1749274781275,"created":1749274781275,"remoteIdentityKey":"BbTPr0FD/iqWYsFEa3AEhALXd1gjmXKbXXbDr5LJJapj"},"_chains":{"BcPr77wVHKTR/uYyrLR2OsU3qiFmyQwLotJkC+WYbaYf":{"chainKey":{"counter":93,"key":"G5Ogqy69e45/8XLNdV9xshfLInI5hkZRggOALGUm8Dw="},"chainType":1,"messageKeys":{}}},"pendingPreKey":{"signedKeyId":4,"baseKey":"BXj0bKp3Ps4tChlbEPSjtJHL+IQlOQ0vqPIgpAdYCih9","preKeyId":6491030}}},"version":"v1"}