{"_sessions":{"BfeHpbVTQ0LXagAkF+P5ve8dK7pBnDFFU7Rq6vLoKJ9J":{"registrationId":42723870,"currentRatchet":{"ephemeralKeyPair":{"pubKey":"BWJhleJWyTYbCHn3tIzjUXsR+o/ndedsBUlk2DXuEjN5","privKey":"iKrXWBMB9W026TaQRK2nf0W1EL5oyVaw4r8n1iAVQUI="},"lastRemoteEphemeralKey":"BVK5bFlAAMYfimQWqBV17LNKXVUgHf1DKPeFsTpxw5sI","previousCounter":1,"rootKey":"DuAlT5UUmi5ASPv+k5Va2VaOBO6o84JeK4bU95SG1Xc="},"indexInfo":{"baseKey":"BfeHpbVTQ0LXagAkF+P5ve8dK7pBnDFFU7Rq6vLoKJ9J","baseKeyType":2,"closed":-1,"used":1749384314529,"created":1749274777569,"remoteIdentityKey":"BdG6q7iSK0SCpjsiQgFaad8D9zk5qx4drQblvYGgOZhz"},"_chains":{"BZQgI+e/i3+SyMdmeF4WGW1REqCbdYwm71QKYBnqdydO":{"chainKey":{"counter":0},"chainType":2,"messageKeys":{}},"BchhJPu54mdIICplv+eZ7ROvr/ZrDuZGbOzmfKAjgTdR":{"chainKey":{"counter":0},"chainType":2,"messageKeys":{}},"BTtSQCZwhxbmhn0qfthZMMxmMqIlRrzmkl6FiiEik4Ra":{"chainKey":{"counter":0},"chainType":2,"messageKeys":{}},"BcE/Ift5v+ErOAGW1Q8dnOsuPgPbBT6DI1StkLODkSQg":{"chainKey":{"counter":1},"chainType":2,"messageKeys":{}},"BYybMtRQSE4jOmqn3fSFTdWC72K09mbqmRzLpJy0oo16":{"chainKey":{"counter":0},"chainType":2,"messageKeys":{}},"BYto1OQfdmPXNfd0OFzo5tToGhwUzP6tp1yC+NLbv34k":{"chainKey":{"counter":0},"chainType":2,"messageKeys":{}},"BbFk2a/x4YffWEa4SBlMeG9bTCQh7SN3n79hNfWsTrMF":{"chainKey":{"counter":0},"chainType":2,"messageKeys":{}},"BRZ1naEHVzVdTKtPtr146uQ7oJ8ruIz105YHeo67Qds4":{"chainKey":{"counter":0},"chainType":2,"messageKeys":{}},"Bahi8/p8gAF4Ym7pB5ke8/pjUoc9/Q8b6Yajcg9dfEla":{"chainKey":{"counter":2},"chainType":2,"messageKeys":{}},"BbPtxfvpbOGd/DeUCpUSdoutj0wHeGLbubb2NzRHuu9P":{"chainKey":{"counter":0},"chainType":2,"messageKeys":{}},"BWkKqmDZ4PQEmtn36UsgSetxjeEc1MLLFOr7NbKSShcW":{"chainKey":{"counter":0},"chainType":2,"messageKeys":{}},"BXTguKfaFsmVNRoniZ5ORw5TlJHSTo+KJ66+T/lMUQJR":{"chainKey":{"counter":0},"chainType":2,"messageKeys":{}},"BcmURSRA+eN9JXcxcweeMEU9df6BPPG4EwGcS+1j5tkd":{"chainKey":{"counter":0},"chainType":2,"messageKeys":{}},"BT9NqZgHoRpR86asmTNKXoR2BeMOONGaZ/kYOQSH97cC":{"chainKey":{"counter":0},"chainType":2,"messageKeys":{}},"Bc9gHd1TafQa0GFWeDhwLlo3MzPV6PLt+zMXrZ7jkYZb":{"chainKey":{"counter":0},"chainType":2,"messageKeys":{}},"BU9wJLX3lG0VNPAmWx0HmTPxX2PHbJtN3KBg47OXGi4s":{"chainKey":{"counter":3},"chainType":2,"messageKeys":{}},"BdSWG6Ru3uFbX12WhOiFhKOjsP6yBk1ajPgTv3iFc+Vu":{"chainKey":{"counter":1},"chainType":2,"messageKeys":{}},"BekTfl0VTvBO1Z/GH80r55HAt28QQnv/9x3vtAVDY9oN":{"chainKey":{"counter":0},"chainType":2,"messageKeys":{}},"BSFsrSVD9OrSa7/3m/ohPmQWj3NJnxc57IutWyCHrVZs":{"chainKey":{"counter":1},"chainType":2,"messageKeys":{}},"Bbd8KJIe5Jfk0ecZJRCr8eYfrmzw6RgeqOF9lHhzaw8k":{"chainKey":{"counter":0},"chainType":2,"messageKeys":{}},"BUs1/WDBDZmb/cT8uk+CtqwswOKu+yGybH+MLfvjnGZH":{"chainKey":{"counter":0},"chainType":2,"messageKeys":{}},"BbWDwb6aKFo5+1wOeBhDer1qexrmAsxJl6xGxZwcnXND":{"chainKey":{"counter":0},"chainType":2,"messageKeys":{}},"BYGQPz56QZ8WT/XBljIF2lVmuB6ayFi3XWyNMo8Z9Wcl":{"chainKey":{"counter":0},"chainType":2,"messageKeys":{}},"BbJ7AUtvtRgPC1ZEpSbnhdRuVTXdBdZW5QYSOsa6TFpN":{"chainKey":{"counter":1},"chainType":2,"messageKeys":{"1":"DjQCnuPOJxnV4kbJ1xxWJpRP1ZRuZWOtgqkB7pVtImY="}},"BTCiYh/meJIUW2xrijgm6FNQeZsQdlI64mTz1VkoMzEo":{"chainKey":{"counter":0},"chainType":2,"messageKeys":{}},"BYQqgsQ9ISe9DL8sXRyCOOg13ue9dMoeKlp12BiPXnN0":{"chainKey":{"counter":0},"chainType":2,"messageKeys":{}},"BactXYhVhExlNZneagzMPNh0ckPVqzgXdXPWcSzrc/oQ":{"chainKey":{"counter":0},"chainType":2,"messageKeys":{}},"BS23gsw1YQuvj1hgPC9JXzOtN9X8I16wEyvTp++k3Jo+":{"chainKey":{"counter":0},"chainType":2,"messageKeys":{}},"BapaNb8OPZMbw8jlT/QgQn4n4GALh6tc2daQr1PC6j9N":{"chainKey":{"counter":0},"chainType":2,"messageKeys":{}},"BVBMNckdXeDdkMUHX+63s4zFZ2Ig8vlVPQlrNxVm18g4":{"chainKey":{"counter":0},"chainType":2,"messageKeys":{}},"BWC2zlD33UfykcK9kiA2e8+65kVaLI8P0Q0Q3bTsmYIc":{"chainKey":{"counter":0},"chainType":2,"messageKeys":{}},"BYnuQCgRxVrs6ulF5+fkNPZax54HuzbfgpOV59Cc7VdU":{"chainKey":{"counter":0},"chainType":2,"messageKeys":{}},"BfturQ3xqQDG8YXBeQCdDnI/e5c46hgIZFV+m7bUBnE7":{"chainKey":{"counter":0},"chainType":2,"messageKeys":{}},"BWLLg2xosg/1ktcQDJJalDRc009BSZzeqxGb2GgjZ84o":{"chainKey":{"counter":0},"chainType":2,"messageKeys":{}},"BZJUtIDpN7hSyOrXXTFGBU1iMP7vv6I1HZ3KlOan6BxI":{"chainKey":{"counter":0},"chainType":2,"messageKeys":{}},"BQqd0CscwBqktmTTMcpATNllIIdb7Os5iqCMo85mez4O":{"chainKey":{"counter":0},"chainType":2,"messageKeys":{}},"BSJTLIepXgUhiAZfrhQDYHmdY50oNgjlJHhQ9BumM4Fw":{"chainKey":{"counter":0},"chainType":2,"messageKeys":{}},"BTqSBkGBL9pvwmIPCoG4eumKgI5aqMxXmmIK0/bbDG9v":{"chainKey":{"counter":0},"chainType":2,"messageKeys":{}},"BXVeQCszt9i2260rlOoVPpSY79oFMgQBctZiZUTfGTAZ":{"chainKey":{"counter":1},"chainType":2,"messageKeys":{}},"BZ8GypMWVcd7mKGB+s4f2YqwyIDkuG3Bj8+Pd2FtEy1p":{"chainKey":{"counter":0},"chainType":2,"messageKeys":{}},"BfH0TG7owdYsPKnhbwFUkQVZ7e0oAmvgJjW2q7jbdRZv":{"chainKey":{"counter":0},"chainType":2,"messageKeys":{}},"BdEKd2b6iId9vty177zYAwelu9rqRQJlyQ0vCyMow7hd":{"chainKey":{"counter":0},"chainType":2,"messageKeys":{}},"BYZfN20vqlF6UeDKvVdEd1X7/7kVbyC5m5LgqAZVe8o0":{"chainKey":{"counter":1},"chainType":2,"messageKeys":{}},"BSXY1FckjG6v3UgbPqaQMX1+FgEwO1PSxWWdqrE5RSRy":{"chainKey":{"counter":0},"chainType":2,"messageKeys":{}},"BT/zwahtQCU2jTecoYB9Xg2WSRTAXQVy7TxPOs8g1Y16":{"chainKey":{"counter":0},"chainType":2,"messageKeys":{}},"BbdJNMl+IrVGIbTnokqQvUmfLpyhd9tyAl/LcGRxQS55":{"chainKey":{"counter":0},"chainType":2,"messageKeys":{}},"BaunIsOHFNs4i7Kg6g6m1rVjEXoY4ikQfFhGTXYn/nF6":{"chainKey":{"counter":1},"chainType":2,"messageKeys":{}},"BWojRYdNLC2SyekumsncMWyj4mttrgwvYzpodV7XZb8n":{"chainKey":{"counter":0},"chainType":2,"messageKeys":{}},"BSyArAzrdX4Iag4zgS33fPfppr6TZPtpCAuUos5zXyYX":{"chainKey":{"counter":0},"chainType":2,"messageKeys":{}},"BaiWnt9/9pNChe0ko+Tk1yEX5fHMrXGAaW4909xg808+":{"chainKey":{"counter":0},"chainType":2,"messageKeys":{}},"BVK5bFlAAMYfimQWqBV17LNKXVUgHf1DKPeFsTpxw5sI":{"chainKey":{"counter":0,"key":"GJlLAxJVjJrdaRNRnM0zSaOnsQJASt04hqLq9E7FHmo="},"chainType":2,"messageKeys":{}},"BWJhleJWyTYbCHn3tIzjUXsR+o/ndedsBUlk2DXuEjN5":{"chainKey":{"counter":1,"key":"AupXYowgZfRO8zXKTuRrFJgWiPJnYZhS21mXx2RrpWQ="},"chainType":1,"messageKeys":{}}}}},"version":"v1"}