{"_sessions":{"Be2Xo2f3xZLYPWvcFBbRS16kTactnMCP6Afkg6072XBM":{"registrationId":222995761,"currentRatchet":{"ephemeralKeyPair":{"pubKey":"BeIObGHpa2JWRBxXC+vAo9l44oLvAICmMnA9y7Rk9sJP","privKey":"uPLzbyY+fOjdXXPdAZDNQtNu7QYQ9EApiTBPl5/yUlk="},"lastRemoteEphemeralKey":"BdANKdw9y8h3UI5eEDjj0uds7DDov8Ojj1N4+SFl7YMt","previousCounter":0,"rootKey":"5LohXzPiSz9oK2TTrePsJpD7RUOM1TWnCEZx5gIlLTQ="},"indexInfo":{"baseKey":"Be2Xo2f3xZLYPWvcFBbRS16kTactnMCP6Afkg6072XBM","baseKeyType":1,"closed":-1,"used":1749274781180,"created":1749274781180,"remoteIdentityKey":"BVrwdqL1adVGz3siPlMoOQ8KJyT1Wea27wp37i8OYxp4"},"_chains":{"BeIObGHpa2JWRBxXC+vAo9l44oLvAICmMnA9y7Rk9sJP":{"chainKey":{"counter":93,"key":"eRklPtq4UU44T9xDliT/0kw2JbVbvFTlx/0KYXm5NYY="},"chainType":1,"messageKeys":{}}},"pendingPreKey":{"signedKeyId":0,"baseKey":"Be2Xo2f3xZLYPWvcFBbRS16kTactnMCP6Afkg6072XBM"}}},"version":"v1"}