{"_sessions":{"BVEbgZZPpXElzGbDfQ5tj4Ict0+/HT9mDroteDOHjspN":{"registrationId":1925620332,"currentRatchet":{"ephemeralKeyPair":{"pubKey":"BbDIOzspntInXFBUX4fPWxoAI06F4yclVbhzBn6fuKs3","privKey":"IMzF1cC7ZOJWhrep2xt7OK4szeuBawXiiMNgeVmdvVk="},"lastRemoteEphemeralKey":"BVOYvqaE/FU5KQBphEUA9DuxEgjsLLR6QWvk8zAJKdtu","previousCounter":0,"rootKey":"weHVOTQIUzsDx1yRzK1I17RDsj0LXiGXdx1fLsZAGNo="},"indexInfo":{"baseKey":"BVEbgZZPpXElzGbDfQ5tj4Ict0+/HT9mDroteDOHjspN","baseKeyType":1,"closed":-1,"used":1749274781136,"created":1749274781136,"remoteIdentityKey":"BeffqztAgiYLB7ZRgJddfFbuNqVTefpdZP3uhvLjO/Eg"},"_chains":{"BbDIOzspntInXFBUX4fPWxoAI06F4yclVbhzBn6fuKs3":{"chainKey":{"counter":93,"key":"lcXGHgAw22Ws3WT+tGLV27ksmnvY9sjtCJZQTMvsUuQ="},"chainType":1,"messageKeys":{}}},"pendingPreKey":{"signedKeyId":7,"baseKey":"BVEbgZZPpXElzGbDfQ5tj4Ict0+/HT9mDroteDOHjspN","preKeyId":10215400}}},"version":"v1"}