{"_sessions":{"Be1RZITeiz7aYXvp1WrsteAlDkBaf/Wp9PNEstifKfxR":{"registrationId":248,"currentRatchet":{"ephemeralKeyPair":{"pubKey":"BWpuhJuhnSE94rEmpfOqX5rchYMeff5GYPGAYkkwt44R","privKey":"UF7eWzPU9xtQWQtRY1DiS1PIfyNBmmz+3Vk/VD9ZuXE="},"lastRemoteEphemeralKey":"BfIZwBL1+uYemVLwBAovuqvdHvnLjGb0td+6i/7IkkgB","previousCounter":0,"rootKey":"NLOrRE/jE7SB2J9ToZiZlSGhHRo3mPUhzzM4EBWdsa0="},"indexInfo":{"baseKey":"Be1RZITeiz7aYXvp1WrsteAlDkBaf/Wp9PNEstifKfxR","baseKeyType":1,"closed":-1,"used":1749274780763,"created":1749274780763,"remoteIdentityKey":"BZADsUI80PSM3m1GHcQOQEvhD1DLLu4p8XWvBcaxOQ9U"},"_chains":{"BWpuhJuhnSE94rEmpfOqX5rchYMeff5GYPGAYkkwt44R":{"chainKey":{"counter":9,"key":"qf8HEGKmwd/RWbGSDmz1PnoMDLlbQAEdgypBLnI/zk4="},"chainType":1,"messageKeys":{}}},"pendingPreKey":{"signedKeyId":1,"baseKey":"Be1RZITeiz7aYXvp1WrsteAlDkBaf/Wp9PNEstifKfxR"}}},"version":"v1"}