{"_sessions":{"BZ7unJ6pd6taf+UG7J4JCGV+rdjOf4PgTAS8kQpnQYVO":{"registrationId":187308664,"currentRatchet":{"ephemeralKeyPair":{"pubKey":"BR7ResfdHiAGm0f71CW8OC6tfgm0QunuY8JIe7ZpF5Nl","privKey":"AMNh2oDv3c5RsS833VzJZIkuLqC3B7PfTx8DgTYMUGU="},"lastRemoteEphemeralKey":"BRaR4sg52b4e7sRh1S5S/VQQEdzPLUxl4O5kP92Fqc95","previousCounter":0,"rootKey":"H37X7f1V0dGZ8HVmFdEE/g6cDWu6a8KBjiG+HNTqeUw="},"indexInfo":{"baseKey":"BZ7unJ6pd6taf+UG7J4JCGV+rdjOf4PgTAS8kQpnQYVO","baseKeyType":1,"closed":-1,"used":1749274781171,"created":1749274781171,"remoteIdentityKey":"Ba7FZzJBTCHKqh/J3+pH9wFoWH6zvCXrwt3lNZQc/0dB"},"_chains":{"BR7ResfdHiAGm0f71CW8OC6tfgm0QunuY8JIe7ZpF5Nl":{"chainKey":{"counter":93,"key":"+jQRCXd3bEGYBZUWg+WAddNIwbxVt6cE16M0nmJxLuM="},"chainType":1,"messageKeys":{}}},"pendingPreKey":{"signedKeyId":0,"baseKey":"BZ7unJ6pd6taf+UG7J4JCGV+rdjOf4PgTAS8kQpnQYVO","preKeyId":8238872}}},"version":"v1"}