{"_sessions":{"BV4LeTjGfjIB7TYhsx9O7iov1uw8LLRmuGHMC7n8LpcU":{"registrationId":1109897987,"currentRatchet":{"ephemeralKeyPair":{"pubKey":"BTGEWPf/PHYvVa09k3izQU75mRtdbC4YwoEvF4v90FIu","privKey":"sNhRMGzEY1JAQTPrhZTh2pezY/DFHz9DFFmOvSGU42U="},"lastRemoteEphemeralKey":"BTdl8+vFl4nMxeAAoj4qSgi7S9PvJ86JOTUcvRT1SXtK","previousCounter":0,"rootKey":"xPMpmx5iOzsJE3v/KS3mXsLwauoxjxuDksOHym3Puxo="},"indexInfo":{"baseKey":"BV4LeTjGfjIB7TYhsx9O7iov1uw8LLRmuGHMC7n8LpcU","baseKeyType":1,"closed":-1,"used":1749274780936,"created":1749274780936,"remoteIdentityKey":"BUO8Qd0wh8fp09K0VHAHk9V0slx8hfFxWIpyqQ8ZyQ46"},"_chains":{"BTGEWPf/PHYvVa09k3izQU75mRtdbC4YwoEvF4v90FIu":{"chainKey":{"counter":93,"key":"vlQF7ysFsdRcty6iHRe18iux2OLjsXNtuesiddeTU7w="},"chainType":1,"messageKeys":{}}},"pendingPreKey":{"signedKeyId":10,"baseKey":"BV4LeTjGfjIB7TYhsx9O7iov1uw8LLRmuGHMC7n8LpcU","preKeyId":13391144}}},"version":"v1"}