{"_sessions":{"BTrz90HInKl7iuWcoTSGM1RwVMH41sAfFPgk8oSly6NT":{"registrationId":58033651,"currentRatchet":{"ephemeralKeyPair":{"pubKey":"BXfnCp0zsSh4wvee3AWQZ/UT835iO7pQI8we8xidQpQF","privKey":"eMaZSQm1Ol+Qt7U6z8gWyFh+BEQ8wR2uiyuh8zPspkU="},"lastRemoteEphemeralKey":"BTdX0QhLtHeqh4SSVKCjnE+TrDOizc0VnCxHqkDoCUFp","previousCounter":0,"rootKey":"v7wyYPYa37IWG/gLq7zuihlvY88eQ5H5d64rFd9NoJI="},"indexInfo":{"baseKey":"BTrz90HInKl7iuWcoTSGM1RwVMH41sAfFPgk8oSly6NT","baseKeyType":1,"closed":-1,"used":1749274781270,"created":1749274781270,"remoteIdentityKey":"BaQqgpnYGLcnYg3Om12Y8I24nc/mcqJze8kh/SZSz7Rl"},"_chains":{"BXfnCp0zsSh4wvee3AWQZ/UT835iO7pQI8we8xidQpQF":{"chainKey":{"counter":93,"key":"roJ5Uy6ESv8/K+vldgnWbB0/xPBoF1bz0Glnvw85hPc="},"chainType":1,"messageKeys":{}}},"pendingPreKey":{"signedKeyId":0,"baseKey":"BTrz90HInKl7iuWcoTSGM1RwVMH41sAfFPgk8oSly6NT"}}},"version":"v1"}