{"_sessions":{"BSM0D9Ktrr9VQUEBVI7ncfHQlOvr0BfBRIBVDnqrAzMo":{"registrationId":558703691,"currentRatchet":{"ephemeralKeyPair":{"pubKey":"BQ9FmPWEK5rbZ/WEWFXbPQzSDO3RD+MuBMIWFj88YeFx","privKey":"OBs7+y728pk3qBm6mkKEF2c52hvWcVySB973oGwghGw="},"lastRemoteEphemeralKey":"BUCFEgjZsb93qaTZtbsJXo7AbHofJwCD9VeJrYJO12gu","previousCounter":0,"rootKey":"tuJ51ppa/RXRiPplNDpkBOEZaJE8+djGKCGGB2nbce0="},"indexInfo":{"baseKey":"BSM0D9Ktrr9VQUEBVI7ncfHQlOvr0BfBRIBVDnqrAzMo","baseKeyType":1,"closed":-1,"used":1749274780977,"created":1749274780977,"remoteIdentityKey":"BZIy5W+vjZYAUDQcwvL+U2xdfrJGH3zC6IyeCvnGDME3"},"_chains":{"BQ9FmPWEK5rbZ/WEWFXbPQzSDO3RD+MuBMIWFj88YeFx":{"chainKey":{"counter":93,"key":"VDQ4WBA/BObY0nMm4pMrlSRlyXNlTW++dDCtqc/cvhw="},"chainType":1,"messageKeys":{}}},"pendingPreKey":{"signedKeyId":0,"baseKey":"BSM0D9Ktrr9VQUEBVI7ncfHQlOvr0BfBRIBVDnqrAzMo"}}},"version":"v1"}