{"_sessions":{"BYrjMXN/9NdC12eB2qMaCspU4MC3G+4aczAWHLSS9rsI":{"registrationId":1939911431,"currentRatchet":{"ephemeralKeyPair":{"pubKey":"BX0kk4oybqlbMnsKz9T0UnhWmhZ5/rHjfQDyXNffh1ly","privKey":"aJSCQkhk/ojnXlDl9ZCcxT+buUTRAB/enPvwJ4srNk0="},"lastRemoteEphemeralKey":"BZWN9diWGhCOkCR2kbWCx9pCvJOxBZAGmXY/AG04pDx7","previousCounter":0,"rootKey":"shVWu5C0tDUdpR4i86Nh8zMrqC3Zh+VL4Xnj7v5CIGE="},"indexInfo":{"baseKey":"BYrjMXN/9NdC12eB2qMaCspU4MC3G+4aczAWHLSS9rsI","baseKeyType":1,"closed":-1,"used":1749274781228,"created":1749274781228,"remoteIdentityKey":"BVdr/RNP0b1BBSjcctz0jltzlbr0oMnvUiW+1Cw9sGlb"},"_chains":{"BX0kk4oybqlbMnsKz9T0UnhWmhZ5/rHjfQDyXNffh1ly":{"chainKey":{"counter":93,"key":"ZS0ShGYJMsBqoqJO4Py5395SXRireEjVQ/9oqKdTOPs="},"chainType":1,"messageKeys":{}}},"pendingPreKey":{"signedKeyId":1,"baseKey":"BYrjMXN/9NdC12eB2qMaCspU4MC3G+4aczAWHLSS9rsI","preKeyId":11664097}}},"version":"v1"}