{"_sessions":{"BeWdLSAGY3I6qrT7hw9lDbsdUZTueqU2aDplbRVcbBg8":{"registrationId":1442294481,"currentRatchet":{"ephemeralKeyPair":{"pubKey":"BZw2HV5n/1UzOC871AdczUPnTCM1xIcT15UaJUTiWvFG","privKey":"SMtnGpFia34xJuFmgCuqp05oVtZykBna4DvXdoVCMmQ="},"lastRemoteEphemeralKey":"BZSYZ79+IuOLt65P3yMqgXAS/8p8eT/c3yDsfyI9VNR8","previousCounter":0,"rootKey":"1YLv5UFJwwZC9yLqm9JUNj7sf2hqWSpcQ1Jnn5h6HOI="},"indexInfo":{"baseKey":"BeWdLSAGY3I6qrT7hw9lDbsdUZTueqU2aDplbRVcbBg8","baseKeyType":1,"closed":-1,"used":1749274780997,"created":1749274780997,"remoteIdentityKey":"Bd+w2cpcKkkY6VZ9f/82kS/DWuk+TsZNc1ZkiMtKlvAH"},"_chains":{"BZw2HV5n/1UzOC871AdczUPnTCM1xIcT15UaJUTiWvFG":{"chainKey":{"counter":93,"key":"lawZSH2S4hC4KL/6ptsLPLG4Zn3QlLskyDEjTgwQG+0="},"chainType":1,"messageKeys":{}}},"pendingPreKey":{"signedKeyId":6,"baseKey":"BeWdLSAGY3I6qrT7hw9lDbsdUZTueqU2aDplbRVcbBg8"}}},"version":"v1"}