{"_sessions":{"BTaRy3X5AT9ZErE/LI+DOUDcslr+5Nh378vZM//nDY9i":{"registrationId":1206874166,"currentRatchet":{"ephemeralKeyPair":{"pubKey":"Bc21qQnyRs6YammlfFczed3L8P0r5X6sz4WRjgXSLuhj","privKey":"8A75K3MYfdAqr9PNjPTV0q5Pt1XaFkomeU7Jzcm7rmI="},"lastRemoteEphemeralKey":"BbZi9hlFDYr01S42vZyr3m9oN3ViCBnx0+5CilnioosZ","previousCounter":0,"rootKey":"gt2W1Sa6EHSoUSQq/Zlteptx5fOXtrK5qEJcFr7tp18="},"indexInfo":{"baseKey":"BTaRy3X5AT9ZErE/LI+DOUDcslr+5Nh378vZM//nDY9i","baseKeyType":1,"closed":-1,"used":1749274780931,"created":1749274780931,"remoteIdentityKey":"BbT2vgyAHAEFyXhFE5CjXZCFcBiQ2KUdUYJdPr+bEjEl"},"_chains":{"Bc21qQnyRs6YammlfFczed3L8P0r5X6sz4WRjgXSLuhj":{"chainKey":{"counter":93,"key":"C2N7/qLVRpwUO1gOSMThsZipC064i/K1Siwtpeelvm0="},"chainType":1,"messageKeys":{}}},"pendingPreKey":{"signedKeyId":4,"baseKey":"BTaRy3X5AT9ZErE/LI+DOUDcslr+5Nh378vZM//nDY9i","preKeyId":8881507}}},"version":"v1"}