{"_sessions":{"BT68sT+YUmM3rTt24DAybw43iBEnRzb5zvD370Xt5ns1":{"registrationId":1121625410,"currentRatchet":{"ephemeralKeyPair":{"pubKey":"BYN9PuQ9dYAlFs4GPJsPEI8h5xJX7znlF2ESg9Jbyic2","privKey":"0CDEpppZuzAgtb2k1jXwXVNQloQcUMrGGgSIH3SxwGY="},"lastRemoteEphemeralKey":"BSRW9xQ/G4DJXY9enlYsO0WTE6qw5D9PTdFhva+8fhYb","previousCounter":0,"rootKey":"N2Dpxc84C6wKH6sldGNW+yiEmnlFAdKID6BayAa8Mhw="},"indexInfo":{"baseKey":"BT68sT+YUmM3rTt24DAybw43iBEnRzb5zvD370Xt5ns1","baseKeyType":1,"closed":-1,"used":1749274780790,"created":1749274780790,"remoteIdentityKey":"BaZ0si9baQqdVIYw5csw7AdFdOMn35I0eBcQOJ5LZCcz"},"_chains":{"BYN9PuQ9dYAlFs4GPJsPEI8h5xJX7znlF2ESg9Jbyic2":{"chainKey":{"counter":93,"key":"Vsm9zNuBzETpvOuWacpzd14aaD0uVHsDzZsbIMBnsCg="},"chainType":1,"messageKeys":{}}},"pendingPreKey":{"signedKeyId":0,"baseKey":"BT68sT+YUmM3rTt24DAybw43iBEnRzb5zvD370Xt5ns1","preKeyId":9683117}}},"version":"v1"}