{"_sessions":{"BZ9VxneJ3iRSV/ICqEH1MKz6EqEse8pQUfhUOS9diF8V":{"registrationId":1047301873,"currentRatchet":{"ephemeralKeyPair":{"pubKey":"BXhMZ2QY6qMZaPAMcfM9HsCUmj0irExbyHKLhNJeZjts","privKey":"eGpaNbxkH9+t4veXDoyRtQUSVAQTfBhPtO5nc+cWrFw="},"lastRemoteEphemeralKey":"BYEGc2jVARfB3vwDR6AKD72l0w5sVss0N+rZ7oxcBU9X","previousCounter":0,"rootKey":"LGjMJ6b6Vw0KW1L8NY6n4lZKAD1dm2AAIZAXhMJm7qk="},"indexInfo":{"baseKey":"BZ9VxneJ3iRSV/ICqEH1MKz6EqEse8pQUfhUOS9diF8V","baseKeyType":1,"closed":-1,"used":1749274781167,"created":1749274781167,"remoteIdentityKey":"BXyszMA22Rq7fB/2ftF6bX8oYxIY+Cdfq8RXYlsGpAU4"},"_chains":{"BXhMZ2QY6qMZaPAMcfM9HsCUmj0irExbyHKLhNJeZjts":{"chainKey":{"counter":93,"key":"rCiajJxXJVcOqH1jYzVe+ej+gCsm1cWuRRfz5HrE4cE="},"chainType":1,"messageKeys":{}}},"pendingPreKey":{"signedKeyId":1,"baseKey":"BZ9VxneJ3iRSV/ICqEH1MKz6EqEse8pQUfhUOS9diF8V"}}},"version":"v1"}