{"_sessions":{"BUvnVg1l6UbNCq2ZwlQvSp114ne+PikVEcH8oasLBaxs":{"registrationId":1844664646,"currentRatchet":{"ephemeralKeyPair":{"pubKey":"BcBsKjj8nnf26hUL2cM+GqDynNEB8BaLW5m+SkM6w6ID","privKey":"oP5ipIflm4tGNKyL8pKcBWoagZd+IwjBQYvhte2vA3U="},"lastRemoteEphemeralKey":"BctSTFyWi5f0M/OCCHX5pVe7IxjeJowLIpSt2QY33jQy","previousCounter":5,"rootKey":"+s7h2hLiaGqq6z9a80obwQaeoLrBvygnbeaJI/JFND8="},"indexInfo":{"baseKey":"BUvnVg1l6UbNCq2ZwlQvSp114ne+PikVEcH8oasLBaxs","baseKeyType":1,"closed":-1,"used":1749382545957,"created":1749274781284,"remoteIdentityKey":"BZHn7a2ZtLvL5HgorqPo54zAdgAX/5H/fUNX4rM1jd0D"},"_chains":{"BRbv+PfkhYf00u6uNRNqvi0DEpVHuez2CG1kRbAxmo5M":{"chainKey":{"counter":0},"chainType":2,"messageKeys":{}},"BctSTFyWi5f0M/OCCHX5pVe7IxjeJowLIpSt2QY33jQy":{"chainKey":{"counter":0,"key":"1x8YuwEaqijkPc30Hdbnoc9kaUiCAPJJ3O9Jm4jj4JA="},"chainType":2,"messageKeys":{}},"BcBsKjj8nnf26hUL2cM+GqDynNEB8BaLW5m+SkM6w6ID":{"chainKey":{"counter":10,"key":"JxfgJzr0ihtMfjMcGs8m0jaJbAO4WSKk+G9O5Jj0bKY="},"chainType":1,"messageKeys":{}}}}},"version":"v1"}