{"_sessions":{"BceLr+UwRksVBD9bC2K247EQ/t2jTjPYZK4WRvulp7YY":{"registrationId":1449928742,"currentRatchet":{"ephemeralKeyPair":{"pubKey":"BWeGyaDRqcszAMyiKkIZWtiHbg+5nA51fiwmtXPig8gS","privKey":"oMTJvJL1WXXJjswV44Tj0HimqTg4/O3frklH8Zcbb28="},"lastRemoteEphemeralKey":"BcyzLbV3LNzta938ZQBUuB3HaVP5bULUb48k0PXLmEov","previousCounter":0,"rootKey":"mkremOCTz9/LUYyf+ON9koabMJNtY4Fd1hK2xVT+4gs="},"indexInfo":{"baseKey":"BceLr+UwRksVBD9bC2K247EQ/t2jTjPYZK4WRvulp7YY","baseKeyType":1,"closed":-1,"used":1749274781071,"created":1749274781071,"remoteIdentityKey":"Bbq0zpQlo9CgNLMQC9hhv4Vgfb+9u9h2QWAw9FiDSAVd"},"_chains":{"BWeGyaDRqcszAMyiKkIZWtiHbg+5nA51fiwmtXPig8gS":{"chainKey":{"counter":93,"key":"ZWtnB8zaquVMnaVrPHCSeqSeRlSHIe/m09RsKx+PTEs="},"chainType":1,"messageKeys":{}}},"pendingPreKey":{"signedKeyId":6,"baseKey":"BceLr+UwRksVBD9bC2K247EQ/t2jTjPYZK4WRvulp7YY","preKeyId":1786686}}},"version":"v1"}