{"_sessions":{"BQ3zjDaJ3hWeUl9STBvQkjP4q3eeCCLOc8BmkxaI4F4a":{"registrationId":107,"currentRatchet":{"ephemeralKeyPair":{"pubKey":"BS4+I8xBJ5glHEgxxLahCReuqt5yaYV60xrin5kYlZte","privKey":"6IwZ6U5zYJJRzaAJL4RNCyHgHg8mAWiOda6aAigHeVg="},"lastRemoteEphemeralKey":"BRRBAfF7xwJtItSkL1yEaYC9A/niUGn2kcuQPmkCMscb","previousCounter":0,"rootKey":"T8Z2LiwY3sqoT1SDWiz5R/cy0tvN5L7Ya78YEXPQAIM="},"indexInfo":{"baseKey":"BQ3zjDaJ3hWeUl9STBvQkjP4q3eeCCLOc8BmkxaI4F4a","baseKeyType":1,"closed":-1,"used":1749274780744,"created":1749274780744,"remoteIdentityKey":"Bcb5FsLoiv6ckFGd08C9/PatvshdOXnPTtZrlxYxvUoA"},"_chains":{"BS4+I8xBJ5glHEgxxLahCReuqt5yaYV60xrin5kYlZte":{"chainKey":{"counter":32,"key":"8ZknNlE4uCbAXkekLMglKzJ576/OagYSj/3gp7bmhlc="},"chainType":1,"messageKeys":{}}},"pendingPreKey":{"signedKeyId":1,"baseKey":"BQ3zjDaJ3hWeUl9STBvQkjP4q3eeCCLOc8BmkxaI4F4a"}}},"version":"v1"}