{"_sessions":{"Bc6avksljKexTKLpXzYnhi5yTrJI6ikOWsE0CkASBccr":{"registrationId":11196,"currentRatchet":{"ephemeralKeyPair":{"pubKey":"BcG/pLKl/NCpDrJ4/EryiQ4nOcfKA+MhDHP1QV0AqvZn","privKey":"6KAl7vuelkB4/Kly28wnMiD3ILeJ+79VPwJNlo/5tEw="},"lastRemoteEphemeralKey":"Beq03fU7ICgxSU8IcvlXX8qzlv631o8KErO/epa7UK1n","previousCounter":0,"rootKey":"/VQqFfnOIbUqRWPVfcSV/Rqp5OxEt4k2fvGjpiWb3lI="},"indexInfo":{"baseKey":"Bc6avksljKexTKLpXzYnhi5yTrJI6ikOWsE0CkASBccr","baseKeyType":1,"closed":-1,"used":1749274780698,"created":1749274780698,"remoteIdentityKey":"BayoLLGxGSCJ9T+tdPudhWGjLP6sqatzdr+Py9mWaHBK"},"_chains":{"BcG/pLKl/NCpDrJ4/EryiQ4nOcfKA+MhDHP1QV0AqvZn":{"chainKey":{"counter":93,"key":"/dUuZSOebWHslhyvck2jqWafQNOMBPICV+BCgJBPUP4="},"chainType":1,"messageKeys":{}}},"pendingPreKey":{"signedKeyId":1,"baseKey":"Bc6avksljKexTKLpXzYnhi5yTrJI6ikOWsE0CkASBccr"}}},"version":"v1"}