{"_sessions":{"BbOWn/q5paoeUO9QgkMUYsklL7DseNDMX5gPGDnimKV3":{"registrationId":610291155,"currentRatchet":{"ephemeralKeyPair":{"pubKey":"BViurlPd5Fy6wtdESshGKexDVhB8DoL7mJTarQlKcvEM","privKey":"mImiwMypfIpijWJRlYnc5iAH2LfNnOcncYYW2QoNCFE="},"lastRemoteEphemeralKey":"Bcjw1JTupeFfopGiIJ9etNQvirtj0NiTAXfEMACFagQa","previousCounter":11,"rootKey":"bfOxBJVQ/xyWL8xITB47q+mEAxonIo6ZCaY5/qIsfuk="},"indexInfo":{"baseKey":"BbOWn/q5paoeUO9QgkMUYsklL7DseNDMX5gPGDnimKV3","baseKeyType":1,"closed":-1,"used":1749382598431,"created":1749301997386,"remoteIdentityKey":"BXl5aEcYk+4udq86dDz3I+NLq7TGkzkU870f3RJqyOYl"},"_chains":{"Bcia3QIZHfzEu4lNetZGLRmeKvqVt1r1XOuUL5X5CC9V":{"chainKey":{"counter":0},"chainType":2,"messageKeys":{}},"BRRTPurYoFBMBHnaOHTaRqJ1PVk/pCU3wKjOx0vbq697":{"chainKey":{"counter":0},"chainType":2,"messageKeys":{}},"Bcjw1JTupeFfopGiIJ9etNQvirtj0NiTAXfEMACFagQa":{"chainKey":{"counter":0,"key":"Iv3p2YsmhPs/kClB2rMz4T5FwbRdEAtv2s+HN+pPA7Y="},"chainType":2,"messageKeys":{}},"BViurlPd5Fy6wtdESshGKexDVhB8DoL7mJTarQlKcvEM":{"chainKey":{"counter":10,"key":"JgeSWN4F8Fl4wmel6OYfJ/UyK2x36ONplxv+k8DvoNg="},"chainType":1,"messageKeys":{}}}}},"version":"v1"}