{"_sessions":{"BQEnesGv6moyUhPSG7qvTPX/EIpB54W/rZIlZ9FSeUwJ":{"registrationId":106,"currentRatchet":{"ephemeralKeyPair":{"pubKey":"BQUk2q3I/q/xDorg+DupeUpr/ir47ORHPdQV/IL48Y8+","privKey":"qMrYWjFYLeDy7A3HrrI9UCa3CLBIASWZz36XLDUbbHs="},"lastRemoteEphemeralKey":"Bcu3Az7V6pEMHw7l/O3lPLJsa1G+VLwPGUo0dplwRV4+","previousCounter":0,"rootKey":"lrWLsnQaxwIXteSjZADa5w2P5lxp4ThO0VaID+G4TRo="},"indexInfo":{"baseKey":"BQEnesGv6moyUhPSG7qvTPX/EIpB54W/rZIlZ9FSeUwJ","baseKeyType":1,"closed":-1,"used":1749274780702,"created":1749274780702,"remoteIdentityKey":"BbhdgW6Jj9bzoONC2lK7+FfSTSmDpiMrXddbCCr9RqFE"},"_chains":{"BQUk2q3I/q/xDorg+DupeUpr/ir47ORHPdQV/IL48Y8+":{"chainKey":{"counter":93,"key":"8fkdEbIg6FSrbfKAUpC3qUYEk+zAS2r+CepqL3V/3aA="},"chainType":1,"messageKeys":{}}},"pendingPreKey":{"signedKeyId":1,"baseKey":"BQEnesGv6moyUhPSG7qvTPX/EIpB54W/rZIlZ9FSeUwJ"}}},"version":"v1"}