{"_sessions":{"BQv3uP9uvt69mEoGb5o16z2onYmyPI3QbTDE+6eDT81k":{"registrationId":15635,"currentRatchet":{"ephemeralKeyPair":{"pubKey":"BfSyXNXWmQY/5+U0Carkei3cjkZUvzj0xL3hEOdxXfR6","privKey":"+HPGPcixn7hwGls8bcXRCVHAe83rREG/aCuQWO4cbGo="},"lastRemoteEphemeralKey":"BfY7xEm/1Qa+escyYyMfMN52Yx1CcO5EK+znYDgwoZIL","previousCounter":0,"rootKey":"dgHeq4NgTA8rS+wHausvgb+46zEuMZTkSkUZlowGAbs="},"indexInfo":{"baseKey":"BQv3uP9uvt69mEoGb5o16z2onYmyPI3QbTDE+6eDT81k","baseKeyType":1,"closed":-1,"used":1749274780774,"created":1749274780774,"remoteIdentityKey":"BWY/LmfT8HOTCFpUKjdNaVcwKUMsXs6Q5+2B/UI3jikF"},"_chains":{"BfSyXNXWmQY/5+U0Carkei3cjkZUvzj0xL3hEOdxXfR6":{"chainKey":{"counter":93,"key":"dpLslU4cZ4f6TCyeXWuQysDhctJl/9kZhkmcl3Lq+j4="},"chainType":1,"messageKeys":{}}},"pendingPreKey":{"signedKeyId":1,"baseKey":"BQv3uP9uvt69mEoGb5o16z2onYmyPI3QbTDE+6eDT81k"}}},"version":"v1"}