{"_sessions":{"BXREAgPVrn775YWJAKTJc5Vp33WEpLRVcoXjdehOhLd6":{"registrationId":655037135,"currentRatchet":{"ephemeralKeyPair":{"pubKey":"BQsgtodJxo9pajmVno2voEl73R/0I1VJEnFaYESOytoS","privKey":"YGrvw+AvXzLBeYREiiWQDRh/lBtGdnkkKd0UerLbvFQ="},"lastRemoteEphemeralKey":"BfF064V1BetizJ0dBDvA61HLjQk+bXBXMusqbComClAb","previousCounter":0,"rootKey":"MS0/8e1FrvNEfBRHVIlb6ESOQKOWBKtT77LvGNMvuyc="},"indexInfo":{"baseKey":"BXREAgPVrn775YWJAKTJc5Vp33WEpLRVcoXjdehOhLd6","baseKeyType":1,"closed":-1,"used":1749274780922,"created":1749274780922,"remoteIdentityKey":"BUQpFk2JCloCK3zuqAhaeYYTYh96ykFkpyBukHrX0s44"},"_chains":{"BQsgtodJxo9pajmVno2voEl73R/0I1VJEnFaYESOytoS":{"chainKey":{"counter":93,"key":"s/655IE4NyajR4bljWLUcxM3YLyiw3rzInMTRZsMSa8="},"chainType":1,"messageKeys":{}}},"pendingPreKey":{"signedKeyId":10,"baseKey":"BXREAgPVrn775YWJAKTJc5Vp33WEpLRVcoXjdehOhLd6","preKeyId":3184915}}},"version":"v1"}