{"_sessions":{"Bc9nBx/LRn9dQT+n0STpQ2GG+rFqusVmOCpjJ7rDxQ8P":{"registrationId":3271873103,"currentRatchet":{"ephemeralKeyPair":{"pubKey":"BYBKHWxPMVMScgAR7tv+uR/uHJf6QTmmdaONiz8nr2pA","privKey":"6IfCTepYHSzTkNbAnHNGdiPVcpYrUGiph8GBFEwsC04="},"lastRemoteEphemeralKey":"BaNq2p2ZOUQj7JCxP1uHeGQGsIHYkkcpGzRkFAxuktsQ","previousCounter":0,"rootKey":"gcBO+KWtO/ajfUIEVHlPNsimxTrMTdSL1fXSaC2wdSQ="},"indexInfo":{"baseKey":"Bc9nBx/LRn9dQT+n0STpQ2GG+rFqusVmOCpjJ7rDxQ8P","baseKeyType":1,"closed":1749345710863,"used":1749274780668,"created":1749274780668,"remoteIdentityKey":"BZ4kz2ppbtszLHQW9Ispa90nxgcrGnn8GH36IGmc6FoT"},"_chains":{"BYBKHWxPMVMScgAR7tv+uR/uHJf6QTmmdaONiz8nr2pA":{"chainKey":{"counter":30,"key":"Q6EPlXbf6E2kqyR/dj57IBS96/ZL7Et6Z+uuqS+pwSU="},"chainType":1,"messageKeys":{}}},"pendingPreKey":{"signedKeyId":1,"baseKey":"Bc9nBx/LRn9dQT+n0STpQ2GG+rFqusVmOCpjJ7rDxQ8P"}},"Bf2XlD2DnZxf1mNu8kZQ0mlzT1PezYs0jSM3huXoPupB":{"registrationId":3271873103,"currentRatchet":{"ephemeralKeyPair":{"pubKey":"BUwEXoXsmnsGvfB3HhMiUEsap6VaJMUmKZiurbsieckp","privKey":"2OB1qNsW+vUkxE7hkP0iKyC2sWfyWTx4bJOOO+5F20w="},"lastRemoteEphemeralKey":"BaNq2p2ZOUQj7JCxP1uHeGQGsIHYkkcpGzRkFAxuktsQ","previousCounter":0,"rootKey":"Mn6FnM9Pxs4oGJnrQS7O0+e5VhaWwVO+TXtNfbBXKYE="},"indexInfo":{"baseKey":"Bf2XlD2DnZxf1mNu8kZQ0mlzT1PezYs0jSM3huXoPupB","baseKeyType":1,"closed":1749345711926,"used":1749345710861,"created":1749345710861,"remoteIdentityKey":"BZ4kz2ppbtszLHQW9Ispa90nxgcrGnn8GH36IGmc6FoT"},"_chains":{"BUwEXoXsmnsGvfB3HhMiUEsap6VaJMUmKZiurbsieckp":{"chainKey":{"counter":0,"key":"H0nkPFOCNojcntffkOi5GvOsgwhbnLvU5ErrnQD52zo="},"chainType":1,"messageKeys":{}}},"pendingPreKey":{"signedKeyId":1,"baseKey":"Bf2XlD2DnZxf1mNu8kZQ0mlzT1PezYs0jSM3huXoPupB"}},"BcNkwmyltF9UiwOvM6aX0YckqP8WIJuW1+t91WdMGZYo":{"registrationId":3271873103,"currentRatchet":{"ephemeralKeyPair":{"pubKey":"BX9A/m0fybj0mhliy9RF+8USUY9slH5H4hiS2Oh96fAy","privKey":"wAfdoj6xP6dzLNAAU8Goh5E4mQN0+hNeFz4eLasRVXg="},"lastRemoteEphemeralKey":"BaNq2p2ZOUQj7JCxP1uHeGQGsIHYkkcpGzRkFAxuktsQ","previousCounter":0,"rootKey":"o61VMgUJFXlgg8vWqr9xwTInNdbACtaatvezV78OIPI="},"indexInfo":{"baseKey":"BcNkwmyltF9UiwOvM6aX0YckqP8WIJuW1+t91WdMGZYo","baseKeyType":1,"closed":1749345712472,"used":1749345711924,"created":1749345711924,"remoteIdentityKey":"BZ4kz2ppbtszLHQW9Ispa90nxgcrGnn8GH36IGmc6FoT"},"_chains":{"BX9A/m0fybj0mhliy9RF+8USUY9slH5H4hiS2Oh96fAy":{"chainKey":{"counter":0,"key":"ZZUOSCCmHg4Bx5SwATq9p5KH2jIaHSeOAF5alfDaxWc="},"chainType":1,"messageKeys":{}}},"pendingPreKey":{"signedKeyId":1,"baseKey":"BcNkwmyltF9UiwOvM6aX0YckqP8WIJuW1+t91WdMGZYo"}},"BQxlmA/obHjy+RdJ4ZpMfWfaBUInOQdjnpZV5KzNeZFx":{"registrationId":3271873103,"currentRatchet":{"ephemeralKeyPair":{"pubKey":"BeRufY6gRov3MnPSEyZw0FMhGPzIJBUEUjoCi2qguyU7","privKey":"oHZ6z5M3dbjSCrZQi3K528EgNlMGB26+KF5nXnmTa1Q="},"lastRemoteEphemeralKey":"BaNq2p2ZOUQj7JCxP1uHeGQGsIHYkkcpGzRkFAxuktsQ","previousCounter":0,"rootKey":"K3+iSqgxZIVVgXH0qPjtp7+5HgdoS6A3MM7rxOo953o="},"indexInfo":{"baseKey":"BQxlmA/obHjy+RdJ4ZpMfWfaBUInOQdjnpZV5KzNeZFx","baseKeyType":1,"closed":1749358947146,"used":1749345712470,"created":1749345712470,"remoteIdentityKey":"BZ4kz2ppbtszLHQW9Ispa90nxgcrGnn8GH36IGmc6FoT"},"_chains":{"BeRufY6gRov3MnPSEyZw0FMhGPzIJBUEUjoCi2qguyU7":{"chainKey":{"counter":6,"key":"V8TQC1dlcPse/eVAGTZkOUOHXyw3to3dEE8CzclaCDE="},"chainType":1,"messageKeys":{}}},"pendingPreKey":{"signedKeyId":1,"baseKey":"BQxlmA/obHjy+RdJ4ZpMfWfaBUInOQdjnpZV5KzNeZFx"}},"BaHt8ZB8nUU2pwd3szZ6HNk+j9zXqYMmaHgLzak/HlAE":{"registrationId":3271873103,"currentRatchet":{"ephemeralKeyPair":{"pubKey":"BVT6Ph2yhVz1ZlSrJE5VU/oYPOWl5i7sdPqY7f+yuSVY","privKey":"CNl4LmmKZXzD3GYuBFb9Qw3s0lNTHQRi8vuzAXw1w3U="},"lastRemoteEphemeralKey":"BaNq2p2ZOUQj7JCxP1uHeGQGsIHYkkcpGzRkFAxuktsQ","previousCounter":0,"rootKey":"GuMC1rbDi+Jf11Caj4FN2sfjAmnrxq3fPOMztXcaHsI="},"indexInfo":{"baseKey":"BaHt8ZB8nUU2pwd3szZ6HNk+j9zXqYMmaHgLzak/HlAE","baseKeyType":1,"closed":1749358999625,"used":1749358947144,"created":1749358947144,"remoteIdentityKey":"BZ4kz2ppbtszLHQW9Ispa90nxgcrGnn8GH36IGmc6FoT"},"_chains":{"BVT6Ph2yhVz1ZlSrJE5VU/oYPOWl5i7sdPqY7f+yuSVY":{"chainKey":{"counter":4,"key":"gRzlvtAOI2ptVg6bX6Z39CsHjjclodxwHF0N64Bc6wE="},"chainType":1,"messageKeys":{}}},"pendingPreKey":{"signedKeyId":1,"baseKey":"BaHt8ZB8nUU2pwd3szZ6HNk+j9zXqYMmaHgLzak/HlAE","preKeyId":3596}},"BULrbHrt8y3wZ1ayZp+HyCAOacqJkkAsdmw9Fqgn01cq":{"registrationId":3271873103,"currentRatchet":{"ephemeralKeyPair":{"pubKey":"BXSvzqNYrmLWf4RPyTjUdW7vInlLmax5G2yhla9OR4Bn","privKey":"iBR5Zi8KfkA5Cw4PvWn0lpyNqrI34hUb9f/50Z7dolg="},"lastRemoteEphemeralKey":"BaNq2p2ZOUQj7JCxP1uHeGQGsIHYkkcpGzRkFAxuktsQ","previousCounter":0,"rootKey":"HDxl9vZX/YV3qRNX9SAJ9r6JrFG6IDWME3kfg5DCwkQ="},"indexInfo":{"baseKey":"BULrbHrt8y3wZ1ayZp+HyCAOacqJkkAsdmw9Fqgn01cq","baseKeyType":1,"closed":1749359000970,"used":1749358999623,"created":1749358999623,"remoteIdentityKey":"BZ4kz2ppbtszLHQW9Ispa90nxgcrGnn8GH36IGmc6FoT"},"_chains":{"BXSvzqNYrmLWf4RPyTjUdW7vInlLmax5G2yhla9OR4Bn":{"chainKey":{"counter":1,"key":"ZHmHEa/Dft2pWU8hvQt6wg0A652n6cis8tn7rC2gLmo="},"chainType":1,"messageKeys":{}}},"pendingPreKey":{"signedKeyId":1,"baseKey":"BULrbHrt8y3wZ1ayZp+HyCAOacqJkkAsdmw9Fqgn01cq","preKeyId":3586}},"BUMJchWod1vwQtFdq06FHcF8liBeD75tJBVm/0dN8oMm":{"registrationId":3271873103,"currentRatchet":{"ephemeralKeyPair":{"pubKey":"Bd/VGprwu3Boo3Luhd7SZ1lUmUnjERmbD3h3t2LtGwF7","privKey":"0LqbKoHpWBVXaFogUYzHOPozT5vLS8ignb6+sbBkMnk="},"lastRemoteEphemeralKey":"BaNq2p2ZOUQj7JCxP1uHeGQGsIHYkkcpGzRkFAxuktsQ","previousCounter":0,"rootKey":"PY024q1hyyWG/Rg2EuNy6Pck+5HupbS8dXg/8zcyjZo="},"indexInfo":{"baseKey":"BUMJchWod1vwQtFdq06FHcF8liBeD75tJBVm/0dN8oMm","baseKeyType":1,"closed":1749359571584,"used":1749359000968,"created":1749359000968,"remoteIdentityKey":"BZ4kz2ppbtszLHQW9Ispa90nxgcrGnn8GH36IGmc6FoT"},"_chains":{"Bd/VGprwu3Boo3Luhd7SZ1lUmUnjERmbD3h3t2LtGwF7":{"chainKey":{"counter":14,"key":"9sIE8ryjBgWYQ2Zqw/DqAaKOw9tp9oGGlY2kyxwVzfA="},"chainType":1,"messageKeys":{}}},"pendingPreKey":{"signedKeyId":1,"baseKey":"BUMJchWod1vwQtFdq06FHcF8liBeD75tJBVm/0dN8oMm","preKeyId":3595}},"BYJK36lJo0hyx6toPtBvHu1V6OKYY+ZBYRMkD7MHpMln":{"registrationId":3271873103,"currentRatchet":{"ephemeralKeyPair":{"pubKey":"Bf8xpelIDO4V4d53pAI93S4QleFzCvAP8F2EQBBylmho","privKey":"UMnirvj+osbQuuNp1QWOjgzlyQeGTgLzQa2ftnrtnU0="},"lastRemoteEphemeralKey":"BaNq2p2ZOUQj7JCxP1uHeGQGsIHYkkcpGzRkFAxuktsQ","previousCounter":0,"rootKey":"Bjwrys2yIPrsg1FoYPP9kXEueb7GADYGTj0gvQ3yJ08="},"indexInfo":{"baseKey":"BYJK36lJo0hyx6toPtBvHu1V6OKYY+ZBYRMkD7MHpMln","baseKeyType":1,"closed":1749367089058,"used":1749359571582,"created":1749359571582,"remoteIdentityKey":"BZ4kz2ppbtszLHQW9Ispa90nxgcrGnn8GH36IGmc6FoT"},"_chains":{"Bf8xpelIDO4V4d53pAI93S4QleFzCvAP8F2EQBBylmho":{"chainKey":{"counter":10,"key":"lQ2H9W4VQD//TFEm+d/GqOKPjk0BJHv0cOM38gHDax8="},"chainType":1,"messageKeys":{}}},"pendingPreKey":{"signedKeyId":1,"baseKey":"BYJK36lJo0hyx6toPtBvHu1V6OKYY+ZBYRMkD7MHpMln","preKeyId":3606}},"BReTgOmlIdqbRP3Ckpv6UqiYtC+uLtEdm8EfVzaEBrEP":{"registrationId":3271873103,"currentRatchet":{"ephemeralKeyPair":{"pubKey":"BZ3zOPLiY5V+TfmWH9STfjYb95nptpeAAucopksGRldY","privKey":"4OwJTXRLnHvsLwvssPbCq7MpUHv8FOQAdb4Red1We38="},"lastRemoteEphemeralKey":"BaNq2p2ZOUQj7JCxP1uHeGQGsIHYkkcpGzRkFAxuktsQ","previousCounter":0,"rootKey":"M23GeuoE1whX0ihw7aWzuVMV+awKz/U7e86tRZmo9W4="},"indexInfo":{"baseKey":"BReTgOmlIdqbRP3Ckpv6UqiYtC+uLtEdm8EfVzaEBrEP","baseKeyType":1,"closed":1749382864653,"used":1749367088957,"created":1749367088957,"remoteIdentityKey":"BZ4kz2ppbtszLHQW9Ispa90nxgcrGnn8GH36IGmc6FoT"},"_chains":{"BZ3zOPLiY5V+TfmWH9STfjYb95nptpeAAucopksGRldY":{"chainKey":{"counter":19,"key":"iKJx2oEJiGI4DH5cfnqVwpQ6cxttg143KrEWJTozeaY="},"chainType":1,"messageKeys":{}}},"pendingPreKey":{"signedKeyId":1,"baseKey":"BReTgOmlIdqbRP3Ckpv6UqiYtC+uLtEdm8EfVzaEBrEP"}},"BRLYojRqejA/fgJz+/AzqnZr6n1zHN2L1CYlmQljK5I1":{"registrationId":3271873103,"currentRatchet":{"ephemeralKeyPair":{"pubKey":"BYPk57pYFrF0tb0wtBY5HhWvGVpMcpUD2XVkEINZOAp8","privKey":"QOxigd6jQuPZ4IUC3UBmP8q6lEQc1PRh+3IJ5IpUSmo="},"lastRemoteEphemeralKey":"BaNq2p2ZOUQj7JCxP1uHeGQGsIHYkkcpGzRkFAxuktsQ","previousCounter":0,"rootKey":"LYqJGhhMqilLgyaNS2DkLOspMuGQqEaLEMCbbxR8uhE="},"indexInfo":{"baseKey":"BRLYojRqejA/fgJz+/AzqnZr6n1zHN2L1CYlmQljK5I1","baseKeyType":1,"closed":-1,"used":1749382864651,"created":1749382864651,"remoteIdentityKey":"BZ4kz2ppbtszLHQW9Ispa90nxgcrGnn8GH36IGmc6FoT"},"_chains":{"BYPk57pYFrF0tb0wtBY5HhWvGVpMcpUD2XVkEINZOAp8":{"chainKey":{"counter":7,"key":"52o48O8Q2QvUCOH+aETUIV4eN30wfoNe9cCB4e44xjc="},"chainType":1,"messageKeys":{}}},"pendingPreKey":{"signedKeyId":1,"baseKey":"BRLYojRqejA/fgJz+/AzqnZr6n1zHN2L1CYlmQljK5I1"}}},"version":"v1"}