{"_sessions":{"BXfakBSMlHCkQurNLhPNwXkeUgthQ9GDv+lAUW54JP1j":{"registrationId":986865444,"currentRatchet":{"ephemeralKeyPair":{"pubKey":"BQQNUZpg87dOojhKc/LuWUPsug2jzbPQ8z1fqO2Jn71f","privKey":"MNCS6n28C1NWX8ctnTQoob2hCm8XejZuHXplqNFFdkw="},"lastRemoteEphemeralKey":"BX0r4rQ3CcbdLRfaZhLMSlXFzZ7RS1iSj2Y6cRtoOmQh","previousCounter":0,"rootKey":"64eioT19NCGO0mOqau8ppypJbH9Cw5GOnxDJJ3xuAho="},"indexInfo":{"baseKey":"BXfakBSMlHCkQurNLhPNwXkeUgthQ9GDv+lAUW54JP1j","baseKeyType":1,"closed":-1,"used":1749274781149,"created":1749274781149,"remoteIdentityKey":"Be6N0dYgK5iiiaVo6/JuVSHZbYlWS1RvzChpDB05Axxq"},"_chains":{"BQQNUZpg87dOojhKc/LuWUPsug2jzbPQ8z1fqO2Jn71f":{"chainKey":{"counter":93,"key":"SdyQKBX5Va37sDu9/UGeF9mu8PvshZeK+Mn0qYCxnps="},"chainType":1,"messageKeys":{}}},"pendingPreKey":{"signedKeyId":2,"baseKey":"BXfakBSMlHCkQurNLhPNwXkeUgthQ9GDv+lAUW54JP1j","preKeyId":5861645}}},"version":"v1"}