{"_sessions":{"BXzdltu36ioVK6g1mav12jpEpRIPijg4dOR/AJbt7igR":{"registrationId":9054,"currentRatchet":{"ephemeralKeyPair":{"pubKey":"BTyslJ2Jhuk3tRF719P3Jfaa6JtEGG+LFEXGroFw7Lpg","privKey":"GC1osWpgvjSiLBYnl5NvDqyXg2BScWZh3k+Zax5wQkk="},"lastRemoteEphemeralKey":"BeC+aXpj3X8WKPk+lGyGpz2SbycAH3N7CG39KTMqUrNQ","previousCounter":0,"rootKey":"hD+HwD/7c5ZFu7GcovRZjD1mSgD9w5btDoi/25IFz6I="},"indexInfo":{"baseKey":"BXzdltu36ioVK6g1mav12jpEpRIPijg4dOR/AJbt7igR","baseKeyType":1,"closed":-1,"used":1749274780685,"created":1749274780685,"remoteIdentityKey":"BcCZrYaa7gW3upLZNeEmO2USL2hEV8bwex0/hnP1R78D"},"_chains":{"BTyslJ2Jhuk3tRF719P3Jfaa6JtEGG+LFEXGroFw7Lpg":{"chainKey":{"counter":93,"key":"YjexRYc5ZHjHAIU08oDLvgCChJCl9eaz5HguTeT5uzk="},"chainType":1,"messageKeys":{}}},"pendingPreKey":{"signedKeyId":1,"baseKey":"BXzdltu36ioVK6g1mav12jpEpRIPijg4dOR/AJbt7igR","preKeyId":624}}},"version":"v1"}