{"_sessions":{"Bcuo9EUwzN45hqNdaO+IQY0At/LwLqsITv0xKenHyupu":{"registrationId":1891950511,"currentRatchet":{"ephemeralKeyPair":{"pubKey":"BZ2/pfAkfJpPtc2e/ugAgsrwTPdjZgHrXCJ/IYzTBiJK","privKey":"UK2U2yqbDoW7C9GxY0NEl5rBStLdzqpeL/UGazf1h3w="},"lastRemoteEphemeralKey":"BfvdiWiQWMoWYduFo6sRe6TdqFfQLLQ+cpZSvoEBtB5Y","previousCounter":11,"rootKey":"FDC6MX2KfB1fwngYKnD852bLhVgb6ez9XLjxzIYqkvw="},"indexInfo":{"baseKey":"Bcuo9EUwzN45hqNdaO+IQY0At/LwLqsITv0xKenHyupu","baseKeyType":1,"closed":-1,"used":1749290186383,"created":1749274780866,"remoteIdentityKey":"BSZPeJpp4gXeI36yzTRZm7LPBHugBbmkt09fQu/SgJYm"},"_chains":{"BfvdiWiQWMoWYduFo6sRe6TdqFfQLLQ+cpZSvoEBtB5Y":{"chainKey":{"counter":1,"key":"uCu5CqXjDCmbbEu7JgKLpv4BOv+kwij57EtR3zu/iTg="},"chainType":2,"messageKeys":{}},"BZ2/pfAkfJpPtc2e/ugAgsrwTPdjZgHrXCJ/IYzTBiJK":{"chainKey":{"counter":83,"key":"hjWIIhKRfyY2JjLk5cwTWJo2q2HsNjeVR5jNupJgpj0="},"chainType":1,"messageKeys":{}}}}},"version":"v1"}