{"_sessions":{"BYBo/Hmw7LT5bjakxM2mqqNi3+bQlxnXUcPVpnIsc71k":{"registrationId":2114796438,"currentRatchet":{"ephemeralKeyPair":{"pubKey":"BQtpR8rf8dazS4pSWgl6nDAw46g5xFronr2C3pzm+ARa","privKey":"mJnEgI/chwbsbVhFblvu390a46sl1CMSVvF/rOSQiFE="},"lastRemoteEphemeralKey":"BdgoYsmt6cw8WNYfE+6ZQ/yN4GwWt5wOI4RIghNv4p45","previousCounter":0,"rootKey":"Trhn7QmqpkqdVBK+mmJ0N7Ao8SlsHka/Qhb46e9cP7k="},"indexInfo":{"baseKey":"BYBo/Hmw7LT5bjakxM2mqqNi3+bQlxnXUcPVpnIsc71k","baseKeyType":1,"closed":-1,"used":1749274780887,"created":1749274780887,"remoteIdentityKey":"BYtUEJFKufrKvYym/XBmRmNUMtIOVXM53l84KUM5gWpl"},"_chains":{"BQtpR8rf8dazS4pSWgl6nDAw46g5xFronr2C3pzm+ARa":{"chainKey":{"counter":93,"key":"4+5RMyiSdGrERVCipDAZityzZ1FdaPZUVeek9Tj2mSw="},"chainType":1,"messageKeys":{}}},"pendingPreKey":{"signedKeyId":2,"baseKey":"BYBo/Hmw7LT5bjakxM2mqqNi3+bQlxnXUcPVpnIsc71k","preKeyId":9051913}}},"version":"v1"}