{"_sessions":{"BbDpNzQF81k/fUTwFBQKh7bVi2tM6CfE4nQTjc951kgl":{"registrationId":965943262,"currentRatchet":{"ephemeralKeyPair":{"pubKey":"BZ0FeneFqdptyFcxYYYnwVndp41/VvtDQWlzwwbC9qA7","privKey":"6LRD+8eBV9QVF02cyqfwpE2Axe2uwmPS6Q7z38Zw5GI="},"lastRemoteEphemeralKey":"BetkhE2wob3nce0c9ir2AlrNykS08dz+maTldJMKvm4c","previousCounter":0,"rootKey":"PzXfdkNs1Zmwomh2k2+RACSHR279+IJn94JlGneLbdc="},"indexInfo":{"baseKey":"BbDpNzQF81k/fUTwFBQKh7bVi2tM6CfE4nQTjc951kgl","baseKeyType":1,"closed":-1,"used":1749274780883,"created":1749274780883,"remoteIdentityKey":"Bdfpvtyy8qsYAkTXSB0jnCGaht9AazLPA+2JQHo20rtz"},"_chains":{"BZ0FeneFqdptyFcxYYYnwVndp41/VvtDQWlzwwbC9qA7":{"chainKey":{"counter":93,"key":"fxGb+wonRzz3iRIvy1kQA8KoBIgP5iCTExO4bzNRAHo="},"chainType":1,"messageKeys":{}}},"pendingPreKey":{"signedKeyId":1,"baseKey":"BbDpNzQF81k/fUTwFBQKh7bVi2tM6CfE4nQTjc951kgl","preKeyId":10554653}}},"version":"v1"}