{"_sessions":{"Bcz4F8xmAQ3ILmK6bZ6eAxmEgluCPK+WXoNKrWbyqFgU":{"registrationId":1083576820,"currentRatchet":{"ephemeralKeyPair":{"pubKey":"Bb/Opoiykmk/zUVwZJrZX8/w8FJvTMYkOYt+UDaGLwgK","privKey":"cFUNNPvaDZjKSXOSkxMU4K1FLoF3GU+qq+ISMHvXGFk="},"lastRemoteEphemeralKey":"Bf1upJTNeChg5V6Wo8a5yxw7QZtbJMkV+OmAVo89T7Vv","previousCounter":0,"rootKey":"Eh3cMmO4Nwbp7BMmcRvFKfZhtay9zrow1gjpInED4SQ="},"indexInfo":{"baseKey":"Bcz4F8xmAQ3ILmK6bZ6eAxmEgluCPK+WXoNKrWbyqFgU","baseKeyType":1,"closed":-1,"used":1749274780817,"created":1749274780817,"remoteIdentityKey":"BRCnMO0uvi23/Y/Wdqg349WBiLHVBKHCxK68beLo+BV/"},"_chains":{"Bb/Opoiykmk/zUVwZJrZX8/w8FJvTMYkOYt+UDaGLwgK":{"chainKey":{"counter":93,"key":"v2PfvFG8TZPizFEGot+7qo2xQ8JI054zfGeelDB5ogk="},"chainType":1,"messageKeys":{}}},"pendingPreKey":{"signedKeyId":1,"baseKey":"Bcz4F8xmAQ3ILmK6bZ6eAxmEgluCPK+WXoNKrWbyqFgU"}}},"version":"v1"}