{"_sessions":{"BcUvuIXNS5qfQ5uV/JGVYDwkGSeMOHj6YLyrVWXT3nMI":{"registrationId":675190075,"currentRatchet":{"ephemeralKeyPair":{"pubKey":"BYKhlAzy9NeUzWG9pyN1be9QLkxUVJ/BiL3LV4aEpFFq","privKey":"2LqOz3aptiiNf3AKt8qPV4+YDG9Rp3KJJ3rnWyX+EWA="},"lastRemoteEphemeralKey":"BV5W4WtiQ3MW/CwaE0VgYLL6vwFh/pjSEESgpv0epmRi","previousCounter":0,"rootKey":"8h1I+IUQOTiJrq1gEy2JkEenb5YkhwZJcyXWNWynuVM="},"indexInfo":{"baseKey":"BcUvuIXNS5qfQ5uV/JGVYDwkGSeMOHj6YLyrVWXT3nMI","baseKeyType":1,"closed":-1,"used":1749274781299,"created":1749274781299,"remoteIdentityKey":"BSeHhvt9+aszy9aVSRvNnoHzBmWDLofGuUYbbkv1x6Jt"},"_chains":{"BYKhlAzy9NeUzWG9pyN1be9QLkxUVJ/BiL3LV4aEpFFq":{"chainKey":{"counter":93,"key":"FbxC8ZZpofNll0oRqw+K9WLPR6eWUSRhm1OPMCgDe6s="},"chainType":1,"messageKeys":{}}},"pendingPreKey":{"signedKeyId":3507711,"baseKey":"BcUvuIXNS5qfQ5uV/JGVYDwkGSeMOHj6YLyrVWXT3nMI","preKeyId":4701}}},"version":"v1"}