{"_sessions":{"BfzhcZNwUGZwwb6LQzAncZy6x3WvPA4WqsxiViNQsq5W":{"registrationId":10522,"currentRatchet":{"ephemeralKeyPair":{"pubKey":"BVqdqmr1KPHyBXc6GqJdUpjvLEhzrEOMH11p3XPFVLlU","privKey":"kJR7oC5GmMu341xs3q/G7f1AxHfte3CodvsgX/8SfEE="},"lastRemoteEphemeralKey":"BSusvGGVADfbL+k7ihAK/emNjcZPJ/xS1WIgRtPQ2v5v","previousCounter":0,"rootKey":"szgFaw/azLqVKLc+BxY/fLcrvlUroTxD0xEyvHcQ36g="},"indexInfo":{"baseKey":"BfzhcZNwUGZwwb6LQzAncZy6x3WvPA4WqsxiViNQsq5W","baseKeyType":1,"closed":-1,"used":1749274780672,"created":1749274780672,"remoteIdentityKey":"BQpXuof1rEyxcqOoszDnvkyuMRx5SRDXaUSUBL9/M9k3"},"_chains":{"BVqdqmr1KPHyBXc6GqJdUpjvLEhzrEOMH11p3XPFVLlU":{"chainKey":{"counter":93,"key":"ONvO+AzANCBPTwX20bFRsZYTIaHLCufChUTRQgpynMU="},"chainType":1,"messageKeys":{}}},"pendingPreKey":{"signedKeyId":1,"baseKey":"BfzhcZNwUGZwwb6LQzAncZy6x3WvPA4WqsxiViNQsq5W","preKeyId":238}}},"version":"v1"}