{"_sessions":{"BWc7T6C5yuYQl8EgreUaUt1tFOcAnemoEBH8hxID5UVA":{"registrationId":4704,"currentRatchet":{"ephemeralKeyPair":{"pubKey":"BerALg6ZNmSC3El2Dw0SxuPPaL5m66bXDMC8vokOPats","privKey":"8BBg+0iVV/wBUTKhoTWDLya5dRX09152RGrIZsTehFQ="},"lastRemoteEphemeralKey":"BZgs1XX0atV0C1ewSg2kLBRi0k6/ZjwVAs9Od/bnvzop","previousCounter":0,"rootKey":"tzLAqNLRPuS4I32lQ4IzUuqEHkQHFg5XUkED1g7XdYA="},"indexInfo":{"baseKey":"BWc7T6C5yuYQl8EgreUaUt1tFOcAnemoEBH8hxID5UVA","baseKeyType":1,"closed":-1,"used":1749295290011,"created":1749295290011,"remoteIdentityKey":"BUBMTFCWLRgs3KaoUZG0aJ+DmywgEyupSSHu7XPRIUha"},"_chains":{"BerALg6ZNmSC3El2Dw0SxuPPaL5m66bXDMC8vokOPats":{"chainKey":{"counter":82,"key":"0iBOQEhgscxfpiGRbYOs109PvxCc7ZprsbWbDaudYlA="},"chainType":1,"messageKeys":{}}},"pendingPreKey":{"signedKeyId":1,"baseKey":"BWc7T6C5yuYQl8EgreUaUt1tFOcAnemoEBH8hxID5UVA","preKeyId":549}}},"version":"v1"}