{"_sessions":{"BYImAYWdKdoHLWad25DQgohuJqlwcVeQ1FMuyD9be7EK":{"registrationId":13056,"currentRatchet":{"ephemeralKeyPair":{"pubKey":"BTiGEj1CTfln6CdiJ8lrnD/3w0DZqyX0gqfJc5iA1N9y","privKey":"cOfpoMfLZXN0jaMnxmlpG8UOvL1Cpot4t4V4ivgGw04="},"lastRemoteEphemeralKey":"BdwP0N8LU8BxouhZz9gusAPywYnZzTnZya2cVwfPaQMR","previousCounter":0,"rootKey":"vbkgKq26tFkNev1l5Kvv89gqrHnbk/ohKlz5ck/7TIE="},"indexInfo":{"baseKey":"BYImAYWdKdoHLWad25DQgohuJqlwcVeQ1FMuyD9be7EK","baseKeyType":1,"closed":1749282690644,"used":1749282689481,"created":1749282689481,"remoteIdentityKey":"BZs3TfRlWEH8Xwkh/PJ22MG2UWnG51fmBnoaxcqqK0AC"},"_chains":{"BTiGEj1CTfln6CdiJ8lrnD/3w0DZqyX0gqfJc5iA1N9y":{"chainKey":{"counter":0,"key":"EFugRveFdb6WFQ+4PFka6iuYS5lOSCmu+iqJoiJaZuU="},"chainType":1,"messageKeys":{}}},"pendingPreKey":{"signedKeyId":1,"baseKey":"BYImAYWdKdoHLWad25DQgohuJqlwcVeQ1FMuyD9be7EK","preKeyId":783}},"BX850KgaIdPfBBvz5dAiccsO3qoO9BG8U9ETWdHkpkdG":{"registrationId":13056,"currentRatchet":{"ephemeralKeyPair":{"pubKey":"Bemh6wn8zd0tfqMrp+33uccAxiCKpcNueT+NlvYXbegc","privKey":"6FDwBQ+lOoq+azrVzXjW9ofnCs6vZu+ZbKrmRJzF/2k="},"lastRemoteEphemeralKey":"BdwP0N8LU8BxouhZz9gusAPywYnZzTnZya2cVwfPaQMR","previousCounter":0,"rootKey":"6jKoB7GBwFImb/iYe2VCoU3CnEsGm5hhdR3CxpKqDAs="},"indexInfo":{"baseKey":"BX850KgaIdPfBBvz5dAiccsO3qoO9BG8U9ETWdHkpkdG","baseKeyType":1,"closed":1749282691231,"used":1749282690640,"created":1749282690640,"remoteIdentityKey":"BZs3TfRlWEH8Xwkh/PJ22MG2UWnG51fmBnoaxcqqK0AC"},"_chains":{"Bemh6wn8zd0tfqMrp+33uccAxiCKpcNueT+NlvYXbegc":{"chainKey":{"counter":0,"key":"E+AN9u7l0V1s5NI6/oKBjvYJpwktpsOFIudLAu3tPco="},"chainType":1,"messageKeys":{}}},"pendingPreKey":{"signedKeyId":1,"baseKey":"BX850KgaIdPfBBvz5dAiccsO3qoO9BG8U9ETWdHkpkdG","preKeyId":93}},"BZRZEQdUTgDYw3kGanjaHg/MjzlU85XoyNMFbvjxWcch":{"registrationId":13056,"currentRatchet":{"ephemeralKeyPair":{"pubKey":"BcNxyROYTlpOBouIvJhmbH4NXT78EYmhY8UhuHHXDUQv","privKey":"+GYsub/beqzawd/AuB/ZDovdA7Fka9TBj8WmGFti3Vc="},"lastRemoteEphemeralKey":"BdwP0N8LU8BxouhZz9gusAPywYnZzTnZya2cVwfPaQMR","previousCounter":0,"rootKey":"NNNpLuBWApi0c94TU9DpSGBVpfafYNy3xqWrSdEmfTg="},"indexInfo":{"baseKey":"BZRZEQdUTgDYw3kGanjaHg/MjzlU85XoyNMFbvjxWcch","baseKeyType":1,"closed":1749283093091,"used":1749282691229,"created":1749282691229,"remoteIdentityKey":"BZs3TfRlWEH8Xwkh/PJ22MG2UWnG51fmBnoaxcqqK0AC"},"_chains":{"BcNxyROYTlpOBouIvJhmbH4NXT78EYmhY8UhuHHXDUQv":{"chainKey":{"counter":3,"key":"f+bBxedEgwyMyYfzdjvpFLqlJSQF1BP+UySTmuPC/WY="},"chainType":1,"messageKeys":{}}},"pendingPreKey":{"signedKeyId":1,"baseKey":"BZRZEQdUTgDYw3kGanjaHg/MjzlU85XoyNMFbvjxWcch","preKeyId":782}},"BSnzM/qEOdLizIa9kGz1guyWqLK/ohuW1rG7LLP28uEw":{"registrationId":13056,"currentRatchet":{"ephemeralKeyPair":{"pubKey":"BSXgu7NN53GDjIC0jpHZJKwTWLxona+hjYcgLFQqkv4m","privKey":"sK7ogWWqatBxH00wFQSWBozF3SA5l1ZPJdKRV6rFIXY="},"lastRemoteEphemeralKey":"BdwP0N8LU8BxouhZz9gusAPywYnZzTnZya2cVwfPaQMR","previousCounter":0,"rootKey":"zHjYzz009hRfw9c2gEZqDsrHGyBHfJ6f0eSEv98nPac="},"indexInfo":{"baseKey":"BSnzM/qEOdLizIa9kGz1guyWqLK/ohuW1rG7LLP28uEw","baseKeyType":1,"closed":1749283093682,"used":1749283093088,"created":1749283093088,"remoteIdentityKey":"BZs3TfRlWEH8Xwkh/PJ22MG2UWnG51fmBnoaxcqqK0AC"},"_chains":{"BSXgu7NN53GDjIC0jpHZJKwTWLxona+hjYcgLFQqkv4m":{"chainKey":{"counter":0,"key":"xBIamwTeJ7ZDL1E+8087JIGqWx7ZLhW02ZM+i3sSX9s="},"chainType":1,"messageKeys":{}}},"pendingPreKey":{"signedKeyId":1,"baseKey":"BSnzM/qEOdLizIa9kGz1guyWqLK/ohuW1rG7LLP28uEw","preKeyId":122}},"BYRmizPt7qxlhOZmvwHMmMpQYUhTSQTJ8pxH72D3b8xL":{"registrationId":13056,"currentRatchet":{"ephemeralKeyPair":{"pubKey":"BdjkFTsl+0zWQBbTaze376Gqcjo9Ki2UsebuwzX9tCIh","privKey":"GBJ9LJm82XImR5fsqcm+msOkWPnEdaOSpzynDwWAMkI="},"lastRemoteEphemeralKey":"BdwP0N8LU8BxouhZz9gusAPywYnZzTnZya2cVwfPaQMR","previousCounter":0,"rootKey":"Wbc0sMfj7vBo5J1vgCO6yjbbbmvT71UIsJPNvF8rMZc="},"indexInfo":{"baseKey":"BYRmizPt7qxlhOZmvwHMmMpQYUhTSQTJ8pxH72D3b8xL","baseKeyType":1,"closed":1749283252042,"used":1749283093680,"created":1749283093680,"remoteIdentityKey":"BZs3TfRlWEH8Xwkh/PJ22MG2UWnG51fmBnoaxcqqK0AC"},"_chains":{"BdjkFTsl+0zWQBbTaze376Gqcjo9Ki2UsebuwzX9tCIh":{"chainKey":{"counter":1,"key":"FLVT3NHejaudiADtwuyNzDk5O06PhG801YYAhG43R1w="},"chainType":1,"messageKeys":{}}},"pendingPreKey":{"signedKeyId":1,"baseKey":"BYRmizPt7qxlhOZmvwHMmMpQYUhTSQTJ8pxH72D3b8xL","preKeyId":28}},"BSwQYfawmxdqRhXeSFN9qWBN7NpUE31ujQcc6MBp6JZ+":{"registrationId":13056,"currentRatchet":{"ephemeralKeyPair":{"pubKey":"BYwTrJYkyGC96JoilUdWhdSKMbyyB6/rhAqlkC4r2pUo","privKey":"yCdnM8QEchZ1kIKG/PsXv9G3DpSaSj8GA9AWgfWPkkA="},"lastRemoteEphemeralKey":"BdwP0N8LU8BxouhZz9gusAPywYnZzTnZya2cVwfPaQMR","previousCounter":0,"rootKey":"udiSWnyi6t3jQh49zK5ed0/MA/LgHQM3GcLiLj/iSlk="},"indexInfo":{"baseKey":"BSwQYfawmxdqRhXeSFN9qWBN7NpUE31ujQcc6MBp6JZ+","baseKeyType":1,"closed":1749283400504,"used":1749283252040,"created":1749283252040,"remoteIdentityKey":"BZs3TfRlWEH8Xwkh/PJ22MG2UWnG51fmBnoaxcqqK0AC"},"_chains":{"BYwTrJYkyGC96JoilUdWhdSKMbyyB6/rhAqlkC4r2pUo":{"chainKey":{"counter":1,"key":"24CLKE+GB2H3nXuIVzXagDY+t7nN8uGGygy0cP7Jjl0="},"chainType":1,"messageKeys":{}}},"pendingPreKey":{"signedKeyId":1,"baseKey":"BSwQYfawmxdqRhXeSFN9qWBN7NpUE31ujQcc6MBp6JZ+","preKeyId":679}},"BZWzUUNBQOFVxPKfxj9H41x9gXHU0aSt0BZID5s7lINN":{"registrationId":13056,"currentRatchet":{"ephemeralKeyPair":{"pubKey":"BRywfXfkh719vdjMhjh+mHH2K1MwgypV6qEWAPZSz9Ie","privKey":"iIZQ782QavLuedtCdyGSTEeGg+phurVgDpAPb1wjhlA="},"lastRemoteEphemeralKey":"BdwP0N8LU8BxouhZz9gusAPywYnZzTnZya2cVwfPaQMR","previousCounter":0,"rootKey":"JdKhdfks/ApU5qWP93baryGL3MOAUxePYTR2FIJ3hUI="},"indexInfo":{"baseKey":"BZWzUUNBQOFVxPKfxj9H41x9gXHU0aSt0BZID5s7lINN","baseKeyType":1,"closed":-1,"used":1749283400502,"created":1749283400502,"remoteIdentityKey":"BZs3TfRlWEH8Xwkh/PJ22MG2UWnG51fmBnoaxcqqK0AC"},"_chains":{"BRywfXfkh719vdjMhjh+mHH2K1MwgypV6qEWAPZSz9Ie":{"chainKey":{"counter":3,"key":"T3N/meFpCCepkU0VaXvrM36N7E/eeI9B42pzMM3J0Es="},"chainType":1,"messageKeys":{}}},"pendingPreKey":{"signedKeyId":1,"baseKey":"BZWzUUNBQOFVxPKfxj9H41x9gXHU0aSt0BZID5s7lINN","preKeyId":702}}},"version":"v1"}