{"_sessions":{"Bd64DflMnq1qwku7lEqMlaVzXTeSNi02jTEL2OfC044K":{"registrationId":236381747,"currentRatchet":{"ephemeralKeyPair":{"pubKey":"BbZDTGGQjLSMcJH2zdx9tkncms3cunYMAjupigcj1hlf","privKey":"CEYXo5yLZ/5IkFFm1ty+BSUc5gWfpOm+CCRw64g1ynY="},"lastRemoteEphemeralKey":"BVyvTB+EDqEQH9J648Nvbq6KY6Ag58qc09SH7golEhJc","previousCounter":0,"rootKey":"X/L2/Yznmgnt/nMYPIqpY9RO0cp9Jv6iplNuWZKeE/E="},"indexInfo":{"baseKey":"Bd64DflMnq1qwku7lEqMlaVzXTeSNi02jTEL2OfC044K","baseKeyType":1,"closed":-1,"used":1749274781176,"created":1749274781176,"remoteIdentityKey":"Be02M3CEP/iCe4b/2j32O6yNPlRrYSbwnrpPXciOcOgu"},"_chains":{"BbZDTGGQjLSMcJH2zdx9tkncms3cunYMAjupigcj1hlf":{"chainKey":{"counter":93,"key":"D//74Z9KbPdkazKysQ9GqS5AxhOlrYODysuHq2SMxAw="},"chainType":1,"messageKeys":{}}},"pendingPreKey":{"signedKeyId":5,"baseKey":"Bd64DflMnq1qwku7lEqMlaVzXTeSNi02jTEL2OfC044K","preKeyId":8363887}}},"version":"v1"}