{"_sessions":{"BagheztleAMEIHeiTQ0NdMNlM5t1QJrnbahl6gtTzR1U":{"registrationId":242,"currentRatchet":{"ephemeralKeyPair":{"pubKey":"BT45L2us+Tb+ZowoMoJaIm8fUxAAw3wz2SxGOlCHGUgE","privKey":"+BfwoX7Uw+p6RTg5AdfG2pGw7C83mokVjqTHWHEjqWk="},"lastRemoteEphemeralKey":"BYE5Hhgz9XLi8XesqdTqIxpsrQujoV0mIKwuWaL3rqsz","previousCounter":0,"rootKey":"P4mQ/sUb5jZtgLbdyfygRYqhRQQemk0ryr5TXsdLcJc="},"indexInfo":{"baseKey":"BagheztleAMEIHeiTQ0NdMNlM5t1QJrnbahl6gtTzR1U","baseKeyType":1,"closed":1749296192952,"used":1749287894275,"created":1749287894275,"remoteIdentityKey":"BeXdTAptxsr1Yj3sjkwkmGEsakm+ttnYZYBvxb4ITssL"},"_chains":{"BT45L2us+Tb+ZowoMoJaIm8fUxAAw3wz2SxGOlCHGUgE":{"chainKey":{"counter":6,"key":"68XmJvByQiY6hjiouK0LMfGhX+AqNeQ9p/Y8fBwpNcI="},"chainType":1,"messageKeys":{}}},"pendingPreKey":{"signedKeyId":1,"baseKey":"BagheztleAMEIHeiTQ0NdMNlM5t1QJrnbahl6gtTzR1U"}},"BT923HHg8N2kinePLzMj0DsNpLQrOVoCAb5j4jnAtxNh":{"registrationId":242,"currentRatchet":{"ephemeralKeyPair":{"pubKey":"BUiU1oFXsPTUKRuBMWh+5FlQMhdjMHmYXzl52a8G6+UE","privKey":"QNYsolpFtuNnJfsG/zMzPmN9Qra5e+Z9c/uMT/caDlA="},"lastRemoteEphemeralKey":"BYE5Hhgz9XLi8XesqdTqIxpsrQujoV0mIKwuWaL3rqsz","previousCounter":0,"rootKey":"uuDYAbRTidYQu3pzsNuB16MHx1ue+5rFYWreulI0v1g="},"indexInfo":{"baseKey":"BT923HHg8N2kinePLzMj0DsNpLQrOVoCAb5j4jnAtxNh","baseKeyType":1,"closed":1749296193451,"used":1749296192950,"created":1749296192950,"remoteIdentityKey":"BeXdTAptxsr1Yj3sjkwkmGEsakm+ttnYZYBvxb4ITssL"},"_chains":{"BUiU1oFXsPTUKRuBMWh+5FlQMhdjMHmYXzl52a8G6+UE":{"chainKey":{"counter":0,"key":"El8AdXQLuiUwKD3VvwSSWiRNfFOozqqmtrB5FeIchho="},"chainType":1,"messageKeys":{}}},"pendingPreKey":{"signedKeyId":1,"baseKey":"BT923HHg8N2kinePLzMj0DsNpLQrOVoCAb5j4jnAtxNh"}},"BTJ9fCGLSPKg33MKQepQ+cFaepM9/JVcopKoIM4ZWCgr":{"registrationId":242,"currentRatchet":{"ephemeralKeyPair":{"pubKey":"BRpyp7TgV6SpfqIBZweM7oe/l2/PjxU9erq6U7sHQl52","privKey":"oIZZQehlovkPF8A9NbEMtOKKnbbb0aYefvO8EiuB9FQ="},"lastRemoteEphemeralKey":"BYE5Hhgz9XLi8XesqdTqIxpsrQujoV0mIKwuWaL3rqsz","previousCounter":0,"rootKey":"EaR9JzdL4eC/dJ3TnmcmG7gmkuH+bWm/JRblSG60RRY="},"indexInfo":{"baseKey":"BTJ9fCGLSPKg33MKQepQ+cFaepM9/JVcopKoIM4ZWCgr","baseKeyType":1,"closed":1749296193996,"used":1749296193449,"created":1749296193449,"remoteIdentityKey":"BeXdTAptxsr1Yj3sjkwkmGEsakm+ttnYZYBvxb4ITssL"},"_chains":{"BRpyp7TgV6SpfqIBZweM7oe/l2/PjxU9erq6U7sHQl52":{"chainKey":{"counter":0,"key":"1nRGt5omTMPJqT9wrVARSRw1Hc30x7m877TsO+QyqEc="},"chainType":1,"messageKeys":{}}},"pendingPreKey":{"signedKeyId":1,"baseKey":"BTJ9fCGLSPKg33MKQepQ+cFaepM9/JVcopKoIM4ZWCgr"}},"BQIa/wFyl2TS5aO1Fa3Wpdb/0FvIAEkaJ9cmi46M2foO":{"registrationId":242,"currentRatchet":{"ephemeralKeyPair":{"pubKey":"BWMsrsiJPrwawNBO2x+2NY2+HCLiZtaLyHWnsQxQbIEP","privKey":"gMSBu/w9Z0gMEraQSQzDgANkaDA0wITSbFVy6QHwAVA="},"lastRemoteEphemeralKey":"BYE5Hhgz9XLi8XesqdTqIxpsrQujoV0mIKwuWaL3rqsz","previousCounter":0,"rootKey":"M83FrpC+UxVbwc5bvz5UDTlulBp2bRlz3fIgWEsKH/M="},"indexInfo":{"baseKey":"BQIa/wFyl2TS5aO1Fa3Wpdb/0FvIAEkaJ9cmi46M2foO","baseKeyType":1,"closed":1749296194736,"used":1749296193994,"created":1749296193994,"remoteIdentityKey":"BeXdTAptxsr1Yj3sjkwkmGEsakm+ttnYZYBvxb4ITssL"},"_chains":{"BWMsrsiJPrwawNBO2x+2NY2+HCLiZtaLyHWnsQxQbIEP":{"chainKey":{"counter":1,"key":"HFMY2vFhGXzzFHeYFJ7q4M46vuM1Zqo3YVSj95sQxX0="},"chainType":1,"messageKeys":{}}},"pendingPreKey":{"signedKeyId":1,"baseKey":"BQIa/wFyl2TS5aO1Fa3Wpdb/0FvIAEkaJ9cmi46M2foO"}},"BTFdKR5vTy6Vya5bbeT4vN5hssfqaG3KLMtbGGM9Iap/":{"registrationId":242,"currentRatchet":{"ephemeralKeyPair":{"pubKey":"BeVbYlFTMzynhF4+2NLK/H31xlPRWp0tkxy4tQhzxBw1","privKey":"IFHrhGcBHBt9yz8PdXhrexX4VsFYH794gMs5k39MI0o="},"lastRemoteEphemeralKey":"BfC3Jk/FA9f7Q97AhA8hsVGau63tT2iF0ULeKHaANsoV","previousCounter":1,"rootKey":"HPv9pjeALl5bjBfB+/6RUIgiLxwSvoGFBukB85LBZcQ="},"indexInfo":{"baseKey":"BTFdKR5vTy6Vya5bbeT4vN5hssfqaG3KLMtbGGM9Iap/","baseKeyType":1,"closed":1749302004315,"used":1749299361280,"created":1749296194734,"remoteIdentityKey":"BeXdTAptxsr1Yj3sjkwkmGEsakm+ttnYZYBvxb4ITssL"},"_chains":{"BfC3Jk/FA9f7Q97AhA8hsVGau63tT2iF0ULeKHaANsoV":{"chainKey":{"counter":0,"key":"jLxevmPZCofkc1Vsv4LulY2lt+PBseAzzCQop9Z3FNY="},"chainType":2,"messageKeys":{}},"BeVbYlFTMzynhF4+2NLK/H31xlPRWp0tkxy4tQhzxBw1":{"chainKey":{"counter":-1,"key":"YrvWAP3968QTjVGj+m1D/P4LSrcv7Lx7A6C1Q74/NZM="},"chainType":1,"messageKeys":{}}}},"BZUg+aMK1ve7hFCWmYCkSb0OkZWTorgUzD61c5u4bUh5":{"registrationId":242,"currentRatchet":{"ephemeralKeyPair":{"pubKey":"BfgddXNLxybUkGHJ+O6d00tOgikXKBujungtM04bTQsk","privKey":"2BA4wR481ir0Rzr0Izp9dkxZml0w3YqAFBsBjPCGmH0="},"lastRemoteEphemeralKey":"BVL0jp7LWbrOC2ibB+yOdlqlm9gs5CA1R8qXqIMPoNt1","previousCounter":3,"rootKey":"gUiQKLcFPV1K4SCtcY3MR55dU8b83hxfBKrd+DqlnE4="},"indexInfo":{"baseKey":"BZUg+aMK1ve7hFCWmYCkSb0OkZWTorgUzD61c5u4bUh5","baseKeyType":1,"closed":1749305639621,"used":1749305584134,"created":1749302004312,"remoteIdentityKey":"BeXdTAptxsr1Yj3sjkwkmGEsakm+ttnYZYBvxb4ITssL"},"_chains":{"BVL0jp7LWbrOC2ibB+yOdlqlm9gs5CA1R8qXqIMPoNt1":{"chainKey":{"counter":0,"key":"Zs1uH9dW/LRzhBX5r275ZHyhxyICSCUh07Vko/2b+x4="},"chainType":2,"messageKeys":{}},"BfgddXNLxybUkGHJ+O6d00tOgikXKBujungtM04bTQsk":{"chainKey":{"counter":-1,"key":"m/99VFwUGoDR1/UsIZ/aiouUpC11TyzWnCUcMrvZgRY="},"chainType":1,"messageKeys":{}}}},"BWoKIqnWf35MNw9PZcdkK9wD1NOIYzzbeBeiCwOhFfZX":{"registrationId":242,"currentRatchet":{"ephemeralKeyPair":{"pubKey":"BcFr7aMle5RLQ9UQfxOWs7iowAZ9KYxRgzbDTsz9r7QQ","privKey":"EANPS7Ee4yxWwMHX4vLsaX5X3GdNdKYymN80OHnA9WY="},"lastRemoteEphemeralKey":"BbpPz8DfSeW1i90SM56WLiQC8y0zStOLTEL1KJSvPaRo","previousCounter":4,"rootKey":"+FKMTnWVIMFV94YffRRHVPIyVX2au9SP3ssS/IMBDPg="},"indexInfo":{"baseKey":"BWoKIqnWf35MNw9PZcdkK9wD1NOIYzzbeBeiCwOhFfZX","baseKeyType":2,"closed":1749345715232,"used":1749345708648,"created":1749305639625,"remoteIdentityKey":"BeXdTAptxsr1Yj3sjkwkmGEsakm+ttnYZYBvxb4ITssL"},"_chains":{"BaquDw4IPekQno955BVKjKKoD7psb/Lb1xJZ3yOvU9Rr":{"chainKey":{"counter":2},"chainType":2,"messageKeys":{"0":"4xutxGfPmMnWHUImmJ2QbcQVp7tlHSbbisRWqeZLCzM="}},"BYY2X20FfXZeF+68qcUn8hB6Yt92qPDkzeyLrNy1/XUv":{"chainKey":{"counter":0},"chainType":2,"messageKeys":{}},"BbpPz8DfSeW1i90SM56WLiQC8y0zStOLTEL1KJSvPaRo":{"chainKey":{"counter":2,"key":"O0WZIk15COsBaBrr0OAvxQc36rM4WdKGp3Y3DWEbvxk="},"chainType":2,"messageKeys":{"1":"PLTPbXbjB5XN8c2idVUdDOF2k/vI14qossWE44w4uJo="}},"BcFr7aMle5RLQ9UQfxOWs7iowAZ9KYxRgzbDTsz9r7QQ":{"chainKey":{"counter":1,"key":"f6G9aeLgSugRCoNPaSthnDeFLHq2oBcgl7tLaPemTvU="},"chainType":1,"messageKeys":{}}}},"BefJa+sJEGj18cSgJgotYJnIJaiY8CUOxORqTTWQm2x8":{"registrationId":242,"currentRatchet":{"ephemeralKeyPair":{"pubKey":"BQSiAh1qRPfHPigc9WZHpIRz7PjnE7uHoCbDTvDQkdhn","privKey":"mE3dWiN5qXvKPvW6KD+c7Q10mM7d29Bpq7Ih67PMjEk="},"lastRemoteEphemeralKey":"BYE5Hhgz9XLi8XesqdTqIxpsrQujoV0mIKwuWaL3rqsz","previousCounter":0,"rootKey":"d3MDVRgB3E/GkzY67vEMYLr3h3+t1mKCZGj2WRoYOr8="},"indexInfo":{"baseKey":"BefJa+sJEGj18cSgJgotYJnIJaiY8CUOxORqTTWQm2x8","baseKeyType":1,"closed":1749345715742,"used":1749345715229,"created":1749345715229,"remoteIdentityKey":"BeXdTAptxsr1Yj3sjkwkmGEsakm+ttnYZYBvxb4ITssL"},"_chains":{"BQSiAh1qRPfHPigc9WZHpIRz7PjnE7uHoCbDTvDQkdhn":{"chainKey":{"counter":-1,"key":"Xrq5dFGHa7PFxbtVKv4qWJXoVuF6YptLIqDWbyML360="},"chainType":1,"messageKeys":{}}},"pendingPreKey":{"signedKeyId":1,"baseKey":"BefJa+sJEGj18cSgJgotYJnIJaiY8CUOxORqTTWQm2x8"}},"BctTBnj40sODPblhTEmtZR5deuzCXf1vuHZBg9CNajg3":{"registrationId":242,"currentRatchet":{"ephemeralKeyPair":{"pubKey":"BWcZGCiErRvXnBTIyCsvHdSaqqVz4pvUH05ifOd61VRJ","privKey":"aF2uyQIpI+taT7gpxJQCunD1XDFJ8zwPjzfC6sELBl4="},"lastRemoteEphemeralKey":"BYE5Hhgz9XLi8XesqdTqIxpsrQujoV0mIKwuWaL3rqsz","previousCounter":0,"rootKey":"PU7MRFsiz2t4wPjYo4E+hC01i1V1n16u2DGzt23w7m8="},"indexInfo":{"baseKey":"BctTBnj40sODPblhTEmtZR5deuzCXf1vuHZBg9CNajg3","baseKeyType":1,"closed":1749350695907,"used":1749345715739,"created":1749345715739,"remoteIdentityKey":"BeXdTAptxsr1Yj3sjkwkmGEsakm+ttnYZYBvxb4ITssL"},"_chains":{"BWcZGCiErRvXnBTIyCsvHdSaqqVz4pvUH05ifOd61VRJ":{"chainKey":{"counter":1,"key":"24tm2NuW752mmRqP2Tr1WpadgmwfWcXgGAyqn6jxSn0="},"chainType":1,"messageKeys":{}}},"pendingPreKey":{"signedKeyId":1,"baseKey":"BctTBnj40sODPblhTEmtZR5deuzCXf1vuHZBg9CNajg3"}},"BeXFw2bLRcYAlss2DsPQWQCHtcM5tGXL+FhFEjvwDyVQ":{"registrationId":242,"currentRatchet":{"ephemeralKeyPair":{"pubKey":"Ba0uJ1s0tPcxgwD47BWb+NMADSfF86WTWafPYJC2SOV6","privKey":"SFqayCCbHAQNYdIMrzc9vmX5Q6xoP+2td6d2JFUw2kY="},"lastRemoteEphemeralKey":"BYE5Hhgz9XLi8XesqdTqIxpsrQujoV0mIKwuWaL3rqsz","previousCounter":0,"rootKey":"Ewhx6ZXX7IsLtofT8dkA2uxjvXLU/MjtxwCUmjB1ARE="},"indexInfo":{"baseKey":"BeXFw2bLRcYAlss2DsPQWQCHtcM5tGXL+FhFEjvwDyVQ","baseKeyType":1,"closed":1749350696497,"used":1749350695904,"created":1749350695904,"remoteIdentityKey":"BeXdTAptxsr1Yj3sjkwkmGEsakm+ttnYZYBvxb4ITssL"},"_chains":{"Ba0uJ1s0tPcxgwD47BWb+NMADSfF86WTWafPYJC2SOV6":{"chainKey":{"counter":0,"key":"eWKNHnTMD9wzhhXVpS2dx0AXn8rlO1VtraxrpdWfWi0="},"chainType":1,"messageKeys":{}}},"pendingPreKey":{"signedKeyId":1,"baseKey":"BeXFw2bLRcYAlss2DsPQWQCHtcM5tGXL+FhFEjvwDyVQ","preKeyId":179}},"BZL8ow1Nd/lWDCt1of4yhGt7CJwUXolPMcMfRJD78OEk":{"registrationId":242,"currentRatchet":{"ephemeralKeyPair":{"pubKey":"BZMJHz0LUrQ/jGvRo+yvQZTGfaF7gSmnVd4KzW0V4mE+","privKey":"kBZk/6rH3hBGI7805cEs+91IaaRFZCz1yVIxLsS9vl0="},"lastRemoteEphemeralKey":"BYE5Hhgz9XLi8XesqdTqIxpsrQujoV0mIKwuWaL3rqsz","previousCounter":0,"rootKey":"G43RoVin1pXIVIB1TYX2NLoY0CcUA9+cGTdRhWslSP0="},"indexInfo":{"baseKey":"BZL8ow1Nd/lWDCt1of4yhGt7CJwUXolPMcMfRJD78OEk","baseKeyType":1,"closed":1749350697081,"used":1749350696496,"created":1749350696496,"remoteIdentityKey":"BeXdTAptxsr1Yj3sjkwkmGEsakm+ttnYZYBvxb4ITssL"},"_chains":{"BZMJHz0LUrQ/jGvRo+yvQZTGfaF7gSmnVd4KzW0V4mE+":{"chainKey":{"counter":0,"key":"gf5UQSbMMTu9YUHNGp0UF5PTpgNjuK/Ir17gVbhqfuY="},"chainType":1,"messageKeys":{}}},"pendingPreKey":{"signedKeyId":1,"baseKey":"BZL8ow1Nd/lWDCt1of4yhGt7CJwUXolPMcMfRJD78OEk","preKeyId":199}},"BTlO/+s4lrPGev9EBVR3FR+K6aTxRsM/CNa9VbJxX3Nl":{"registrationId":242,"currentRatchet":{"ephemeralKeyPair":{"pubKey":"BaocjivUlK+mLAruJN/zoyEFqaeUACgC/FOaplaHrn4N","privKey":"eKIDkB91FEnnek/au3xWIdzHl7Oc43WvfYxifGYiDGs="},"lastRemoteEphemeralKey":"BYE5Hhgz9XLi8XesqdTqIxpsrQujoV0mIKwuWaL3rqsz","previousCounter":0,"rootKey":"/oXpC2hbzWzQyuptHg6/+guKZulC2fDeBtcABpxYx8c="},"indexInfo":{"baseKey":"BTlO/+s4lrPGev9EBVR3FR+K6aTxRsM/CNa9VbJxX3Nl","baseKeyType":1,"closed":1749350697697,"used":1749350697079,"created":1749350697079,"remoteIdentityKey":"BeXdTAptxsr1Yj3sjkwkmGEsakm+ttnYZYBvxb4ITssL"},"_chains":{"BaocjivUlK+mLAruJN/zoyEFqaeUACgC/FOaplaHrn4N":{"chainKey":{"counter":0,"key":"1cIXoGJKFXksHK6nnFe41xkoRbT7u4RleG81DiFFyG0="},"chainType":1,"messageKeys":{}}},"pendingPreKey":{"signedKeyId":1,"baseKey":"BTlO/+s4lrPGev9EBVR3FR+K6aTxRsM/CNa9VbJxX3Nl","preKeyId":201}},"BdSbh04u/BbY5YsXrQ8Dwutz2E+5lRs8dou4inp+2UgX":{"registrationId":242,"currentRatchet":{"ephemeralKeyPair":{"pubKey":"Bf5lTOMR7A4ESVK6r3TzkiELtC46yVPTEAI5iMMotn41","privKey":"mDTyiogPQhD4eQ03DjoeDCfPzr/Bsphx2VaU1DT5FWE="},"lastRemoteEphemeralKey":"BYE5Hhgz9XLi8XesqdTqIxpsrQujoV0mIKwuWaL3rqsz","previousCounter":0,"rootKey":"APq00dKKMmUYyw3RZlqk5+RpsuJjrJRIupzdv59iJeE="},"indexInfo":{"baseKey":"BdSbh04u/BbY5YsXrQ8Dwutz2E+5lRs8dou4inp+2UgX","baseKeyType":1,"closed":1749350698247,"used":1749350697695,"created":1749350697695,"remoteIdentityKey":"BeXdTAptxsr1Yj3sjkwkmGEsakm+ttnYZYBvxb4ITssL"},"_chains":{"Bf5lTOMR7A4ESVK6r3TzkiELtC46yVPTEAI5iMMotn41":{"chainKey":{"counter":-1,"key":"owD6Mzvx+VVwv6cC0x2+N2MgoTsz58g5JXNHjiLXWwA="},"chainType":1,"messageKeys":{}}},"pendingPreKey":{"signedKeyId":1,"baseKey":"BdSbh04u/BbY5YsXrQ8Dwutz2E+5lRs8dou4inp+2UgX","preKeyId":189}},"Bfy3HrBohLgBNMR80Gei9+MX+GHuA0aSDnyYgdaLh0Me":{"registrationId":242,"currentRatchet":{"ephemeralKeyPair":{"pubKey":"BfROab/G3Re5mHo4Kp+7OpmsLOgSIVbUeBh8mw3PPLxD","privKey":"uO046B11hEQKwa9D+XbWG7jZMhV0CB917iCtQdCiC14="},"lastRemoteEphemeralKey":"BYE5Hhgz9XLi8XesqdTqIxpsrQujoV0mIKwuWaL3rqsz","previousCounter":0,"rootKey":"ASknSuStLSMKzMJ0WLNYygyNGuFRddKjgMAmts61CyI="},"indexInfo":{"baseKey":"Bfy3HrBohLgBNMR80Gei9+MX+GHuA0aSDnyYgdaLh0Me","baseKeyType":1,"closed":1749350736440,"used":1749350698245,"created":1749350698245,"remoteIdentityKey":"BeXdTAptxsr1Yj3sjkwkmGEsakm+ttnYZYBvxb4ITssL"},"_chains":{"BfROab/G3Re5mHo4Kp+7OpmsLOgSIVbUeBh8mw3PPLxD":{"chainKey":{"counter":0,"key":"KlGhBnAF5GdA7Xga7uGqqd5KJ9YD34sLYX/ZPW2J4ng="},"chainType":1,"messageKeys":{}}},"pendingPreKey":{"signedKeyId":1,"baseKey":"Bfy3HrBohLgBNMR80Gei9+MX+GHuA0aSDnyYgdaLh0Me","preKeyId":187}},"BW2yU/I8VnuV61O46cty0ZM55Hg43f2g5ju+tTnzOVsD":{"registrationId":242,"currentRatchet":{"ephemeralKeyPair":{"pubKey":"BbpUswpck4kES+e5yMrXykHSrOCZE9JEqrJXGnMWDE4g","privKey":"CKNcZ2HLCH3SgvVH5zDZiE8yVGFnM2Zk4aFNnscyWUM="},"lastRemoteEphemeralKey":"BYE5Hhgz9XLi8XesqdTqIxpsrQujoV0mIKwuWaL3rqsz","previousCounter":0,"rootKey":"V51BzqiTfV3S+G9dyfkZooERpmf7vfmiY4sBHoZIke0="},"indexInfo":{"baseKey":"BW2yU/I8VnuV61O46cty0ZM55Hg43f2g5ju+tTnzOVsD","baseKeyType":1,"closed":1749350737058,"used":1749350736439,"created":1749350736439,"remoteIdentityKey":"BeXdTAptxsr1Yj3sjkwkmGEsakm+ttnYZYBvxb4ITssL"},"_chains":{"BbpUswpck4kES+e5yMrXykHSrOCZE9JEqrJXGnMWDE4g":{"chainKey":{"counter":0,"key":"SLGhW4WITGp69KXngtgF9iZBIjYVy84ltkmn6n/eUO4="},"chainType":1,"messageKeys":{}}},"pendingPreKey":{"signedKeyId":1,"baseKey":"BW2yU/I8VnuV61O46cty0ZM55Hg43f2g5ju+tTnzOVsD","preKeyId":207}},"BUIdLOxhYQaBFdeeDqV66OweWJA9656WgfDTGn7Au7w2":{"registrationId":242,"currentRatchet":{"ephemeralKeyPair":{"pubKey":"BZAIitr4oMmGGIyU5SWPqQey11vxtjQ8aMixGbIYjukC","privKey":"KKB4hbqQpUj/MayEa2K1wir4vbOGIoorSZFo82QIpVc="},"lastRemoteEphemeralKey":"BYE5Hhgz9XLi8XesqdTqIxpsrQujoV0mIKwuWaL3rqsz","previousCounter":0,"rootKey":"vUc6UnsiB+/sxhtXLrVLCnREx18l5HoYfHmP/ymUyoE="},"indexInfo":{"baseKey":"BUIdLOxhYQaBFdeeDqV66OweWJA9656WgfDTGn7Au7w2","baseKeyType":1,"closed":1749350737666,"used":1749350737055,"created":1749350737055,"remoteIdentityKey":"BeXdTAptxsr1Yj3sjkwkmGEsakm+ttnYZYBvxb4ITssL"},"_chains":{"BZAIitr4oMmGGIyU5SWPqQey11vxtjQ8aMixGbIYjukC":{"chainKey":{"counter":0,"key":"kLjK2Nzw/jsxMoxhq38BSAtkJRu765TO7GbC81Gfigw="},"chainType":1,"messageKeys":{}}},"pendingPreKey":{"signedKeyId":1,"baseKey":"BUIdLOxhYQaBFdeeDqV66OweWJA9656WgfDTGn7Au7w2","preKeyId":202}},"BW9u1xnbuS7WwdO4u/NDhTv0L9lMsaU13AAqzYhAMiRz":{"registrationId":242,"currentRatchet":{"ephemeralKeyPair":{"pubKey":"Bc2u327CKZqmgrf6l/7cHIm7+nv0Jkr0ZU3xOnPMvIRq","privKey":"GLfMJBYWVxiGGAzHcmtWBvIkj4GV1Nqt1T/4Nr2qnXw="},"lastRemoteEphemeralKey":"BYE5Hhgz9XLi8XesqdTqIxpsrQujoV0mIKwuWaL3rqsz","previousCounter":0,"rootKey":"fs/+OS/nQPCVYjPvUq8J2/wF7bwJCQoQX8DZu9yk9HQ="},"indexInfo":{"baseKey":"BW9u1xnbuS7WwdO4u/NDhTv0L9lMsaU13AAqzYhAMiRz","baseKeyType":1,"closed":1749366365492,"used":1749350737660,"created":1749350737660,"remoteIdentityKey":"BeXdTAptxsr1Yj3sjkwkmGEsakm+ttnYZYBvxb4ITssL"},"_chains":{"Bc2u327CKZqmgrf6l/7cHIm7+nv0Jkr0ZU3xOnPMvIRq":{"chainKey":{"counter":32,"key":"3EO8XAGi/sfadVFJxv4ZCav8wkQBBYXhy1+T9+kMNFI="},"chainType":1,"messageKeys":{}}},"pendingPreKey":{"signedKeyId":1,"baseKey":"BW9u1xnbuS7WwdO4u/NDhTv0L9lMsaU13AAqzYhAMiRz","preKeyId":182}},"BbY0dvdJH2fNam/3TEibVec8CvIZz5Z3nFWYuV2TN0Mf":{"registrationId":242,"currentRatchet":{"ephemeralKeyPair":{"pubKey":"BQLWDplZgpk2wukNadsDnDkXLhdFPM/CuSdaqRPT6PFi","privKey":"0LSwLR3D3y1BEsSromKa/PjUGb8CSIsOMWCdDO0YOnc="},"lastRemoteEphemeralKey":"Ba0FebsQsbTN8Kg1tpEwWlcLcJCdw5P4/5CaDZHq2stt","previousCounter":1,"rootKey":"Wf8g+IQtm3/JWPYirsoTG+6TQUlWhiSCisaj9xA2x/s="},"indexInfo":{"baseKey":"BbY0dvdJH2fNam/3TEibVec8CvIZz5Z3nFWYuV2TN0Mf","baseKeyType":1,"closed":1749367100264,"used":1749367085257,"created":1749366365489,"remoteIdentityKey":"BeXdTAptxsr1Yj3sjkwkmGEsakm+ttnYZYBvxb4ITssL"},"_chains":{"Ba0FebsQsbTN8Kg1tpEwWlcLcJCdw5P4/5CaDZHq2stt":{"chainKey":{"counter":0,"key":"sy8t+Qzabckcg8uAyiG8Mb+ic/0iMu6utoEKZnzDMfc="},"chainType":2,"messageKeys":{}},"BQLWDplZgpk2wukNadsDnDkXLhdFPM/CuSdaqRPT6PFi":{"chainKey":{"counter":2,"key":"n8WSVjEI8MT9qcl7OTa5LmArtQWtt0GI6ZDM/XcdIzA="},"chainType":1,"messageKeys":{}}}},"BSAvceCo86U9bf3ZdbeHMsOdHQmX9AU5y/8qUfkwpg8m":{"registrationId":242,"currentRatchet":{"ephemeralKeyPair":{"pubKey":"BfW0d7OrSav3nZmw/IXzlZPW/TPQWJDutQ0vkcWFzQwE","privKey":"gJNL9xbW+HkFhMbhyTd6CjbMf3xG+pHUr4pw2egPSWc="},"lastRemoteEphemeralKey":"BYE5Hhgz9XLi8XesqdTqIxpsrQujoV0mIKwuWaL3rqsz","previousCounter":0,"rootKey":"fRP+vDmx+nzJu5b77IMNlrDOBF8xumwg+RThHv/SdHY="},"indexInfo":{"baseKey":"BSAvceCo86U9bf3ZdbeHMsOdHQmX9AU5y/8qUfkwpg8m","baseKeyType":1,"closed":-1,"used":1749367100263,"created":1749367100263,"remoteIdentityKey":"BeXdTAptxsr1Yj3sjkwkmGEsakm+ttnYZYBvxb4ITssL"},"_chains":{"BfW0d7OrSav3nZmw/IXzlZPW/TPQWJDutQ0vkcWFzQwE":{"chainKey":{"counter":24,"key":"HufvE7PEPloZePiNKKuIr2JR2gaeip+T7pJmGDlWj40="},"chainType":1,"messageKeys":{}}},"pendingPreKey":{"signedKeyId":1,"baseKey":"BSAvceCo86U9bf3ZdbeHMsOdHQmX9AU5y/8qUfkwpg8m","preKeyId":345}}},"version":"v1"}