{"_sessions":{"BTSh7f2QRw9caNkzkcwmxXtcdJ7K0skPmGmfPLZmUpp/":{"registrationId":21,"currentRatchet":{"ephemeralKeyPair":{"pubKey":"BdwQJojSFR6pxR96ul6tegJmjg+YhQ9EGbQ5VS6XMCpi","privKey":"CPIwjMvXOVBgS6xaSxYg6WNX46GsZjycXFSSskHxg0A="},"lastRemoteEphemeralKey":"BZpNDrvAPXgGkv06jacMyh9D5Bi6loPnhlhV0DtzIsBp","previousCounter":0,"rootKey":"WRNDMrEJQ6PqIhpzjV7mrofKi4ROsx6iqiJ3+UfhmXI="},"indexInfo":{"baseKey":"BTSh7f2QRw9caNkzkcwmxXtcdJ7K0skPmGmfPLZmUpp/","baseKeyType":1,"closed":-1,"used":1749296186562,"created":1749296186562,"remoteIdentityKey":"BcGxkmChQYshwZmW+etrfAg8lqlnd3hx3Ct1xifg7KYl"},"_chains":{"BdwQJojSFR6pxR96ul6tegJmjg+YhQ9EGbQ5VS6XMCpi":{"chainKey":{"counter":7,"key":"oB64S1uhmIiuFkWGTraooCSRGX7940bNSPti54GPays="},"chainType":1,"messageKeys":{}}},"pendingPreKey":{"signedKeyId":1,"baseKey":"BTSh7f2QRw9caNkzkcwmxXtcdJ7K0skPmGmfPLZmUpp/"}}},"version":"v1"}